hgnc	THP1_macrophages_0000min	THP1_macrophages_0030min	THP1_macrophages_0060min	THP1_macrophages_0090min	THP1_macrophages_0120min	THP1_macrophages_0240min	THP1_macrophages_0360min	THP1_macrophages_1440min
TNMD	-4.551196259797653	-4.55119625979765	-4.55119625979765	-4.293278020006689	-4.55119625979765	-4.034296399799748	-2.16991425308663	-1.050399235973005
SCYL3	3.836834577898691	3.7497881355175964	3.914635048324473	4.139900512705335	4.506004353181989	5.68453392942075	5.360551094714431	5.2060498091794205
C1orf112	4.811412664625379	4.765831631255683	4.785802817361143	4.76109369091858	4.640941005347281	4.686038523056615	4.78236809887343	3.1595599369262928
FGR	3.2859706667351425	3.46766554016502	3.5725481730473865	3.83189551697231	4.423600503290908	5.389767617666505	5.719573620265885	5.087521714372026
CFH	-1.0894044614507832	-0.0888428889863701	1.5315239965741796	2.880988276694982	3.946683199784273	6.705203329440667	7.462908584385513	8.8356053571506
GCLC	6.921531455798812	6.95268288274179	6.688691869196524	6.246025096548108	5.413085861455535	4.92926170525924	6.640734029175473	7.942737679502743
STPG1	2.2885493160957164	2.3751492419559392	2.5751562329426436	2.6188760667985624	2.9228683180403072	3.8439245448985124	3.1970065054962102	1.973963722135799
LAS1L	5.8398714597054155	5.884232262246544	5.9439321168203545	6.057933388497856	6.061769535119703	5.670369200120719	5.501053002952958	4.313505139784648
ENPP4	4.303369021864558	4.2454456748737766	4.350442805616523	4.437640487094113	4.5890990034769334	5.542437308276689	5.935560763188187	5.9054004791702175
SEMA3F	2.0203880625160355	2.262232394708594	2.0804213368818876	1.7499274419228785	1.5920320091288596	1.0128699150729799	0.6395540515421207	0.5907646108528879
ANKIB1	5.522226991727326	5.506159126851005	5.534236589885076	5.570782908343041	5.427633421681538	6.2773086637979985	6.934437290118952	6.870151840885297
LAP3	6.867077286808194	7.037910076379579	7.662013922232765	8.200054983372791	8.677502265407956	9.839125732535726	10.219869808872094	10.20912836612513
HS3ST1	0.5364378838424555	0.6392248021401933	0.5817976591260232	0.0061281358433604854	0.01911087426736255	0.30713983432963754	0.5777894201941928	1.8788873972429085
AOC1	5.3372162160820045	5.623046575085452	5.4889193740152855	5.505282934177136	5.634887167646816	5.632606694073585	5.705799852928987	7.392827899554147
SNX11	5.375212167761953	5.267860680963095	5.28002129775844	5.58805345043496	6.0536825849465625	5.856037468516342	6.074555371004265	6.9211339421532685
TMEM176A	0.3060595636049761	0.6562707758693508	0.8075400834666886	0.778598302346175	1.1761787297599238	2.220481507933684	2.9252662000839837	5.437300180357715
KLHL13	-0.16039370455999624	0.2520788060809143	0.3649864489936629	0.5943460134853761	0.2919101846878853	-1.5636706692591913	-1.6657692624464349	-2.473765599845759
DBNDD1	1.059607204595943	1.1103911050693644	1.0741180767121419	0.9999438361793074	0.9845274000530648	0.6904854763204555	0.32609089377346834	-0.15091140375508125
CASP10	4.272619837141953	4.394236088439406	4.6841950176588565	5.140693244718211	5.554864839406388	6.959606470904554	6.7777885418381505	6.40468538278923
CFLAR	7.198679987398847	7.271603027403617	7.551656758186919	8.07090251087293	8.724554513625618	9.32288171604121	9.227252579750001	9.566853429805166
SLC7A2	2.6450850666622965	2.71779940358313	3.091063123744439	4.081301061392375	4.879141696544649	5.350681072558913	4.2992533005806735	3.068503668893291
PLXND1	7.643388273594482	7.78873224743379	7.744020741443857	7.61577835618731	7.685202714115846	7.492952846093755	7.133038533734027	8.763227648803067
CD38	5.600274831537738	5.780363201472752	5.998596595601404	6.155938654164215	6.447947118274293	7.68955115848717	8.178159176656076	8.778346422831522
CAMKK1	1.9337430287865875	1.7700443997948423	1.6321302352280145	1.1918760844678784	0.5306812641789275	-0.6669170387148686	-0.2385384424817755	0.6322364813091887
ARHGAP33	4.012753388107395	4.106531717929414	4.1490387042843135	3.928149150056514	3.9903045342051655	3.5674550868952877	3.2581071294704715	0.569641041930328
PDK4	3.2933800024749473	3.197965414228089	2.3902466196892336	1.2707421302470365	-0.33463810959958196	0.8944035042408636	1.5703618687943734	0.9726028674265854
ZMYND10	1.3907616518728234	1.1828405590542217	0.9460722007840625	0.7676652252055929	0.8828935527775559	0.45153118841662854	0.2846246495836019	-0.054000266822671686
ST7	4.202754850826681	4.25156051547248	4.3720462903112125	4.373178187626564	4.4476264082717165	4.198435068935192	4.17007441559945	2.8671798614411435
CCDC109B	3.1218914074094375	2.9479730435832705	2.9664427221851737	2.8069842779983776	2.9896003267312086	4.253776035962437	4.795024577003762	3.7468585413807713
THSD7A	7.161979948723932	7.082568556818943	7.192826170197812	7.274449419144439	7.3794465536992355	6.644108677450838	6.900645645070032	5.242108698547974
ACSM3	0.186005407923387	0.46939573345277497	0.2520315722331219	0.7139379270626107	1.0182918757102564	1.3009535144504807	0.8003162179431252	0.13023858446726966
AC004381.6	4.135923817350369	4.204956616386648	4.297503240784643	4.47459015303377	4.574429479037335	4.486080380081958	4.352234512223295	2.353023496961626
FAM214B	4.547889312857153	4.6655928201344095	4.6199384001125345	4.239433798504977	3.6287702356833376	4.066555112464936	4.60495831362784	6.534757560062022
MSL3	4.819635090073108	4.743112594407359	4.662209835386762	4.638656171536825	4.526127800942322	5.046910247478349	5.474938585070378	5.895572280186315
MPO	0.8052751731056634	1.2808028883143083	1.2692995844189836	1.2317596056180171	1.2518688459248262	1.0183760250839846	0.3900428026629547	-1.9506429092086548
GCFC2	4.799114384978955	4.778244727830366	4.840054687487373	4.891955111234745	4.871097400388583	4.6284955363209654	4.330410460774677	3.876462482430946
WDR54	2.7931415726567144	2.8247102772455475	2.9513333156529087	2.8529308625203074	2.970073767411481	2.7184000888414834	2.2549351596180265	-0.3284322345983762
PDK2	4.061830955822467	4.152170464745888	3.9616441619516953	3.8349715033069938	3.584792555190523	2.277327376951246	2.4838746041964885	2.9752660907903192
OSBPL7	3.7322070886197594	3.7964503751034027	3.614277949048087	3.3868270292410254	2.801605063125171	2.705089121008985	2.8704396950507496	3.1803452548060793
KRT33A	-1.5010892030664573	-1.1083869221065008	-1.0735193538706982	-1.631858051876533	-1.9029845996385113	-1.9957645899285272	-3.4544773353305356	-4.551196259797647
CCL18	-4.026994895130544	-3.9967349598948045	-2.848122937326476	-2.4052291335682483	-2.035484355903598	-1.847668253083615	-1.962976255582683	-2.0911252154546256
CCL3	0.7394465130226601	6.5156319279812775	8.231395890206311	8.9904618454629	9.402546243212377	8.670772716338753	8.508898390646632	8.437394525210848
SYNRG	5.731428454683775	5.658835135351552	5.546882626638457	5.396166633725953	5.1122171805209256	5.561427379863432	6.045089985033234	6.932675690245103
CACNG3	-3.212138429096618	-3.63928453773675	-3.8131699644537393	-3.662638282565177	-3.468747624195073	-1.6832521217383198	-1.6931236336945648	-1.5997002845029318
TMEM132A	1.1034439763569197	1.0073771061101888	1.4146362420785377	1.4843605632288215	2.254298354359711	2.8377664633651003	2.512518481729656	2.024244811916965
TNFRSF12A	0.403920913902932	0.40992836638245733	1.0128355127685271	2.121652133179518	2.8223003672157594	2.0957347639195185	1.324461653731648	1.7652633484711995
MAP3K9	1.1511157457983525	1.1989610276477385	1.177836319555556	1.1892684206692503	1.00111237818992	1.7553945165113176	2.1918426153589197	2.198877926748464
RALA	4.848390149880835	4.862167836529761	5.126002103740829	5.643685243592801	5.9943007304250795	6.431679156575353	6.17182862168864	5.764814829681706
BAIAP2L1	1.7717240780591477	1.7607867441626754	1.658931924413832	1.830962160126215	1.9484986655390761	3.1131665710154373	2.671426486544343	2.4808165028735925
JHDM1D	2.6456416037524675	2.5547321821130886	2.72896725648184	2.9264384030861814	3.492703936194118	4.534537714898365	4.660535746503699	5.469413788854565
ETV1	1.2563386503739538	1.1251664818258877	1.2578225252558761	1.1659357349259407	0.9698411630465806	-0.21975450618579953	-0.3891004381428598	-1.5852622007888804
ALDH3B1	5.729193691439149	5.8381396828057195	5.8503507712408815	5.7910476711727386	5.731451440630536	5.1153375985860166	4.6986003020950236	5.881546032246581
GGCT	5.416164599473478	5.295236546929254	5.217876358277705	5.283887350117025	5.168535812852612	4.790101991600294	4.632862584006702	4.1448019218882735
DBF4	5.381596330122248	5.302359286103268	5.296316996157465	5.188062820274407	4.742856707072116	4.905196098629119	5.286482717905097	4.273744504184681
SCIN	3.199335446918548	3.1489355833445707	3.1947291220095373	3.1868490814815984	3.252317897928204	3.73220241798915	4.5566475277878915	3.816138379586934
MYH13	-4.551196259797653	-3.3116567989314314	-2.377759317730888	-2.928970488517248	-2.2645755010846282	-1.1729133783791785	-1.651676548717354	-2.421279371827878
GAS7	6.728569374627444	6.767256398159104	6.743982742212582	6.979350137921716	7.232876162119675	7.701307610494661	7.962687082183079	8.898235941856344
MATK	3.04843785525133	3.140579536673186	3.0079392179532647	2.9450291869066536	2.9082523850328883	2.1654144762266623	1.5337591989052202	1.6331401635880425
CD79B	-0.7627339429316096	-0.8565799130976708	-0.4785181512261053	-0.9738919867503188	-1.11221761741045	-2.614697517981387	-1.7805810324673153	-0.18034225207980523
SCN4A	-1.001669659615119	-0.7573614062393114	-1.1256404484484517	-1.1281281820813618	-1.1455878506364026	-1.8010637914513237	-2.947254279468037	-3.6892696906749034
PAX6	1.45234210548214	1.3955642191207707	1.2460476454926155	1.3188790883916925	1.4400245951443322	0.9070298373272635	0.7016548688680269	-1.16755547441675
RPUSD1	5.024192933136634	5.085374711079913	5.088808452144383	4.743283379002591	4.4324414467056865	3.897851138568808	4.103505768733826	4.225499347896159
PIGQ	4.934163361382334	5.055648074508815	5.073901555432572	4.915491320762483	4.932850049536363	4.709686191794021	4.533770354602117	3.6574232727999565
TEAD3	0.5963897981437014	0.49580196159754325	0.8798651303856713	0.7384684993953724	0.4978336840984351	-0.24907505617449227	-0.7080838665504978	-0.18449237554635695
SELE	-4.551196259797653	-3.684327306382888	-0.08026703213953212	0.6961974128950144	0.7508534695747635	-2.205238996483901	-4.0341754542800725	-4.551196259797647
MYLIP	3.370262116412489	3.490232206375109	3.035511965114759	2.4669799333614915	2.3461906858352686	2.4689976964186435	2.1559110598947138	1.4552727686372537
E2F2	5.251195696110482	5.418350646295851	5.319885133431977	5.015968055714701	4.502544567360209	4.489428125399023	4.4214280899403935	3.6843574079252033
JARID2	5.609748263997169	5.738632478088709	5.8336641897679185	5.766029345491236	5.443127994498382	4.375037940652352	4.622714168843809	5.671765742626681
CAMK1G	-4.308332239710236	-2.9520194517557883	0.4556310850374323	1.771136913097138	2.183760731352109	2.2927011170175415	1.4455786704649531	-0.4605962073104889
NADK	6.175938132271945	6.266703557407856	6.220993123291821	6.144212196254735	5.881811787031179	5.9489483611776155	7.002290616831249	8.31730003706388
CYTH3	4.699285540379841	4.515030522341191	4.424389220076986	4.352536099237495	4.292145875742605	3.3055417985828606	3.255832582925769	4.429740620172446
ADAM22	2.8384972970464126	2.710531421640621	2.825140613076165	2.8641695641075335	2.842629766815649	2.4046961034416343	2.1969874825535722	1.4071684627886927
SPAG9	7.176806157744189	7.1366933777191335	7.1887084146282705	7.401809642218932	7.802825838499674	8.576098015960458	8.447458217661264	8.203551673367304
AASS	-1.6769741134446483	-1.0034043410847842	-1.1072104456109102	-0.873340560078095	-0.9287443789012406	-0.07821688781302627	-0.09184501500992728	-0.26196184894444685
ST3GAL1	6.474563964394909	6.602762281584982	6.7206830289550865	6.743567765940373	6.587681243463518	5.885879394673646	6.192244046050547	7.524776313689207
MMP25	2.397729965396932	3.0459206701156374	3.7588148678039777	4.21981720773258	4.773130057586083	4.948621767588333	4.622768445815592	5.574583260373707
IL32	0.7526570535908417	1.0842295488124036	2.9793493761028698	4.628209175220277	5.795503571677607	7.057294798387915	7.388371271929632	8.730700150244598
MAPK8IP2	0.6494014624768968	0.772381373666897	0.7627619706344375	0.6140282135186225	0.6533352704521088	0.9401863612182682	1.4355187110710173	1.6347474766578332
RHOBTB2	5.997034788552261	5.970208355693939	5.771882979858205	5.518889688277966	5.061988708090817	3.7073296898162456	4.230884353368053	5.032078678580721
TRAF3IP3	4.806415726598359	4.650783132053211	4.597980860232822	4.60490297940162	4.249279850299217	3.2200991060103603	3.37791795708998	3.501972337503659
MLXIPL	2.8004995281253056	2.916820461903349	2.7120905163752376	2.5533493534547755	2.4766472447121135	1.706297892174103	1.2168631386727207	2.789366561850615
ETV7	-0.4496546998585207	0.601219724512031	2.2403709414217428	3.7522363204127336	5.125337133605694	7.071520583909077	7.283247203004644	6.876206271011182
CD9	2.509028807773422	2.4717798053665594	2.4201931362993987	2.3275381189811064	2.2955872090374267	2.314629214876465	2.1001869838513083	1.2233727014152236
NCAPD2	7.199937601457696	7.282229690491071	7.263824358433251	7.269122388326428	7.156549590110233	6.473880011619215	6.356975606616062	5.008994837676411
IFFO1	4.394323279445351	4.248004587786189	3.986018708402133	3.7281330510835557	3.345514536787304	3.821327982099942	4.127296689790851	4.93856567450447
PHF7	3.1785446321574398	3.1469661471507493	3.209695288642568	3.14827031137721	2.7728430428438227	1.8825338328545569	1.2826905217286395	0.7534875607085284
SEMA3G	2.7405286804590965	2.536269039689111	2.2455675170484133	2.0228052029063415	1.7842626331293	0.3688120345049817	0.1240668201318336	2.615252864701425
NISCH	6.588350386496328	6.642048955817449	6.474910720604901	6.228022244750811	6.046043702633208	5.445177588313638	5.520217523342855	7.300106874433161
STAB1	3.958222674122612	3.8606249166872866	3.80198502742311	3.510230289672916	3.5665560370555536	3.3606914412166393	3.173367139860721	4.690400342866169
ZNF200	4.55999686796846	4.465895437139174	4.833890087062048	4.942888902508395	5.189011236985905	6.211542755895582	5.552002198537138	5.191703515541897
BTK	6.356855480279288	6.340636359847984	6.348819926612291	6.408003880422566	6.287769883095235	6.614954109580729	7.249707429946051	7.915139611308554
SCMH1	7.054897081707399	7.1334595892860015	7.109785353903201	7.201593367785125	7.236555796126815	6.876907071148782	6.5339019147169815	5.442085940019896
FYN	4.865657385674982	4.896987637251858	4.735254010077359	4.752304345222286	4.516817196586654	3.6473333688020992	3.2241741848017265	3.407581866136675
HIVEP2	2.5446405853494047	2.8190191255965447	2.9062546694396634	4.674067798345446	7.124199411027801	8.244755540139021	7.337974684364347	7.199094196703747
TCEB3	6.2347537539282	6.146279155235248	6.1358727731598	6.3531298215366965	6.455065762219732	6.657524203995011	6.962898634131854	7.2913988248006145
NME2	3.1210301859555853	3.2967304660580266	3.103938573428217	3.269248636709964	3.5582660347956816	3.434726650945318	3.165114492245256	1.986484582498333
APBA3	2.6646934546621535	2.9442475487722373	3.056582551204599	2.977802021557314	3.1681322844207007	3.4764026951240337	3.667818586584077	4.607052999413174
MKS1	2.5267506322189117	2.4675619746968964	2.5145251501150803	2.535848486878039	2.336362610184545	2.066808213974529	2.3401563143488744	0.9927464808000211
KAL1	6.4172511679174375	6.3438966872229505	6.42196931783154	6.403521841978078	6.564393757817622	7.241262594841756	7.313575416675352	7.806269118699925
MBTD1	5.241073094322992	5.212511648691491	5.367437356171137	5.371002028049457	5.238735020642204	4.223052866102845	3.7425353242808894	3.702693950504345
PLAUR	5.118488409150611	5.261270502653615	5.656479716742121	6.271873243710619	6.818219210282441	7.314844722058512	7.338398280676952	8.421756141422469
ANLN	7.6650313435805995	7.641134050428088	7.6638531756812895	7.612432826680356	7.172548687903479	6.914056770393161	7.312207317184944	4.916065697963932
PPP5C	5.653480638551305	5.742274948319712	5.817273631689084	5.906672125794728	5.818247052905901	5.297178210770889	5.169100705457735	4.559355007940649
ZBTB32	-0.544115093273064	-0.8972111976826266	-1.2788404738506403	-0.8143756436101215	-0.46008094613654654	0.9484389609144613	1.1321473509679776	-0.12905738147325957
TYROBP	7.243666743340546	7.421959156952688	7.3096433845371	7.306634131204598	7.362794922001436	7.4399287889560775	7.612034364718422	8.55338409683699
BRCA1	7.417766779541237	7.324514402744075	7.350215914581703	7.350617034325278	7.122264586176697	6.841445272429871	6.934211518599001	5.255119657627903
CD22	3.388701298758175	3.1777327963002358	3.076915606242598	2.9965693114994343	2.881548154854999	2.510118646914666	2.43208824796429	1.7932642423890444
UBR7	6.447124004588998	6.424601226275403	6.437931919532791	6.417470146565601	6.214898348085338	5.8705394850634125	5.9085131125441155	4.865088410092209
MVP	5.630682062359085	5.681672051798822	5.6532940227837525	5.749379530453462	5.914151597828004	7.048628217120875	7.740631887460936	8.596205451833345
NUB1	5.520505142983911	5.530706334276952	5.4305181838773064	5.715965908478485	6.25737812870689	7.962049059929562	8.550114564163689	8.237510322399148
DDX11	6.336229473708935	6.394744200626926	6.247620286678339	6.234693316149269	6.086846389710956	5.8024345402931985	5.75821011702285	4.222926197198298
MAMLD1	-0.7568300745606148	-0.9190578713817328	-1.0434044072813329	-1.0911505642096104	-0.3966892345175014	2.608211817908269	2.3072009070261448	1.3487511350447439
CD6	1.4049600385478147	1.1878464075730926	1.042935033322884	0.9226520417100417	0.7913104922072252	-0.21093668272847585	-0.30556692530688945	-0.6225314980656024
TACC3	7.51024444761825	7.583703349012528	7.561864166185077	7.500579167939451	7.177664445806377	6.316378526028736	6.855373336361539	5.387721739055447
MDH1	8.134901697503944	8.094575603547026	8.1622443706555	8.187463320818507	8.159068696001215	8.015420560167733	7.723442450410861	6.786612623312905
MTMR11	3.937818618948209	3.9674812799018557	3.9866327104855355	4.009817230486662	4.027003453921919	5.0443566584204795	5.695855161163635	4.135997378472173
CCDC88C	4.279149332380753	4.440215490140423	4.4001048673009535	4.265087848542915	4.054247901885804	2.888960480601021	3.262197115162223	4.6259636831392665
ZMYND11	5.964062444272083	5.972454524353551	6.027919382640693	6.1325378534022414	6.1815146456594885	5.752546547455531	4.91695732580126	4.070926275443524
WAS	6.026367457921712	6.200865318148267	6.060548376455152	6.184382392208713	6.21813270820025	6.0477264568062745	6.365338698331368	7.393920035581717
BID	5.637670414842324	5.631044340327552	5.661064275277278	5.845756646297389	6.134771610063552	6.590306441247071	6.719376423447836	7.456549629582279
NPC1L1	-1.2999846136104876	-1.2782295418760858	-1.2261221823220319	-1.5733601794613636	-1.5604443450228809	0.04972313073785836	0.14650778024747854	-1.4453188019381598
GLT8D1	4.886015309099825	4.8614836408793	4.753299097029053	4.637455295484193	4.322458712970102	3.703668425561463	3.800639129161711	3.8023502347116054
SLC38A5	4.7071369760675505	4.833220430122182	4.809942771811018	4.788704924259429	4.963348466995892	6.0392853966565685	6.589886340307673	6.575305495668038
RUFY3	3.0057261598737655	2.8077101845934855	2.7912902733115126	2.772664832223624	2.9158070462832058	3.2681348275699635	4.102640944530001	4.611949530662926
CNTN1	0.24328660886022246	0.2309372433662932	0.5166161404062459	0.4567442002711623	0.8445068164480309	0.6992011219649371	0.059046723905064546	-2.9362104037629915
SLC11A1	5.053940010430825	5.219144604503335	5.007398874064047	4.710059142780964	4.4406774870214	4.021707025402224	3.65562557124034	5.987243888730417
WWTR1	1.6429268925290192	1.6119554251741601	1.694038418540091	1.6296426173092293	1.2452536809840868	0.9390527296743645	0.682780941222153	0.39090432666255603
TTC27	4.566209115589773	4.531573693618871	4.6034656785252315	4.800313919552378	4.7377738321343745	4.431633789416922	4.114992312454428	3.4543643819094654
VSIG2	3.601547204934503	3.3035705625856444	2.8339347519513987	2.5624646192460823	2.624466788091108	1.5631269941565082	0.5776638005171663	-2.0761252857740904
PHLDB1	4.26218098100186	4.370417501980121	4.407175749198359	4.5092048737964205	5.028295328336116	5.855531653591738	5.034877905184953	4.508951238568125
MARCO	-0.5963645630153129	-0.7215582921572772	-0.3889119777403365	-0.04629238950259141	-0.03732718936013056	-0.3578712421702187	-0.4758539404650401	-3.8534001726549687
CD74	6.401708982869888	6.595311481720716	6.497478551699879	6.611573394411752	6.756362987105858	7.748120343257254	8.978510060102773	10.855507950027231
HGF	1.7465044532834562	1.7886428859440597	1.7201840150478755	1.7601272631264642	1.459412662687959	2.7782154143390834	4.147218844724314	5.642184318441904
GPR124	7.563757274528227	7.771729781993907	7.872070422628843	7.8182043092161635	7.863676218857867	7.355798525848666	7.016462283973926	3.91098840137556
SAMD4A	1.6389587364252987	1.982426829327741	2.1057114431572357	2.4613027527620863	3.5305833339378148	5.437188620461516	5.538338621520662	6.46735883515073
RUNX3	6.341801293012823	6.501281362770802	6.435852950711923	6.523790797921657	7.162028931519884	9.16094096412152	9.147422496385122	8.686445224253585
MRE11A	5.313804603149965	5.2217682098711915	5.24431980859948	5.22697749154511	5.141147028331462	4.738841861687593	4.550407062104293	3.6441499845929575
SERPINB1	5.034409324320894	5.1340776409880515	5.371220257305353	5.560341672110111	5.84802315453396	6.970008849410771	7.1447560941269135	6.928787634149118
OSBPL5	5.974968505380605	6.1977865782958546	6.27933131222739	6.162433312952792	5.995475367297026	5.200645306312074	4.71929359118225	4.167386158974316
FHL1	4.137995164859826	4.216332905359711	4.033531347935954	3.9575128772335866	3.7571015955577414	3.45541952760362	3.131840717601646	1.8289156790799006
GRAMD1B	5.305551621829492	5.372678209649807	5.43371112647671	5.303549193205821	4.789588957761998	6.12942726264332	6.887306788081812	6.248855000770498
ERP44	7.1502345182239635	7.172434977872566	7.165032173426498	7.321720763239462	7.384884523913987	7.559854856896318	7.7211980233329385	8.168728729750994
ALAS1	6.4659795955528105	6.711571728613728	7.497887121892733	8.1651448514252	8.492160942675124	8.666843168599673	9.322410936356256	10.455371165979905
BIRC3	0.284411654468405	1.4096679045565295	4.497772191393764	5.908835549157101	6.632771461002003	7.462025597336186	7.555558273878599	7.816890624646206
DEF6	6.10444319865689	6.1390802965376245	6.199764593730581	6.141697340299593	5.931878351100223	4.5743371151264345	4.391536973578814	5.4965239265371295
PLEKHO1	6.501536488099537	6.486677839601722	6.1363138264336845	5.940581180006394	5.701560581335662	7.71369049226656	8.508469311271416	8.822645208116597
GCLM	5.8204497693025905	5.787102479681082	6.0907023668939235	6.341962608092029	6.830656843587974	8.317806128149098	8.302153202500067	6.8877285825750825
DEPDC1	6.1646612962299185	6.09723617672942	6.246232106705657	6.26250016701024	5.938059496967339	5.566312348983596	5.811662784511488	3.115147161325051
RRAGD	6.420570257810025	6.354701936908328	6.332615886366948	6.266078822705461	6.177392980175767	5.625621532516369	5.218584374971605	6.663101269575179
NR1H3	3.2589311021497336	3.3838851430858865	3.180555728433921	3.048516623468215	2.8006141261321837	3.5446744637269085	4.638142407223502	7.754842864277754
TYMP	5.657391082408128	6.0264504844277065	6.474796642921353	6.746328147507612	7.386015958773777	8.507150964629401	8.891231456577065	9.669049746056096
NCAPH2	5.656823084960662	5.749600856327739	5.799334617156493	5.847907366375418	5.908113230986816	5.870626746149048	5.74730570792745	4.11391393085616
VIM	8.652944478524216	8.80865922641486	9.29784857072753	9.695494418183983	10.053669028722432	10.306752741730783	10.257946636661874	8.950558655260817
RTEL1-TNFRSF6B	0.9996235254125018	1.0715325320790061	1.3880475522882358	1.7039872040369102	1.8129257820125195	2.0978241964002518	2.2606893452261407	1.5773305161110631
FAS	1.0712893738360436	1.2637174539058438	1.8505802311826027	2.7757016461643884	3.533295564031176	5.799455504118631	5.985620944416832	5.469958272523434
CD44	7.0428863507694555	7.073190812330234	7.2684764354739375	7.84391205011488	8.80599356135664	10.068974502163616	10.236309011534107	9.218060893589932
AGPAT4	3.1725413865948258	3.0628269197435456	3.1047009022568357	3.5636594665917096	3.9216286996656704	3.4797426588536933	3.4109562375222957	4.699813651082108
SLAMF7	1.4578724633784357	1.5626107315202238	2.386393095797286	4.533007953755078	6.681887415646344	9.846396258396442	10.190327270804005	9.765404876635962
BTN3A1	3.0945425574238463	3.0149352947087156	3.0099597601405828	2.8008611973032753	2.666480102734507	3.983389286747114	4.724103754283114	5.0000177962425605
MIPEP	2.706755974896881	2.7199747689417633	2.622374754624646	2.831480604953952	2.726582856939734	2.3774360064977316	2.1181845198519524	1.3302677628153976
INSRR	-1.9194387648195148	-1.6789002145805867	-1.7842213634329198	-0.9067384699563683	-0.4971240767775603	0.40753531038665747	-0.07177454651695425	1.4291542016001864
IFNGR1	7.968569880066849	7.863135460142196	7.570152808862937	7.23726896286413	6.671073761614972	6.191481941178537	6.643618863425308	7.4823601223964396
SH2D2A	0.17571787277158013	1.011944119350797	0.9326086645454785	1.419358540223029	2.1324256407623086	2.8975840371600627	2.6068741359004592	3.502884195837461
VRK2	5.46354382253103	5.386141116619234	5.449655196666371	5.637152197814402	5.71155848601901	7.53853247643179	8.440556485154666	7.412399775937856
TNFRSF1B	6.634573526519041	6.711666645748883	6.602703868791281	6.407360619404751	6.278278568012981	6.742785139906214	6.906127395013888	8.400961332765071
POU2F2	4.110874158983547	4.04081091819438	4.069903790352398	4.437496648372746	5.174260309296943	7.291312050747804	7.099308212052234	7.236494197988403
ARNTL2	5.210751660299334	5.14139551943715	5.336865987418662	5.8295805697410765	6.266494261171104	7.245846518547511	7.469282324243697	7.1081795738625235
ANK1	2.669603429966291	2.4142827993954077	2.16611397536978	1.901752630619417	1.753417409164471	0.8685918383829636	0.14667505209630685	-1.8636637854993023
BAK1	5.586116214362435	5.669471890879188	5.515098925905716	5.372699566272839	5.4046453357748865	6.2708092906444595	6.472367162561575	7.705204486765496
IKZF2	-0.04714404874843566	0.2861011382357704	0.3383338966804009	0.8037823210130339	1.2214099207997178	3.1166689292923095	3.295381261078587	2.096769826900882
ARHGAP31	5.062419616911497	5.083377977074114	4.963891455118237	5.423465392950303	6.529662700764655	8.262083630799701	8.23841760700348	7.784011793158329
CENPQ	4.754972037615975	4.754522689675939	4.829180311011369	4.761189456772437	4.372373975220114	4.402949396722597	4.554474789941539	3.018483396616918
ARID4A	5.567172902150875	5.581303464855006	5.570158088046738	5.264248115509313	4.179987444882025	4.249419839513207	4.926441474359002	6.8784896095974
UBA6	6.649635553018598	6.539595976778384	6.634520356349523	6.6810563994823156	6.722546239882304	7.385980009496185	7.849907751374789	8.314869985762453
GAB2	5.939353897694032	6.099458715836764	5.990191677969259	5.939738704612703	5.396212161187195	4.377517648241437	4.553905365885949	6.921049903806422
ATP6V0A1	5.91636730063181	5.842274871249927	5.713053034190269	5.604306908194268	5.3341276499667885	4.479897466414453	4.668349734027445	6.367384759991656
MAP2K3	3.977931832836436	4.138243813575876	4.73360037798615	5.427954553712628	5.9641053957672785	6.182777839861626	5.594246609083862	5.767152501648896
TMSB10	8.027325026767034	8.064222103539908	7.967379549618513	8.271560071879449	8.352383411133244	8.780891634679058	9.204782262312136	10.242494700253049
RNF19A	6.625920145371682	6.595793723009501	6.507201113720265	6.279754180592003	6.6968439017631045	8.473383815671017	8.176508386460384	7.654780804549246
PEX3	3.250495614947565	3.3103215438232256	3.257668711287927	3.2798562787918364	3.1221051774545803	3.9965370750095026	4.72367193862431	3.740942809328778
VCL	7.435250978961779	7.389551540368129	7.3849778235974055	7.373482459429743	7.236397964572298	6.6781779292494114	6.370167760500747	5.6610799615937815
DEPDC1B	5.283891865026376	5.201800227679866	5.341464121671744	5.319446656883423	5.141189772522193	4.490586336638794	5.0369776151036225	2.8495068488120863
DAPK2	2.109160809093576	2.1167263245680177	2.2597175215396	2.1148936249006693	2.135548191339714	3.182076937684342	3.40657961071157	4.101895770551192
ADSS	6.7021149974129886	6.616943189668694	6.670250798981826	6.65324518062322	6.464404100833869	5.586876095019986	5.750094841540269	5.565081815498653
STAP1	0.26632778274660784	0.09786653889472723	0.5708917905943411	1.2243264740207676	1.5136707141645966	4.575255863966472	5.43600608992444	5.189989846379315
SLC18A1	-3.027277478429717	-2.868100679204426	-2.710071864340677	-2.0032723046946916	-1.9751008721354628	-0.8623500396634987	0.43795144450920254	1.2544568393498605
USP2	5.339168602247487	5.285733831913932	4.955216172618397	4.187417888587652	3.2304636561782294	1.4211302568366349	1.7617849369860086	2.719738512585347
MRI1	4.2460175252604175	4.236947388661739	4.192833220143713	4.099639192682357	3.9624041981757028	3.462755275959247	3.2571817491370556	3.6039890136181594
PI4K2B	6.239156550034091	6.217180477542559	6.458068397597307	6.726347717296669	7.147971457859117	7.862582165613176	7.876754042369203	6.133983952605262
TRIO	3.915740199826957	4.009484784746462	3.8825675666365758	3.6685871068423794	3.4913498444412863	2.476722335983486	2.84271725220207	4.000699798207923
VCAN	7.9543123361451	7.904947520348252	7.783382079466264	7.590899014210439	7.635945151807767	7.3282016018334755	7.023063002716841	4.303947748590758
ZFYVE16	5.354813225298927	5.254914238141936	5.2574387281656945	5.265182818528036	5.173596705982517	5.5632439325156895	6.062045532971501	7.194720966261254
FAM65A	5.3956760169186895	5.4490287566239815	5.379436569166485	5.2834473047442945	5.051122059170435	4.076466263968469	4.156742270719822	5.458377583213217
SPDL1	5.955739656156916	5.7990497053766745	5.8112518905342805	5.811346975113242	5.479991680394614	5.340314470914633	5.6165188703640405	3.6431925106521885
PQLC2	4.726751665938686	4.805687398341574	4.607231253232151	4.196485067571164	3.7781742506904656	3.399538496468832	3.66154179887338	4.49621651769157
CTNS	3.0324582353076357	3.069643919751984	3.0021235128184784	2.8225420112934554	3.0447773235309246	3.755657794200276	4.251513719911593	5.206735391691893
PHF23	3.8203228603046675	3.647851888653152	3.2368399885538803	2.7282392396359993	2.521569468165153	3.042017393671428	3.2013011489885344	5.005185596357009
RAB27B	0.9148350927884654	0.7221968142290152	0.6258904121859683	0.7474974901075657	1.066160431108261	1.818657532267447	2.502946058216396	-0.9006372380745061
PSMA4	6.896100004919121	6.832984203391938	6.899845907930025	7.05372408384829	7.225379614229875	8.07547470189102	8.504376006758758	8.512706276902005
TNC	-1.6769741134446483	-1.1446854749949322	-1.3685816708019316	-0.45004146470719886	1.2591560981123242	3.7861635718375743	3.8286975026620027	0.8383771436628176
FAM65C	-0.3819664347963137	-0.28291167604249584	1.636935311818582	2.189896802511728	2.6086034308180035	1.1151934107072143	0.7871474639063218	0.5205355458868174
TDP1	5.4376568097726246	5.452399868391344	5.497717978288245	5.428139288944134	5.1975281334039245	4.527272866328833	4.703571630069224	3.7467467757385142
AIFM2	3.5961698506906634	3.666661030360497	3.5905793342282397	3.4687304867450663	3.520505363134598	4.396972627246539	4.9402433617658605	5.851160854964869
TG	2.1201252481356967	2.0365260819925464	2.129326190690768	2.3116908048228058	2.2253430744171663	2.2058756537262743	2.227024908415463	3.284888079220796
ADAM28	4.19658916187239	4.0491049479595755	4.013782252430148	4.046364261860022	3.9797435321218506	3.7243609727339098	3.559245234737972	5.200408446622953
PHF15	5.252929562735245	5.362033435015038	5.339122289392522	5.176314062676738	4.946538219108037	5.954867848118135	6.386483328171725	7.077212622753223
LCP2	6.127527690286296	6.386200976657273	7.040256093658996	7.825269048775957	8.242131347551464	8.486142699602858	8.01369147585276	8.40506686739855
ADRB1	5.32802635752377	5.8925597582311875	6.36136332724495	6.225785420135495	5.615334283230621	5.343033696897299	5.463786123854399	5.177424097229011
DSG2	3.2759677904886777	3.3793579026340232	3.3786704100175875	3.559904845918844	3.6240360479260625	3.541479829662742	3.4776502832948424	2.165696134030383
YTHDC2	5.332329456844072	5.263556318731072	5.318323705607661	5.470976023349516	5.600292715678588	6.257114349004528	6.409707699210848	5.988965999890431
CTPS2	4.240135781922463	4.1596144063167495	4.206044998577893	4.167865769525539	3.978606677629874	3.428808870758605	3.2322910352119796	3.3848983380827056
ATP6V1H	5.7570512491674695	5.696726922287899	5.683898468119999	5.483596612271359	5.248977353531298	5.154585591224832	6.139068996282981	7.408464284870582
FAM214A	3.669290696821701	3.749569555688261	3.8578119189512763	3.7303945803525465	2.9785126208459123	2.494737755099948	2.7174040526962244	3.386262245215002
ARAP2	0.6431739952498998	0.9106465154781216	0.9040150771839157	2.1101396020886827	3.5843102361074726	5.725188767479745	4.807435186941497	3.6324382694421407
ARHGAP6	1.5425005724607204	1.3485759020485628	1.2438031003748165	0.8156832848040353	0.7297395591873235	0.27934387586508436	0.8083718780619559	0.36736200206720654
ROS1	0.8468678095820799	1.3061544444861588	1.4721321169578054	1.7162173238735439	2.023219309400248	2.3546678841766964	1.8780948308380854	-2.1843777466815752
NOP16	4.798406096988824	4.764629434032411	4.847522267696974	4.888113444331788	4.664017920035275	3.291507868594439	3.7091707694384195	3.955092745097534
RRM2B	6.096984476906583	6.108709324053603	6.262096083876577	6.3267040643765675	6.39966069357224	7.2948180679218	7.450013446677004	6.16082084667087
KITLG	2.2479081434871366	2.2435389312343377	2.3918285695266697	2.6120249184891224	2.8530476088505576	4.823028037134629	5.168853834280048	3.5598911762460217
PER3	2.895775955866381	2.8971404806968275	2.7705715822656964	2.7892768427836923	2.7033993997841104	1.7169297415799558	1.1119816662195694	1.9385554433849275
TNFRSF9	1.128325198732993	1.0115956902976364	1.787893088706968	3.363034913578801	4.457950209882165	5.947462744390405	6.283244956891284	7.220739385257419
RFC2	5.316243011913807	5.309109702208616	5.412918255117006	5.517788166015949	5.566396320356439	5.361861466428008	5.2306285801372	3.9022138469337797
JKAMP	5.175262259115121	5.166154600982987	5.199947456854154	5.081454161107844	4.850401778350494	5.1591609924429545	5.752049092723851	6.2583075429807415
NFE2L3	3.3133550163695995	3.580684807665314	3.9912504155244415	4.612786370550971	5.540383151424976	6.878538574077121	7.030088979949944	6.172492993234616
SLC4A8	2.379893367652752	2.050875864845338	2.10430303921032	2.0154986893950113	1.7621635960692672	2.027174427448359	2.610638470801305	4.4248346941440175
TNIP3	-0.6041328806196942	0.23788333201807	2.106546555588399	3.809653514296964	4.882341354024028	5.217449897730278	4.1176310091148824	2.3615823798436506
BCAR1	2.82611890270402	2.890349154764519	3.088223469553049	3.384210225141211	4.14084023061915	4.422942158968955	4.289123450438678	3.9590596452453357
HERPUD1	6.186709564742117	6.290198448188107	6.298363557980341	6.173307215519872	5.942744009848652	6.683807655835896	7.449101806446476	7.361341965769366
HOMER3	6.29609164933813	6.351049153768965	6.378356553211638	6.3523780914625	6.36509919169669	5.576521117452515	4.880735394717982	4.429036934833887
RAD51	4.925104140409182	4.891432709039428	4.84136179493615	4.827360905416119	4.597459984304937	4.2594017748362685	4.404121927583413	3.009625961104807
POLQ	6.692480452996389	6.569767229849695	6.611147712228194	6.569185720528316	6.397714380023131	6.183443173102585	6.353572866400963	4.640862518804564
CYBA	8.347560140111906	8.470434235578603	8.497271363430215	8.484570148289194	8.619219984177388	8.709626906067186	8.797015814108493	9.427770008808338
THOC3	5.875609859824705	5.8506043091090145	5.898971434623097	5.913856171374675	5.8455013665963484	5.427763705657277	5.3105448026708775	4.230570849170601
MPHOSPH9	6.245027851049977	6.180828724548988	6.217564154758357	6.192591378669865	6.116561076051704	5.73643953006775	5.875171959597545	4.916135165400425
FNIP2	5.2014326576481835	5.052807936336141	4.9966098538585975	5.257021442081955	5.855742222089832	5.460177659162467	5.770663248133939	6.943690426840506
MSMO1	5.04784267367738	4.992232303290172	5.050598496532652	5.033061185418466	4.8617213757181785	3.9923351183375826	3.7321960912805388	6.578101976060141
ALX4	2.871200641791763	3.042460092967481	3.2109329740769366	2.9341335952369882	2.464477843543256	2.6042028996191897	2.415029031454698	0.3018886278748289
AKR7A2	5.562933018328625	5.791645389466061	5.817176692563017	5.779749438263474	5.840517811282266	5.784638603554336	5.500191761457488	3.634219929889409
MRTO4	5.79525036734109	5.800605708031334	5.925135190393	6.0043079009842995	6.004812774452791	5.25864956714663	4.881839472566691	4.655780760361524
MCF2L2	-0.023330246295595103	0.47070620734768315	0.8113107985395445	1.2660410959993977	1.7100483547790515	1.3415207187935008	0.58585886606567	-0.02655650421509688
LAMA3	2.1001976559328255	2.258457919203697	2.5315824612002693	2.935037292043818	3.4342966442251184	3.446497980573292	3.21142319741515	2.3614906377189717
KCNQ1	4.8315961348858485	4.980867661822723	4.907650315957241	4.743058390505766	4.7620045335389065	4.294029920342817	3.6863523449059774	2.1444639262832763
ENTPD2	-2.817789633676575	-3.405403400254219	-2.502085823514973	-1.9658650851311754	-1.5652374788958605	-0.8067498186043822	-0.28433238641069253	-0.7168882227191874
ARID4B	6.739525408246285	6.665926826455595	6.699936969801184	6.7489970859213155	6.87103386705782	7.665130251464894	7.765314067483812	8.314948849792113
OPN3	3.746957139562242	3.879975866687122	3.7712443893164602	3.6827434107110815	3.748069181424927	2.7642689486697156	2.170180876344527	3.0976772173601965
KIF1B	5.414338724738705	5.357234269902364	5.486076515434686	5.8528460439099526	6.505250405710391	6.7628714338487805	6.5109171434028195	7.190456841282505
FOXC1	0.13018650539671406	0.027017026594109497	0.4749924852606912	0.9936303064030882	1.2874451737124226	1.5026643882320547	1.1517629424531353	1.4600799631395467
SYNE2	-0.41671603009775593	-0.5319400527407486	-0.3969866710994679	-0.23142133874771	-0.5560161104288417	0.03407604353022702	1.063329107722196	1.3977094841963176
PLEKHH1	2.329198841300681	2.61223828206367	2.441070153247286	2.418545953766193	2.391241353384003	3.518492906743915	4.738247749241047	5.595369118460966
ATP9A	3.9372995630454986	4.002967548107655	3.796366944661473	3.845765704031625	4.226602667468473	5.05126710678299	4.813625772197705	3.6835473718709775
RELT	4.996579180280225	5.126536430022772	5.297460949995989	5.332002184188413	5.333018417689454	5.3741983782074865	5.572012625057356	6.1154198643827655
KCNH2	-0.32719190033379136	0.04216611184039977	0.05608292310647346	0.2932923901079769	0.6182053108358515	1.0501144702787002	0.5523515789216642	1.8787224460288074
CUL1	7.0045286532007145	7.022157180932513	7.132707570359344	7.4291051158768004	7.697560236475246	7.8243255490625145	7.925966720084214	8.230045781830471
EIF2AK2	7.521370903533827	7.5436274666835805	7.3975448183378125	7.4244626066430115	7.579662765259183	9.020915014820062	9.501212553933492	9.334002566969753
CCDC85A	-0.560342101317922	-0.49080120916742753	-0.2667145795466874	-0.21799074450509928	0.5369696318996793	2.5607749585207156	1.0912916608547776	1.218379915115879
ITIH4	0.7719970654979258	0.6215451305976272	0.7795340061478138	1.0986848556980453	1.3048680909674903	2.230255694911409	2.9469272317279973	2.6518487190619755
C4orf27	3.7555452483261043	3.7218239146148733	3.7774619042217674	3.7855356490249816	3.5711260595601253	3.1145113061844016	3.249162093707363	2.6646762242393804
ZFR	8.129197094394332	8.14497521977724	8.276191096459854	8.378353822684824	8.407567567742017	8.034060879160474	7.726318519545442	7.330002337228854
NPFFR2	-2.8029290170721577	-2.1911124435260136	-2.0570377395203394	-2.1096869658867217	-2.349936473679505	-1.935809230670055	-1.061246420236956	-0.36838189130101356
TRAF1	1.5978358544451154	1.9614378078630188	4.956672613116853	7.070579865149128	8.501076670527155	9.054573887473394	8.586439235478503	8.082320296189053
TRAF3IP2	4.698639598267669	4.801705245134333	4.657676631445955	4.5203758748446665	5.025453691100148	6.430981926550765	6.321520417499789	5.785055947101573
GYG2	3.9723190719553183	4.072485345663464	3.9810692350515344	4.070462778459039	3.9670800674407234	2.5150008659935734	2.0532388996166695	2.441029400173213
DCBLD2	4.846184396834879	4.860070636157817	4.892907842947749	4.79698611791457	4.733872711523164	4.522110396790005	4.414252534422756	3.3206712039015276
SOAT1	6.620319682957399	6.560359851780906	6.5939788609168035	6.561031220754591	6.478584238478065	6.6450050435194346	7.003233469598818	7.542689447282096
PRDM1	5.519406281755566	6.773541289359255	7.474521642092164	6.884661160481793	7.146834736065964	8.790604050867211	8.626598093670683	8.195309778872996
TMCC3	-1.7686296819450031	-1.4381337441876485	-1.8233043774626467	-1.574864657018387	-1.5031584886397398	-0.4802595620610133	1.2444626007075952	3.8350581597639284
PITHD1	5.2371855126758415	5.168307552840881	5.101255907277581	5.037078903611518	4.85843334506426	4.698389408670959	4.813371815188118	4.141455337740697
USP13	5.750712394756567	5.763906700887461	5.825067975637323	5.852265648894827	5.931010201584586	5.302747120212956	4.794862549212409	4.312836479611482
PPP1R12A	6.675448999178239	6.6352374184006395	6.6982180791844	6.755317160378228	6.7247333801308855	7.430122199716061	7.75367528273473	8.37043847781395
RASGRF1	2.281184674297174	2.410254811054295	2.0497430757665134	1.9616283413761701	1.6279070358819754	1.834854802968573	3.0599827861817515	5.353591693716363
ATP2B4	7.690400082999816	7.801762207902815	7.741543862460845	7.758956972600473	7.701063119581511	6.987220163473225	6.179505552955553	4.320865191187957
YIPF1	4.548842072998873	4.488396805100447	4.500902973448952	4.658751749053472	4.711192612439238	4.982910785682374	4.998521932177363	5.602573686274887
NDC1	7.629604189130996	7.631524327948552	7.666072673325652	7.6572187907687095	7.61954461429487	6.990426046938247	6.65560567114237	5.402508315723103
DGKG	3.432143491274413	3.5131163667025804	3.7090734929969393	3.618550410798981	3.2657401597337685	2.663330017855792	2.987931597706306	4.079767158740314
FLYWCH1	4.793174616123792	4.84948871850262	4.82201855953329	4.583881690308994	4.342798059437962	3.5580327986196334	3.7017650418147836	4.991805565726398
PARP12	4.697380871220691	4.7896254432848275	4.7543406315053	4.7986802984553965	5.19230542126531	7.259319544244206	7.767794628437967	7.631457829953122
ALDH18A1	5.702687877439972	5.666567320175076	5.7281697479355635	5.809772675779946	5.8192132305368345	5.454481099562463	5.012169298284974	4.610832651390369
TARBP1	5.738937979584671	5.817274326563156	5.905505841786686	5.91339532803668	5.7936766840185525	5.184183225328406	4.793277806535654	4.277410107154244
MXD1	4.751922531670301	5.076455198019715	6.180790415966942	7.308681496758831	7.691648498277765	7.7850899896664885	7.43582947429592	9.045800407924933
CDK17	4.67137377569296	4.6446316483969685	4.787287525177921	4.675455767965126	4.472015937387586	6.16928425684898	6.147385936807339	5.736710275489112
SLC2A3	2.6433825524336347	2.8796984226628592	3.9185665116055475	4.3017470418116375	4.530882347998581	4.957843491998764	3.8206664722979466	3.8085525111513263
PSD	-1.635378836082716	0.7265346055485666	2.065625795717653	2.0087358517721836	2.328131716514924	1.0608072496761987	1.0121693955709146	0.8699663518598311
OGFR	6.302545182198033	6.322437854207543	6.201903879280846	5.99065874735258	5.784486821650077	7.250034518319076	7.764499629903499	7.938306385475276
GNA15	5.46988072830251	5.565939544942211	5.531947425399316	5.524711504094075	5.5085994673969765	5.7796790508378	6.012960267928715	7.172182564745862
PTPRU	2.004785636026654	2.269351242361144	2.101266105002123	2.0911638665829035	2.2335274182365445	2.6226131287390597	2.8652743428014382	4.0479736462999965
BCAT1	7.479240245265917	7.417285187483485	7.445363613725375	7.427232976889539	7.538376184024104	7.661183976455294	7.47674073961651	5.851899438892602
LZTS1	2.8757790287856153	2.912832224995408	3.573615838960783	4.221347282614806	5.000662819613668	5.775237075281476	4.827685614536815	3.672261330426176
GUCY1B3	0.558062788588735	0.25529425975737263	0.4194633343652536	0.33831507073213907	0.5362399060047315	0.9154992301406653	1.367167720341353	2.774926288754063
TNK2	4.839808955723152	4.9296394059723045	4.761157246165279	4.528181157601805	4.57722074484713	5.307473975279249	6.162987430197672	7.545149349836787
GPBP1	6.487674962054202	6.3767939530385815	6.487944024946548	6.50862845827138	6.538455617254814	7.4436842133283685	7.509765014097883	7.65497375296631
LTK	0.7336197291678082	1.08871457063551	0.880553555369901	0.8297679196813571	0.8824123170890232	0.44535930755933906	-0.21241708958515532	-1.9506429092086544
ELMO2	5.339781578679877	5.308962122569195	5.207804440950792	5.203452291544937	5.104116054348361	5.806020130915031	6.390939860495857	7.186120611835619
VMP1	5.815074135463221	6.714409478006832	6.6040309814891565	6.621244215791991	6.745560700242718	6.833837666637511	6.622438029302385	7.027739245228361
POLD1	6.709837346507794	6.85767384508023	6.958939309036072	6.884321456375533	6.977677921083963	6.647748437580692	6.376733787246167	5.657058160082146
SEZ6	1.3334367187422231	1.0142721986036558	0.9391105965052015	0.8418135469868397	0.6178930756064808	0.5683795903392191	0.6706656805065773	1.9105010496038757
EIF4B	9.118813379833984	9.039500815193762	9.000508386340954	9.077584173705295	8.97169572856693	8.30609824473908	7.668200330739064	7.672088819514535
CA11	1.2914335618953694	1.5046587190433374	1.487210300060187	1.5124712324156653	1.62759229909801	2.761722710038044	3.1676960952883526	3.592186199267598
AHRR	6.737912025324831	6.883058226713315	6.831272193290664	6.605424355984308	6.449136394243224	6.646461266964178	7.075333332745739	8.041626867975184
GPC1	3.29640133130746	3.5622038741488637	3.644818517628365	3.6164892509253868	3.6576369080069	3.4559750061976686	3.4006213756288552	2.039573539401074
CASP8	4.836199374426172	4.834256761061388	4.740197403528519	4.777860174306378	4.825697250881538	5.819962040139153	5.98866070977593	6.057486954446684
TM7SF3	6.708955290986555	6.784317838390045	6.819859686251632	6.792867517566238	6.822080616764656	6.601384330529028	6.15755539308504	5.1796028652525825
DLX3	2.1469193834134956	1.977617480712525	1.512747437689893	0.9739768103897568	-0.06787458196309609	-1.0952802098302965	-1.029928052180478	-1.1744343361121765
SPA17	3.9980897524445123	3.958475233238586	3.8400361805127794	3.9725556058824587	3.9307110571719446	3.727899489335628	3.4625884330172907	2.072807144559949
TSPAN32	3.086634988815632	3.238620757693014	3.1204210898460514	2.855243140401888	2.8646091219530705	2.3941963679253075	2.188225177904582	1.5242631298186433
DMRT3	-0.2595209023462041	0.2786512417687287	-0.2719001637141354	-0.990389825933748	-1.7455729556237927	-1.3375339767456187	-1.8165038278477623	-2.257365849506086
CDON	3.4839858581717826	3.4448997137500292	3.528273258211753	3.4990375595720575	3.3777607390313222	2.7415437093543007	2.555212479773482	2.2966325259361504
SNX24	3.8267436132983192	3.7708331745231414	3.6480665786077258	3.5754145681020226	3.3010756227781446	2.7881489039672744	2.3900691922015636	2.1499400509455793
FAR2	5.84075148623136	5.803700359572309	5.838622581467325	5.915483156994747	5.851050266867016	5.3632485227175	4.540069493085774	3.9386121264852907
CHI3L2	0.6494014624768968	0.34463983226687545	0.3142801009156524	0.31655919735959437	0.6446437922844197	1.7017621551784707	1.8892216384841878	1.6862432132542289
SBNO2	6.257787063835332	6.635493633913138	7.244877855944498	7.630079196941814	8.122400719338223	8.611715572165673	8.088394118528521	8.710601392144277
CALCRL	-1.810515021415275	-1.6353875959092066	-2.0617013123650763	-1.7351317374215554	-1.2877305938589356	0.7742715549127461	2.3146310882358585	0.5976391818849955
SLC9A3R2	2.4129216441581027	2.308828845118133	2.401103122444522	2.2906320463087373	2.196550994458871	0.764100226916504	0.44584199251512924	0.5287728578885252
NTHL1	2.9688965625370747	2.8870870808919347	3.0436266375217755	2.901041136804265	2.8315627476837717	1.7911775590089851	1.3730948776584744	0.8198163202624564
UHRF1BP1	6.931315307080044	6.9797126339418085	6.939876808085156	6.9684205078909525	7.153492677741864	8.100231277756276	8.346820441096028	8.590014183097033
IPO5	7.334558812455489	7.288329638725684	7.3517898919724605	7.419521947657824	7.474213790934899	7.316230391921359	6.8778142091711025	5.737192452672611
WDR3	6.474194420444368	6.353544710171432	6.348936884750379	6.355880759656493	6.1735780911654725	5.085796394826129	5.152435040881603	5.508983708848862
TRAM2	6.074285589895785	6.0845083319841855	6.031997742038804	5.905816072902119	5.639085055792695	4.623520741626907	4.526675298527481	4.558021527549463
NTN1	-0.5219964913296922	0.1843131895054006	0.08724744229204318	0.15867348981090904	0.7315598090708583	3.54119625384034	4.174077310804467	2.803561398122877
MCM10	5.954762584923498	5.884650906977049	5.999859099289296	6.067471318319226	5.878382635791481	5.358811637959164	5.123138802638443	3.6598913915612776
DGKA	3.1081801595678256	3.0297519085801987	2.991379437619214	2.9871062147129868	2.8273609054824167	2.0632552553061534	1.9455221978507713	3.3757346096670986
ANKRD44	4.727340529774608	4.626740059549478	4.628020906988766	4.54536928200093	4.482679401573763	4.935299775964124	6.081844109054202	6.584070830663677
KARS	7.099612810632748	7.079388409765226	7.118332652737075	7.333157084265919	7.550354202621292	8.338581406153182	8.641466858174105	8.574539011524447
MYLK	3.6100957725547063	3.4558657764220593	3.1593109580007788	2.939468995510091	2.8923614597321254	2.3946493441369183	2.0842728642848414	2.516425612464662
SLK	6.451945731233741	6.389202797901248	6.581985985393024	6.838090901450955	7.071098582849617	7.855395531687602	7.669021964080703	7.064334743148184
CYB5R4	6.130548479488316	6.090962656957151	6.127030974231906	6.159530953291412	6.2442636074209	6.381219920245693	6.480579958810511	6.912488900343491
FAM107B	7.4171615900575	7.412499843886489	7.612275735555137	7.972418238149501	8.281749952938652	8.483843709400258	8.104647962905538	7.583592146098242
ME1	4.68703806601002	4.685045124861688	4.624893231817325	4.646803950906543	4.7839681360371245	6.003602253113955	6.3986065453503285	7.675465226166442
MTHFD2	7.62720801383509	7.618340258270337	7.911202643801575	8.241596753818055	8.561377475575032	9.09393816522882	9.290665739984371	9.027677223228924
PDE4A	4.202900027329063	4.246125480260774	4.247112669032261	3.995849892455614	4.014932700005829	4.02852052110647	4.252639785351981	5.503654585717962
ASPM	8.295416823659584	8.22784606206243	8.285398553400235	8.21589431489343	7.816047610491747	7.439782935735137	8.014732174021718	5.3320967256911755
CD84	6.073857249088414	6.086151299429011	5.824544155465944	5.728509332330642	5.300332091411194	4.574650459225177	4.919694307403672	5.77436389938087
ELOVL1	6.9607521824600695	6.974627741844814	6.795881819829983	6.7015760162559275	6.506100495810059	6.096819997784316	6.408754307279033	7.945722499320896
SPI1	7.438864991714402	7.596340690277868	7.609338028763377	7.704758477644932	8.04714738560682	8.677591633491268	8.980170685751839	9.340176138720235
ISOC1	3.9293149668259524	3.9269141482717913	3.944106890456397	4.060654270143811	4.3354712328038865	5.222019285102972	5.520398162609549	5.0537408423933545
SP100	6.220108881586629	6.1290505433415206	6.11645808911862	6.253237983345185	6.276426766327955	7.350611783316716	7.922672618928349	8.277401520713283
KLF6	5.38042750061331	6.917615736771882	7.639596209273416	7.5412508566989835	7.2663308975362	7.0251629692761695	7.472701852182765	8.595256139166096
PHKA1	2.7307762704059253	2.669486666475374	2.769582102924952	2.760693197111949	2.6926100309172534	1.8235850666958058	1.3870737492854937	0.907212706395268
TNFRSF1A	6.032355718780954	6.187647386816465	6.260732427224851	6.201089732954398	6.236650014699051	6.969650868771177	6.866730394815946	7.0795555606516665
CACNB1	1.3920143115989865	1.3452733062816704	1.0163076567213731	0.7023989971856367	0.6019885876665996	-0.6128392141021658	-1.3616999786142934	-1.003662757649448
STOML1	1.1526582252394957	1.380487050503465	1.3711515665430687	1.4521040582111855	1.7030687302823875	3.077230623412038	3.3364878004897607	2.6059323969586328
PKM	9.721076400833423	9.759099165610305	9.725126820060515	9.872712595100786	10.042075777420147	10.130750176848334	10.200893447290284	10.777752203741983
PRKCZ	2.912384644221806	3.0019218556410747	3.0402252540950867	2.903477062746656	2.538839867388556	1.5021233152222786	1.6919163289996981	2.5022533023552604
ZFY	4.840110316303477	4.827076173198588	5.1622607495034565	5.905784383607946	6.299850928817667	5.330870054543672	5.140366828748016	5.039547404943813
NAV3	5.672869992733691	5.732161168367631	5.889675996306558	6.395505956732512	7.552001658136515	7.171104207145261	6.8999355147868116	8.06097905291297
ROGDI	5.33619342648333	5.438379455271674	5.421113132653587	5.390703827357965	5.434473206131836	4.778912652215947	4.582224424473798	4.119570134781875
ATP2B3	1.1193273091141684	1.3549602475396592	1.3886590871961066	1.2813639329717785	1.3678805869821775	0.4134889845534724	0.5098386969911951	-1.2165226031715077
PDK3	3.6364889925186157	3.6126455970676905	3.7906678533073985	3.6172245966676906	3.6750875530941105	3.295682682824923	2.7355136884923876	2.279004694237337
HYAL2	3.5672062966921487	3.4739583502119578	3.6756624228996304	3.352861806516465	3.2172759412180234	2.207704414677499	2.529300409666682	2.536592605543958
RASSF1	4.895756601638539	4.756815845661048	4.650662121676042	4.359289541015257	4.096866533805204	3.757040155266188	3.7924279104940855	3.711524681267829
FGFR3	0.8200785126078949	0.964562356666453	0.9460722007840625	1.072960315349143	1.0960630416038923	0.7735814300874477	-0.14729208638742847	-0.7107050883371316
IFI35	4.715015979917855	4.928954161423345	4.818535192233974	4.985613107756674	5.420285795425752	7.1813594346724425	7.893874672915662	8.694644395919166
PLEKHH3	3.1694950247107156	3.2788209493549023	3.3969280755198046	3.1429650658819046	3.2598658683887134	2.1359666628214966	1.9350491469515307	3.4030839320134048
TFE3	5.179454530448854	5.243334922772414	5.10534804198954	5.226355233325513	5.327845219640383	5.491445639329923	5.613070404882076	7.052322818492193
ACSL4	7.083332119390679	7.003121975660991	7.0673507307880135	7.064552504740835	7.090564907013823	7.208102635866576	7.426938323153759	8.599428258917843
INPP5A	4.560225198400007	4.5942219278058785	4.804899238039388	4.8010467750507715	4.710616293288721	3.9695940078580576	3.0750637045651783	2.3372505208836785
GRIPAP1	5.744123706556035	5.833519394981067	5.91816289177847	6.144368103791209	6.268296871311389	6.655722267976341	7.065985992123664	7.020577797437015
PRR11	6.971574260291742	6.9973763321784705	6.9856663089466995	7.049381406819881	6.956811151519063	6.735785530200156	6.80083290008204	5.475237613501182
LAPTM4A	5.611325863819506	5.532561586400651	5.399512952603535	5.265051431843991	5.2029468615703305	5.684726059403598	6.2240099202002614	6.981280428825027
TTC7A	7.735203950748129	7.906135895382485	7.939902936902129	7.849168412387189	7.587272036318835	6.225877038010172	6.110017995054916	7.048192265998427
RASGRP2	5.926827002289896	6.122215072222309	6.069152613624132	6.029167653222201	5.866246203461891	4.560365068411105	3.590316949771452	2.9588048200453683
PPP2R5B	2.3533562889799393	2.4903463596309257	2.4098182901387277	2.769704152104146	2.7827992470105167	2.9581646987551418	2.8072010046937113	4.655769972341408
PITX1	1.6315743631706683	1.9024580590303697	1.7738435896002325	1.6402400270786648	1.7170726028801786	2.0625249059862347	2.3897606967662304	2.721074447052807
MAST4	2.665881058448803	2.431536202209484	2.633038779673978	2.435438148774648	2.723963627996148	4.023801710992038	4.573837935725476	4.3409971228473525
SDK2	-3.3413776250592093	-3.0279034426944293	-2.7095488521319195	-2.0655786996684498	-2.207350191457045	-1.1657753834031563	-0.7657877655896977	-0.6925778966383846
NUP133	7.153576437727902	7.1584826674229385	7.206634326623979	7.18945249417926	7.049353789920518	6.673180232420398	6.7252685246793735	6.198925975031321
NUCKS1	10.469814208766133	10.448816905356752	10.495954067393116	10.57999618757647	10.593370269726535	10.563815115252819	10.416351141240785	8.447604001603466
BCL3	1.2880527376812523	3.278843369382562	5.595340375889835	6.466280836508245	6.993100702476939	7.417196124819209	7.054361290392896	7.06038959842053
KCNAB2	8.744053320410854	8.852871257270063	8.888171824602287	8.858890989004117	8.820080857984678	8.014660611878599	7.506105753862549	8.092734635591533
CLEC2D	1.4618251054769875	1.4079094115864916	1.0515932961825867	1.4458014211273054	2.1382629753276925	2.6708045540643983	2.6808166469993977	2.847278527417155
TGFBR3	3.3705371520572336	3.485120335963673	4.053661272172667	4.292377860483348	4.572929861814236	4.120912225625549	3.105177953783386	1.7228745346151957
GNB5	4.7425875556765185	4.7018691790299645	4.8030777512479705	4.754937449751745	4.714045447964077	3.8939889869017845	3.3197809765373743	3.035281334441061
RAB27A	6.7004542556753215	6.721966387056003	6.766862100636992	6.837840887935008	6.781268393788593	6.328232891372043	5.854510418469443	5.3659544913192025
CECR5	4.736942805286671	4.789673687347843	4.808473238572171	4.689903849560813	4.638321017366415	3.626796724066288	3.304566839406012	3.762913784333297
IKBKAP	5.748923192690892	5.708989171593672	5.793674478601542	5.857489029245337	5.860914362195455	5.465206782633068	5.042042736992984	4.113335764188255
PTPN3	2.594990093015111	2.5479643564642567	2.57554889331234	2.6010208630922107	2.2689670602755716	2.318089198603028	2.2358362766289495	1.3174371663339706
SPTB	1.2959866218892728	1.4835859889409613	1.4747096558944202	1.3612381389203172	1.259905672531395	0.8185949180416985	1.207641958744472	0.21970610723481843
DAPP1	5.100925412129442	5.074634070435522	5.4757264123007445	6.037984170385219	6.554335868139475	7.776715487575515	7.82449695576929	7.533756375112318
FGF10	-3.6437446337605643	-2.715587998203656	-0.6705560754863055	0.9063890887064869	2.068981458101346	3.7979599013953043	2.8261910350080175	-0.3485149094869294
CLTCL1	6.028949366733855	6.011847334127378	6.094822554231654	6.014671597887196	5.860474258254823	4.64706536463802	3.943028613725189	3.397943696299923
MNT	3.9486617324894793	4.166377080428383	3.9265198864117883	3.474003833519882	2.697773673442568	2.012493123590965	2.3700727502431214	3.890339927749447
JMJD6	4.776794006147019	4.789650694987635	4.8729965862496645	5.099364909529083	5.029176525569616	4.638342760878491	4.931002756076628	5.928897938948993
NDST1	5.810211298704984	5.8911922323923065	5.758695608335749	5.530770267279159	5.469192841021089	5.166775436840799	5.55995727585959	7.291574062219971
AP3M2	4.155103308213392	3.759252275606591	3.3920746383472933	3.142854376834318	2.8473531041481133	2.6462393568692697	2.7618480791679243	2.362017781980441
ST6GALNAC2	1.3571575937234677	1.3468029871707046	1.3728014197831422	1.3266363623125177	1.5891542652328259	2.232030442974601	2.064976372052078	2.5484624122161605
TESK2	2.8726562083037828	2.8047411693165776	2.7168001143968645	3.0049959372062864	3.444391977503879	5.498495977455081	5.451361224151092	4.740218998209121
C16orf80	4.5198532265729785	4.578821956565156	4.678311499384394	4.683136996242277	4.422704907334119	3.936402104668928	3.940594428358087	3.283682679875737
SLC12A3	-1.640040272681527	-1.6788074589907915	-1.2983469744060705	-1.8933949199986526	-1.2941133933299924	0.011958044183322608	1.4920940899512047	0.32684422703034494
RAD18	5.125705393554361	5.0920447923643035	5.25152345116001	5.369033606196606	5.3099960162304205	5.046349203832278	4.864956462453342	3.797653600172847
ATP2B1	5.967117123914413	5.912005326459463	6.0347323084796365	7.026948729035242	8.34419862164679	8.430605828480955	7.096264436511113	6.284529575062836
ARHGAP10	4.187047715537224	4.151951522127704	4.064622947975211	4.06640267913116	3.95102269667738	4.739433313683415	5.220061360217992	5.8857687764848166
RPS6KA2	5.6725603330373175	5.748997994649841	5.573890839040799	5.560929382689685	5.514986872185185	5.876497494275808	6.140172924513434	8.105614008466466
VASH1	5.004073887621107	5.009396195677734	4.880598407965054	4.987816809302832	5.340998898963493	6.1829792971058595	6.075719882053562	6.360507821585481
TRIP13	5.630319142076697	5.56952927126781	5.654208938390815	5.719616687838482	5.681643529638879	5.042442240233742	4.83919884614861	3.578701993701401
ATP6AP1	7.043743385728387	7.130208972388982	7.113755754486413	7.210236539092842	7.301048207895546	7.231271484137347	7.276309011705187	8.621103230196942
HLTF	5.584948161188212	5.491713522685771	5.489036267644117	5.421428101206963	5.2759590937543175	4.250573001905351	4.1253095943112665	3.6881081470718415
CYBRD1	4.490101421762503	4.475372111682159	4.3722424045015735	4.294316587194292	4.24156497864403	3.417186305502325	2.829236991776334	2.284715036324065
SLC6A15	-4.551196259797653	-4.55119625979765	-4.071708826434121	-4.260144718255706	-3.1850650397549636	-1.330788238341277	-1.8162620434165149	-4.220092180465146
ZFYVE26	5.304161557574998	5.379449617584652	5.227840480782222	4.94892728667255	4.692633896832824	6.175900797659014	6.869324097160684	7.7078165325767785
PTPN18	5.877031954686519	5.9312394500399135	5.84492851451061	5.855035874967432	5.752724297988028	4.8741510288093846	4.531034555530832	3.995779940531655
LIMS2	0.22465804826005	0.3341311478210647	0.3100087894571343	0.3313202094507931	1.5147854812867902	2.4911471011698807	2.62231662642124	-0.06812419387813365
SREBF1	4.983537536435861	5.324245824333886	5.354986716922818	5.26354147648118	5.192963106050885	4.08169381210916	3.4683231319041417	3.8358225297739224
AFF4	6.931070138321498	6.951494338319096	7.0309804139575895	7.061478484917198	7.174932651144973	7.646338890597795	7.647560059230354	8.376091930792882
UBE2D1	3.2068011867833137	3.1999453510597657	3.2773250124716813	3.591606839516643	3.80187568510178	4.475743541994179	4.604280751348679	4.825581890689901
MPP5	4.9589586182231775	4.943435701732734	4.904619336068201	4.758771669628301	4.482846043155987	5.214593522885222	5.724253832776875	6.420563443600067
RHOBTB1	2.969154953142409	2.8928632412643562	2.946538507545995	2.9800667115960504	2.7629767531023397	1.9672895691356018	2.6147451697522284	1.6820185894906894
HMMR	7.112893846413386	7.048049232283224	7.111176908553698	7.200097704499939	7.0296884856236925	6.65418820275915	6.9864603508080005	4.647465515788127
TRHDE	6.153028004281583	6.150263361856636	6.278404436045161	6.309651585429103	6.410671868879847	6.206342232683963	5.616922900835936	4.519060589235039
STK10	7.306181519148693	7.332162658304216	7.321779938905209	7.247353958330179	7.102319100710234	6.934100868872598	7.2076405123986405	8.437828610735757
CRMP1	-0.5202842730182958	-0.6454838373454003	-0.2763639595212382	-0.25810740769105744	-0.6666961449091755	-1.3753227472745064	-2.0251598118669056	-2.8616546954713487
EVC	2.508635143679756	2.610774087466762	2.3855566769983083	2.3711357687223336	2.4012365898525716	1.6073555828296962	1.1472459530452719	0.7616423090395725
SIDT1	-0.7509980552334811	-0.10215214790241892	-0.3230738195191508	-0.3447566148060865	-0.39205698573801234	1.4261093923805321	2.499453601185742	1.9203565678744783
PVR	4.740913453992191	4.907365922804962	5.386881950478092	5.896485124638419	6.366244862471158	6.338718106568017	5.997570605237023	5.870686255715711
SCARB1	6.919652341484192	7.056108836839131	7.060308995795802	7.045160922105939	7.08466348984828	6.688409050241262	6.333102124659065	5.690611048886906
MCM2	7.580617660019435	7.7026290188857915	7.742848921885712	7.76489967061779	7.72381232559055	7.07617176410651	6.839292454483246	5.818419657313374
PANX2	1.5046022505179857	1.640451270423832	1.7624562141728866	1.5964266043728008	1.6432277149415428	2.512371986625026	2.787079357374953	4.5668678957688735
SELO	3.577817845277853	3.7253875017180436	3.7351940987624666	3.3910868153093645	3.516087064212629	3.9264548076744155	4.106049565318397	5.064270316674284
TP63	-1.0349888767619835	-0.45085563900224856	-0.7128194631294965	-0.6721181911905967	-0.3008066567862418	0.9353038115479355	0.07462002570972426	-0.8477073009490461
ALPK1	4.44700524141949	4.341716804082113	4.406075859370677	4.36289318007515	4.561602968293441	6.000470739899478	6.30264570698357	6.217722936626794
CLCN4	4.608509474504558	4.525608816808788	4.566477774935562	4.511794900932671	4.241257922060771	3.4579998448868077	4.278889388231848	4.036973465820068
NLE1	4.043798333072023	4.014410535064724	3.8172024410482566	3.7162198695368462	3.7868050463921827	2.824402954803013	2.8617292335014666	2.492053353896076
FERMT2	3.008035825344591	2.756299502799961	2.8892298401929484	3.1837572400605216	3.5262091259722124	4.754966690227431	4.9274036846729246	5.2105530859156595
ABCB11	-0.8116110255838276	-0.6922903543159296	-0.9413810696651466	-0.7606814644618076	-0.42374884891614634	-1.6142022463407184	-2.078618224858199	-2.689778113658157
DHRS9	6.465397878400786	6.493161340000322	6.552356059356342	6.375975869788645	5.864863504502782	3.9116224378631888	5.177534514503817	3.3447322324181847
CD5L	-1.904928897324743	-2.394673287898123	-1.82074146810909	-1.6640984628506268	-1.7202859762957212	-1.4327866636109332	0.1139412289767362	-0.6388001259379374
PTGS2	1.516821423541428	4.510776796126355	6.750431645313321	7.7264684196488185	8.704934774392555	7.025168709371322	5.465615155139361	4.63120566667994
MAP3K13	4.23791000828121	4.267749980327093	4.46079932307201	4.576242641169339	4.906116566711928	5.808475035489053	5.910438796687718	5.159742690993922
TBX21	-3.845626198744216	-2.824788563185553	1.129950208700355	2.942140148978403	4.180274630419007	5.004928380371529	3.552019546017579	3.5330767711935422
PICALM	7.239757401094585	7.219636888806303	7.2709680720385705	7.4137770690431966	7.431113095244464	7.5952219939807755	7.893961687520852	8.312316091715367
MRPS34	5.615912220268607	5.693419457736727	5.657817676722044	5.576899635871754	5.480261124037539	4.543123950711378	4.334854622829619	4.560519841953809
CDHR2	-0.2669298475918017	-0.8584424651360012	-1.0645048473520022	-1.2916214293759962	-1.1418996451754324	-2.1967765762092117	-2.7210999044657584	-1.9774994068415797
ATP2A3	5.1832376705077685	5.30315329628693	5.324601248494659	5.26577572963739	5.230786474840652	4.567448725873927	3.93028913503459	3.9782894292504167
CA12	-0.06479544422723835	-0.16323162213187203	-0.3014812623836741	-0.0662841454537266	0.11500771149148864	0.1771974715435643	0.7276404677341973	1.7912210335592762
MGLL	2.387115379784679	2.3455810000589974	2.1810266579742326	2.0621876615355696	2.02291951956843	3.7605167608991614	4.991202759000117	6.566370335820924
ZNF532	5.460651543354435	5.438192292869318	5.447543770157662	5.369223925222198	5.242365654305245	5.840508538557554	6.0459333652627425	6.416264144621704
SCARF1	0.8392567537592532	0.7546877806291541	1.5476858930865536	1.9028794679171925	2.420335875025355	3.5907133800148436	3.4793228057292565	4.817900436572135
PTPLAD1	5.580216396687126	5.509516201443226	5.415046719988102	5.270568168940149	5.122793394519244	4.4970069703945	4.4563639290149855	4.615615039194654
ANO8	2.684407136243296	2.800464175558114	2.8738865673218035	2.784209263579552	2.73613085514967	2.0965407361163138	1.4155271679829284	2.899099357362753
ARHGEF10L	4.748011147421448	4.917726338909379	4.926769626077533	4.797525619034175	4.698102990094436	5.2427896270852345	5.836087424353076	6.646987023972375
TXK	-0.16904513640954244	-0.2625184312663363	0.04747789066451072	0.3274490843918747	0.6809559886028	1.1188326572408753	0.8813679591786531	1.0199513973985068
TIPIN	4.493389636309034	4.572446717169241	4.6190992323737685	4.75340182196836	4.690883306008503	4.754912677161997	4.820519838056764	3.4862054323280782
SRI	4.960809812204092	4.97328554094975	5.117137703792623	5.3580731259760785	5.4944102825982535	5.789889536087327	5.900866963398906	5.478856973792926
NUP37	4.95995218599276	4.920039912390526	4.998853156698025	5.026514371905041	4.83145438068024	4.5151594749305595	4.738468051303012	3.786044180498508
SEMA3A	1.099244465289063	0.7222865778368667	1.1446004061672275	1.341427221405239	1.6045600914980847	4.506817356032773	4.511553615944509	3.9179391563077504
GTSE1	6.196383804367513	6.134999914454488	6.162175547911273	6.067233905782506	5.719049272162536	5.599619526253797	6.1125642806015605	3.7141553924060986
SEMA3C	-0.02363998562970339	-0.014500254203946017	0.3265137198775444	0.47309847372093816	1.3653814075227004	3.2761174468873184	3.420231534571296	2.4728719740527323
ACAT1	6.172797731592833	6.152917572988593	6.241686008272498	6.310424145217963	6.35333835549923	6.1837267632627455	6.141978377707526	5.118710156095364
GRAMD4	6.970159268825594	7.025614728597377	7.055654410007872	6.8923822706247755	6.560715887658745	4.698371072944699	4.462152298853279	5.205026336061602
CELSR1	5.9631671957303585	6.08889283148987	6.18648531045312	6.097665193653416	6.276599003899552	5.990062767251475	5.53950619743244	4.549005012625685
TIMM21	4.3367550453764725	4.2263187076346505	4.159363201695933	4.195041534263179	3.8903570517681896	3.4632712856942707	3.2165517554243785	2.7739471620037097
VPS9D1	3.4869530811519516	3.888029174805883	4.593192183169474	5.161610110579665	5.9038610091502415	6.862921313067988	6.661027651457301	6.38119560242929
FNDC3B	7.613518332166019	7.634310349597131	7.711459579420444	7.77634705580227	7.907993885019348	8.755188002443624	8.572872525740909	9.666309462965275
FOSL2	7.387852083435082	7.437317452494857	7.606258508952241	7.619513740263342	7.639045251735472	7.122666911034861	7.434711436461628	8.96112251911311
TMEM131	6.267031017036683	6.284250094165536	6.336923033453462	6.3790433945356755	6.46545847319331	6.980175899804053	7.624734618798772	7.656111506172457
PLD1	4.082819725082908	4.1536491101261674	3.9998659743182032	4.029486193701626	3.746833674342918	2.9442087210548364	2.7401696115703693	4.347476587294356
WDR62	5.30384477902897	5.452056503589985	5.441143042513786	5.462446979632964	5.398284089633854	4.731727725053352	4.582053659427795	3.100256533129472
MCM6	7.682170091313204	7.663955634300573	7.717026322852615	7.7904982765698865	7.705157809275606	7.038771596347191	6.602633464387982	5.451106305490731
RBM7	4.479310224721281	4.46292390660868	4.6480282667410115	4.840365881072708	5.092298104810288	6.184608700242107	5.953832777657608	5.529291341096016
RBMS2	3.2325048822739335	3.2348135490034107	3.1925937070240495	3.266547497032998	3.3790969547985146	4.244780191610056	4.917408372871928	4.870741402304811
BAZ2A	7.0369763163066965	7.07162808266664	7.035211199853764	7.006184678535935	7.051113002930564	7.561239360869223	7.928787696681709	8.293612614667843
UNG	5.74067311390221	5.764285196299193	5.74020524081173	5.693161249803829	5.486567571054027	4.181735411829335	3.716624282271842	3.055282821920668
SPAG5	6.877888421586504	6.953578341940089	6.992409296907785	7.0444019272862555	6.963846144131418	6.319129397837939	6.576613485088029	4.684840204500481
ANKRD13A	5.932206131541361	5.899964986361367	5.883488698344285	5.881526573620941	5.729599016193121	5.8524957692635855	6.327366961349616	6.944897782268048
ACACB	4.455098399621537	4.510146743616296	4.482206258895517	4.434712182714237	4.300852700843338	3.66720779298781	3.519682066962269	2.691856688741855
TRAF4	3.836677051483571	3.9748165543705998	4.128413057131846	4.20721537477827	4.481998312402536	4.22002642636561	3.4961276561923422	2.846323605415133
ICAM3	4.299254737431463	4.366492474924026	4.2863998686647555	4.205681933705264	4.171957741682958	4.080269301443524	3.924108977700796	3.242591865961449
NT5C2	6.179507300040423	6.202380327523229	6.20411480644638	6.238828277885743	6.248870216057063	6.5408448656891816	6.799888289462294	7.732943424914939
MBNL3	6.197107706777844	6.202559511398743	6.243891934192154	6.241786859109743	6.298723168238946	6.131258204284206	5.798623735894534	3.5405601409754595
CAMSAP3	1.981810030427519	2.0382467345812283	2.1014466712373014	1.7966359341532052	1.025898613793062	0.1817749923899576	0.5761177025162114	2.265211241066976
RAP1GAP	0.4751163402904428	0.8361957338431358	0.728662664682062	0.7519296066703927	0.7641458757093699	0.08236011526250009	-0.45703941629747036	-0.05713035038901004
DGKD	6.461739978230408	6.546968510188179	6.6403573900725945	6.5634431276481635	6.39728299013282	5.283067203578323	5.239606696403956	4.678755603392048
CTTNBP2	1.7623172420746136	1.6969662511350938	1.4424991607557272	0.7951445616329104	-0.18742234131250068	1.099600471868297	1.9130735033206872	1.8360666419426401
TOP2B	8.222480451345588	8.15876602503987	8.261979424138836	8.357686553930584	8.369807022851548	8.021977230118605	7.679330769102133	7.130229347754894
NFKB2	3.9523919149217517	4.800225398491412	6.186437391572123	7.170625255584724	8.10820459851231	8.88062444084159	8.389217023519741	8.033974189264695
UBE2T	4.79359680082352	4.898423614902352	5.009365814803849	5.101357703155874	4.975328329128317	4.315070169255376	4.4586793816718275	2.4411283121727267
IL4R	5.427877151369007	5.497300152696437	5.480941732559963	5.708502320499908	6.022821765793898	6.389624424161072	6.4223034498508556	6.871743587203772
CAPN6	-3.234262703788124	-2.6057292348786114	-2.364060007517087	-2.6490078403196082	-1.837427337788176	-0.505125915345826	0.05666242292858721	0.2246678139102496
EXOSC5	3.866252705384487	3.9340053774852963	3.9780062552236286	4.018663667574626	4.012494049663188	3.3862137430997588	2.8221438945019788	2.595293240451876
APBB1IP	6.923409218330539	6.861904134480039	6.896720304320656	6.7907916509053265	6.512999167361629	5.602334295003019	6.582315017502461	7.014080958251011
ACTN2	-3.3898105933620024	-3.63928453773675	-2.637370812342683	-1.3088094921748006	-0.5711073677129537	-0.10767723652090748	-0.7373944800161736	0.4440771864512252
CAPZB	8.149798930264051	8.15706119257191	8.131893055560676	8.252196943106995	8.305606810367653	8.446029314922061	8.531759477855537	9.138742148037206
GPR137B	4.250118723714295	4.295978608378174	4.282649646836941	4.345690649592755	4.645430346998681	5.15638053772472	5.04303504393938	5.9366385281796274
PHF17	5.783929022080948	5.819354596501607	5.704261207657475	5.342521562235305	4.740054147756748	4.796609147412376	4.913224250140683	3.694255779162489
UBE2A	6.107048506762194	6.0488178476766965	6.146285900392668	6.244055904724413	6.342465236257693	7.007237239601482	7.284328970433897	7.59264355081806
SMC1B	2.7875695491821575	2.8916794981181067	2.8012886475776932	2.9621510045908095	2.61622490806109	2.053842006824137	2.119822306529517	0.5041303177636547
CST7	-0.8698234289512263	-0.7410633841221934	-1.3244531509618234	-1.087955115225332	-0.797491321128128	-0.7623682331809953	-0.45961302387152414	0.691823549910537
AMPH	-2.308053994816599	-2.1274224553753225	-2.1593916377193807	-2.434821483697521	-2.7177222101182132	0.007186097518462914	0.7667058037324666	-0.7607502897874155
LAMP3	2.002903737099852	2.0676436379581844	2.5795456913192307	3.770645983555078	5.277641441124164	7.7903275011556605	8.516022859614278	8.835670382674618
FAP	-1.070018725535295	-1.6326984483366191	-1.2100119547992205	-0.6495365453558104	-0.5242119078060112	0.3270764932036159	-0.14997604054432262	1.1425671867988385
EDN1	-2.6996765562392273	-1.946688686239352	-1.963169972343764	-0.593174900914428	0.24958608836119872	1.5926383162750657	1.7880465428168404	1.2595108276514078
PCM1	9.941406510703981	9.81069495003117	9.801819497771637	9.800079203167043	9.624622643185788	8.414280785242045	8.060824882304308	8.64369565232569
TNRC6C	4.937793248813256	4.934913430993921	4.99403973760214	4.842409404284403	4.4923534088886985	3.8158058116951437	3.9175991109558534	4.284305596076149
TP53INP2	4.079366882534696	4.317968721090693	4.688234294105885	5.263620846051932	5.6435613328701955	5.765650559080395	5.37382396900876	6.102566877876389
MYH7B	1.5796743090741996	1.557502362608444	1.6011966977655796	1.5620883634489848	2.0235039088357576	2.828292152754024	2.6768879890554884	2.3527277995832785
TP73	4.9896809979262216	5.118996488804836	5.24258824351739	5.057850431419377	4.8699770415036525	4.32387570997067	4.290594428270584	1.7575272948860556
RUNX1T1	-1.227348313855322	-1.0081422631770878	-0.8307336576594606	-0.3245777012288086	0.508815741130193	1.8429249491755126	2.3521302729346543	2.1557475497785044
THOC1	4.706590979083556	4.673245586477625	4.71129866543124	4.98018821332184	5.111636565667978	4.821281290754696	4.578931245663318	3.4463959308894245
FKBP7	2.7875695491821575	2.7136308297203375	2.760070514390467	2.866727603850614	2.907133360453617	2.705519248645892	2.638309745703453	1.556343887785454
OSBPL6	-0.4492559811739429	-0.45628098557787883	-1.0447679544367163	-1.3665146502246248	-0.6827381467925115	1.2722520313102414	2.744626083343249	3.2429814943261617
SLC1A3	4.4759173100369924	4.427342320853032	4.241769717668212	4.286707629629212	4.334936554210727	5.092628090809704	5.762852136317672	7.258260705567572
SP140	0.496257607938174	0.3639880109398981	-0.12706870260891578	0.08717604677122898	0.8694718945805516	1.3840200495641857	1.2113150333767946	1.939342959563925
MKNK1	5.603360411875082	5.7300422473651205	5.709684146955507	5.600991816982219	5.485852859281875	5.237340991209463	5.735703528961247	6.843520579998975
SAR1A	6.739503381046736	6.609351899275742	6.682685300861106	6.812153349427049	6.985486965414385	7.884562288346544	7.7898339799249054	6.960676426430451
RAPGEF3	0.038770659378051214	0.16036180069614114	0.1486244414954847	-0.06861878964593847	0.7024996280458271	1.949471446592009	1.5628394962728738	1.2943386759879143
CEACAM1	-0.48135696795482846	-0.2625184312663363	-0.47063982808088584	-0.35611868213816267	-0.13570044827432232	1.5130351100771278	2.2413391717823967	2.8596141535224135
CIC	6.526078709474243	6.6683207242355085	6.752948853798172	6.728717651810087	6.935735531894627	6.991869020951757	6.917121350130464	7.427317329086446
LIPE	2.2565701860300704	2.1333876825627716	2.2039384140603624	1.9508695638917635	1.8525403480957578	1.68271437363937	1.8661195020151276	0.9223260801611657
FDFT1	7.030266025220923	7.0820605694694745	7.068586586220222	7.137817063637094	7.0223857081181205	6.183521800603275	5.811327588550527	7.2130018925298
PAFAH1B3	3.8308491185975777	4.045058994807572	4.130988309877148	4.140201031734822	4.074240418710408	3.6327160775604352	3.4334847810950597	1.627434247628376
KIF22	6.557559123637908	6.648792654843246	6.688646423678785	6.669354783062243	6.51533568387868	6.344958161775338	6.607760337178846	4.454498264200167
PGM1	3.363331474162014	3.4593256932448844	3.481825011215099	3.520972243164123	3.57246027456756	3.239920419146926	2.6364210526786547	1.5627409606961586
MOXD1	1.1600523233214615	1.3294970652617815	1.5111714755210233	1.7455069693138823	1.9755504748146309	2.8672840493292426	2.544330437687969	1.1907425412882178
DDX43	-1.008945043559129	-0.630926957142087	0.2576457135280974	0.14456868193982148	0.7765835780685509	1.2699580284649548	0.5629081391282994	0.8993254706773535
RFX3	3.7175468577711572	3.606926897936199	3.5014637995949514	3.431445393411304	3.3896826404836373	3.8665462252991682	3.958666934943068	4.5967793345510355
SMARCA2	8.04579053364185	8.056102498245242	8.012553781674983	8.06172334135966	7.928281957065952	7.134582162959697	7.114448121123216	7.384383180451056
SESN1	5.843170093630861	5.652092274266899	5.4486361855260075	5.121801728097404	4.66744078771818	4.42849965064872	4.32419977824056	4.509734652992245
COL5A3	-1.768884612218673	-2.4275376690997437	-2.2119927880234602	-2.001856087718066	-1.3327987974010553	-0.23912704942966448	0.5595880128587953	1.1691784862716468
CNOT4	4.964566849834235	4.933450914908343	4.915498531408819	4.783700766036896	4.800646547578567	5.685694203618848	5.650163224471518	5.99793287745414
RBL1	6.589199864118273	6.562442376564693	6.655383924606349	6.590549739055387	6.400422336095064	6.139712613297299	6.218764216650973	5.041635111079746
NDC80	6.280346268380142	6.232537471391763	6.24611712051238	6.205278486875965	5.728661658179938	5.6194708634727615	6.154291930380565	3.5988594862095886
CXCL2	-0.0954238655903932	4.724339447443429	7.162231708657618	6.989413324867575	6.568600340378644	4.4016425059992255	4.133838066204553	4.265788997281542
OSTM1	6.5817472296408734	6.472930475171525	6.541895994951167	6.51890240293546	6.629853017591213	6.77528676041624	6.805969170898617	7.645139195289853
EXD2	3.239503097875625	3.3052881446713873	3.1690548314470366	2.9678293814122907	2.6683116803379794	1.9749143213575047	2.807851422630565	3.4766419699527438
PTPRC	8.828271452922984	8.77863611319153	8.899206753179657	9.158410624940235	9.365252487660072	9.824709941887464	10.010057530481415	10.729908272464321
ZNF510	4.344024579301645	4.121781434829488	3.6702194517900537	3.281790760120888	3.006481308158617	3.6633234266078674	3.722210726496161	3.639716719485862
LRP2	-0.5763733564022431	-0.5925475793887458	-0.462802120851174	-0.7327338781203191	-0.5813685749504176	2.7279516935463146	3.2909668702884742	-0.3026334879542343
CADPS2	1.2502940822013549	1.3336777914077211	1.051978083678077	1.1157311319563121	1.1064869460935038	0.7663533957397326	1.2031290905755663	2.3949290112057717
PCDHB4	-1.2661472678392216	-1.4730731301524598	-1.2693593516504582	-1.4827135925835164	-0.9667199507550416	0.24789911287421917	0.2797458123953038	-0.17069086970696312
ATP8B1	5.255974014034756	5.088404129838132	5.053389991390572	4.909009991876333	4.474983426175097	3.7851760240515295	3.8576378778411335	4.451285410650037
IL12RB2	5.555350332049878	5.669158863778398	5.718830977311763	6.02211565478019	6.273841929187142	6.711590048074796	6.785380654590714	6.358034791399307
FYB	6.196966910657242	6.114924929046339	6.064277997704217	6.232548916239902	6.1537592792245555	6.953512401198768	7.649809884762426	8.932395851201926
STRADB	4.3304690216440616	4.257308302952264	4.362488415176077	4.353753941550455	4.39713445357485	4.097291087114192	3.9363264506336675	3.2091093940512394
PGR	2.802092606803357	2.8813001695922256	2.842145741161646	2.858721973095148	2.795511439697827	3.730198287038295	4.208240154416167	2.814448895513306
FAM135A	5.029861278693774	4.957994441995858	5.003866829639938	4.9281217029109445	4.544622412376604	5.6417041465139555	6.694939015155613	7.0144243716291905
EPB41L3	5.666840861973714	5.614971126636618	5.424564778940567	5.431061234172162	5.336390683206232	5.215468825645019	5.997119686533608	8.0886106204333
DLG3	0.3010329505567042	0.49954723104514714	0.23192593840273035	0.3601801369994064	0.09747425821379149	-0.7507131580176012	-0.7149589968291381	-2.7338561735822458
TRAF5	0.8632959870906803	0.9460492751858296	0.6006701855648067	0.5767022839231682	0.3625545762708481	0.6137739156196718	1.145669557558158	3.5530975578285
NFE2L1	7.131291075033065	7.102474351705128	6.9190989087045995	6.84089340087136	6.787138840915851	7.019004053788955	7.438409707107269	8.510302076326516
ITGB5	6.55743383656705	6.494269836843056	6.3395177893206105	6.11677576397822	5.894938029732165	5.504113803724261	5.194110125829324	6.366733779075023
RNF13	5.737096875805112	5.701064605160434	5.672504147089718	5.718663009123448	5.656537625540642	5.634709515164163	5.930783784062024	7.0608821065698795
DOPEY1	4.702200648991328	4.657995997831826	4.668076602772677	4.436716970958254	4.297393365351349	6.977946616428658	7.786133326326128	8.588418226049534
BCKDHB	4.444991129835289	4.404073239753156	4.614888512942176	4.616869665373358	4.589288810760744	4.30655818827348	3.8845284963612	3.0073872564282302
ZCCHC6	5.673142389166847	5.5268542107863645	5.5128057855659875	5.626997697556911	5.491280762657727	5.834526271428905	6.268857179596461	6.71054808973091
P2RX5	-0.696353548541712	-0.604997070621117	-0.5746415443014334	-0.5954458495927191	-1.1689692830633494	-2.8029889122563536	-2.103572769784721	-2.6813381048362483
ITGAE	2.6900684776989268	2.71356137728247	2.5724383058226175	2.511968097683166	2.452522253071435	2.4994433670134386	2.4670238559547766	1.6105256920673838
OXCT1	4.907519760308952	4.883763673967939	4.956318579974978	5.065351907290983	5.091925451540982	5.0056072748856115	5.008655339106752	3.836501864810208
CYLD	5.483892011227129	5.481025704540517	5.923909213419664	6.574354955955016	7.197756388891346	8.518425150927971	8.536564417424962	7.872468544965548
SLC27A5	1.8248277444286936	1.906916001816302	1.5931777867543113	1.635341957764802	1.749621548791528	1.5289905568086275	1.3164167131141022	0.7795068180546219
ZNF671	3.205090069599134	2.865408345195214	2.33170374976307	2.073721672655479	2.151836611655687	3.0641856012891138	3.0629465287386406	3.0722886012076924
ZNF8	0.5246170752957177	1.041045095582161	0.6426510403395526	0.09025903407993141	0.36340016617959076	-0.21567190811272205	-1.2566125819802343	-1.1938872485117649
RPS5	8.37720279897954	8.462598824957205	8.56878882638981	8.588409867287034	8.720802734101989	8.797986871637743	8.699222101285136	7.353509270951097
FAT1	8.62788589335824	8.501913813588608	8.529666118629105	8.507261640065016	8.770151330933757	8.836484299187923	8.651323203015897	9.691322922199936
SMAP2	9.996475637169457	10.08519729844715	10.046510676938254	10.045430633840425	9.943846602157304	10.456077680764345	11.036480052895882	11.72059143296606
HAL	4.751005385214811	4.849404756535018	4.827187992976153	4.87744107661474	4.7764167566627	3.7077553345378353	2.522809298914975	-0.45556526186482166
SSH1	5.473681338513412	5.521093330988306	5.39454565301145	5.06289594435533	5.228481907932318	6.570905309738375	6.702946115046599	7.503469534151601
NKAIN1	-1.6420774634783872	-1.6097213093719696	-1.3531750709975763	-1.4064991178401376	-1.4124459850395215	-0.6914471293847524	0.12687572245493484	2.0195386967717175
NCOA1	5.116599832508145	5.082542546496953	5.0347653887196495	5.105440292716087	5.084390504779109	5.364127854062081	5.910132099517265	6.121201714334692
KIF3C	2.9755567052645358	2.9740280379785293	3.0984256110516335	3.0933528008131668	2.7300379947658353	1.6674314036288915	1.9758129688230952	1.829899698310728
MAPRE3	0.20922442696396737	0.27666265427610864	0.6116620779172208	0.8010502033965703	1.1808914659724312	0.9956961336326358	0.5687372632663434	1.616684411249346
CAD	6.671133115179202	6.655129439067283	6.643230569253706	6.499113311525278	6.507663372495619	5.526206521833249	5.0314489914583485	4.857734576565303
CD82	5.216878677664804	5.374106649159325	5.440712864436154	5.574925713975857	5.872568704430879	6.415368005048041	6.6844699889866925	6.308019693774263
SCAMP1	5.303928476837009	5.3415524711591305	5.393976120758902	5.368514814174295	5.191936557886773	4.251087590549163	4.144212533020285	5.34418491622379
WDFY1	7.310191749217022	7.294896199703146	7.332558925741777	7.3340445055567125	7.345493289585836	7.949039404236556	8.340169747536937	8.844191765626485
PILRA	2.1563124757362306	2.4860650639473643	2.1138302551904133	2.3475788901809063	2.26978904083638	2.4449516198298644	3.0855070239261027	6.638240794182849
ABCB1	1.7980983218836506	1.5029320923066931	1.5820844288255773	1.6677166474200829	2.068263342676843	3.15559948117801	3.542252756713377	2.708003174654912
CTTN	1.3787550423159562	1.0603101696737292	1.2520090436590374	1.2282562152821805	1.2231496486918099	1.019126245255987	0.49789733362304506	2.115765896884902
TTC39A	0.9456792933845273	1.0707600850754857	1.7287064644628878	2.602093156291599	3.738537546790416	4.895536887673822	4.873219183353518	2.6855958306581282
ORC1	6.2978850783757885	6.286764203052548	6.219809792270022	6.14191956720386	5.813481425085457	5.926872964898932	6.0809580386005875	4.625292719393794
ATG16L1	4.746190689299526	4.7110767124012085	4.407793474569338	3.9587494205210128	3.530631789350677	4.323106660999151	4.743402040736505	5.412357809845727
RAD54L	5.826622588992083	5.824177482132094	5.745534657212337	5.692201909711304	5.645757127017115	5.666482358480863	5.754953347940902	3.680661221621591
DNAJA1	7.5929181303902356	7.463651287858479	7.6328487036059425	8.076109983375197	8.409070983195548	9.0849070033975	9.149048259538073	9.322330130674516
B4GALT1	6.2957731351169866	6.367721284812257	6.557747083289596	7.0893964182965625	7.7383980773573295	7.966602505367592	7.854533525363996	8.382331354159666
CHMP5	5.726660266624771	5.694705847143439	5.77742742577388	5.920129477404487	6.048030955847599	6.9277700075956865	7.192995163947479	7.488958078476365
IPO11	5.418011360003954	5.395560153057959	5.490148101385515	5.578696750096565	5.609339468786843	5.45085437432119	5.175426819215439	4.234526908120545
NME8	-1.4640231115776718	-1.586040168295376	-1.746388808028641	-2.331145702202227	-2.329083509934172	-3.162368217434797	-2.6289114412976473	0.5428416917285328
SNX10	5.338719687140447	5.284830050694035	5.539040338220071	5.765839741994045	6.217393423672041	7.03521286050629	7.170098682299482	7.6490821122452495
SEPHS1	5.8538142816692345	5.89006602036567	5.903137217976202	5.979059501675893	5.8452111154888104	5.2211084406024515	4.773288047781973	4.275116415813148
ITPKC	2.1045069240084757	2.044822453096591	2.853019166546903	3.4575738181864937	3.4334342986324256	2.754233815192184	2.700051391939925	3.115866328394347
CEACAM6	3.2386895167561764	3.2774057817547746	3.3977970190064983	3.631667160998424	3.6675076592903113	3.7093153866779236	3.41263823248231	0.4948333328300206
FAT2	-0.8851326785161999	-0.8767996154210761	-1.3199973191516328	-2.690052609963745	-1.89678976464592	-1.8443872767036331	-1.156648289437355	0.2246678139102496
RBM22	5.909690702630767	5.96979684902769	6.057189615850245	6.244828854525837	6.310949416852496	6.972015596262693	6.982015559383758	6.603755886555474
ERO1LB	5.23882940661348	5.293367854676701	5.3860216543895625	5.5595871209343	5.593918471448904	5.920102134170209	6.278567792664321	6.490326752991951
TXLNG	4.572846207885538	4.501175504847167	4.512656879122975	4.491618056285196	4.258639342897849	3.53142276055439	3.426933530047684	3.662973360355788
ALG9	3.634383065792524	3.562358961545104	3.641185304128688	3.5623624442682713	3.6137680610457688	3.504417875328099	3.5323388809732466	3.2809037205795573
PPP1R15A	4.948834088368213	7.490427896882096	9.116762713564286	9.412900544183055	9.006415725560403	6.753034272197244	6.773394601662865	7.425605633120333
HSD17B14	0.38873505002951325	0.45149943836450124	0.3669982792917855	0.437874793147884	0.389962633356091	-0.1204795128957723	-0.07724495473306735	1.740706558216464
ACHE	-4.126963543323908	-4.275658866023473	-1.3466297004068186	-0.7996001030585134	-0.14101840401776927	0.22896538695568433	0.24620032211538057	0.37853935267213124
FTL	11.399491158992959	11.56632872659766	11.46933989702148	11.506602618495604	11.661224555850346	11.958909432846678	12.122944171332133	13.750150982486227
ADAMTS2	5.186577978867369	5.344907754369032	5.398325956904408	5.354910618659029	5.535874336876212	5.602093610734494	5.624990793851817	7.158449893691014
CETP	-1.2126917443100602	0.1743283827591089	0.13486488463320914	0.18042346080286903	0.7019338880191076	1.425194743894128	1.3490592005222943	1.2084743614761113
SH3BP2	6.553224093743337	6.732772621164477	6.784800449856915	6.807591462208164	7.149848134832127	8.377129692363827	8.45628417006792	8.259298555418688
GMCL1	5.566523290830295	5.531609196999389	5.636098720075406	5.54686678181205	5.297248037631555	4.179702037390415	4.032261943414324	4.347717880736766
PTHLH	-4.269858915217961	-3.796091646439256	-3.8131699644537393	-3.662638282565177	-3.1850650397549636	-2.491443118533457	-1.1954166180603218	-1.1695571288033375
PHACTR3	6.511729067709275	6.498772130556972	6.474145783994921	6.60274750499933	6.314700004791122	4.048848682642129	3.032695842046728	2.7168456946233497
TFAP2C	0.6411779790347459	1.1546278019605485	1.2096327506250288	0.992673944071444	0.690817748828729	1.688955562143215	1.845943713887813	4.546499668502869
AURKA	6.783646722748086	6.721643489095609	6.7115661209065305	6.576035750714178	5.976406881402411	6.242486519682364	6.781925643701953	4.987576532802347
CASS4	3.0659140470201827	3.1798712038384624	2.716079683323298	1.6963552634266779	1.1027562400715314	3.567139930246073	3.929493310298583	3.434709170721308
PIR	2.8867931517822742	2.89623446051118	2.8555596606743707	2.9496225077443112	2.9854569045746757	3.5412838926412533	3.8923919134277583	4.759645776845261
GNA11	4.214415895850335	4.347660953097751	4.278165295639868	4.185860224304166	4.115924830317459	3.631023483189133	3.4690689069937237	3.1250940359205783
ASAP3	-2.7455814737650406	-2.8238807045742735	-2.4388239992704515	-2.891229634422978	-2.104827791277957	-1.7811231937922927	-0.8873593471718348	-0.013423925282456978
EDEM2	5.170220473585575	5.306812302033136	5.45028918530281	5.683875272381261	5.909294326245174	6.4249559938375995	6.415222791906834	7.058253759278898
DNMT3B	2.6926249291076356	2.5845321407105377	2.635528716533017	2.553008471533694	2.405911400595746	2.2623298937224163	2.0203037306731524	0.5205355458868174
TPX2	7.843612115337546	7.812965898865675	7.811955786506735	7.869063244241994	7.59073465460917	6.967064694719477	7.485485451641797	5.207671546633242
EPB41L1	2.253085090331939	2.2028471368229132	1.9250562671914662	1.8159154495853609	1.7948259163234117	0.9061981172143727	0.36969568443445094	-0.12229463615799573
DOCK9	0.8805905899009195	0.8499090664599834	1.1121700626748892	0.837299443083071	0.8392649243739512	0.6418351724317396	1.8072534353411185	2.5184342488211593
KIF9	2.43279528627339	2.659203850823171	2.7495440502408592	2.832408588598595	3.0661537128541316	2.987053867404634	2.6664167321060774	0.8977312886828608
CRLS1	4.147596164491796	4.233855291953688	4.3678169872093875	4.302809283952796	4.195184954142761	3.5520357382544896	3.124473984693438	2.917182196038474
SMOX	1.8880395645457773	1.8102362160428873	1.8166973974404708	2.0511156494395064	2.461034423198453	3.042260083960012	3.1202380086057104	2.6651816281529275
SIGLEC1	6.143081157027815	6.349491203447874	6.143102477363805	5.92103634576948	6.0138927245223694	6.91000781927809	7.712826120980442	9.350829652062348
SLC4A11	2.1984901115977635	2.0622195274726	2.0881787165586005	1.9948325372729423	1.9782492087226853	1.6430083778201936	1.4638670489390324	1.7296148578994113
C20orf194	5.226913135202524	5.173789457089844	5.268890921594426	5.244824109942025	4.961814919546468	4.165180244726413	4.697650533141031	5.2947241108700975
EBF4	-3.9821570036993927	-3.4403893408863597	-3.4434437475468567	-3.295301296296894	-2.642911722203767	0.20626737997838074	0.7890177494519791	2.945828386678179
CPXM1	0.6437022148238633	0.7093137604720064	0.5210869829327883	0.6885332002703306	1.5507039990366132	2.692819326001037	2.7324057656586334	0.9348476743737484
LZTS3	-0.83066173638208	-1.3886515619319968	-0.9134753503842965	-0.32129967059012365	0.05142583621964458	0.9536798244024598	0.8135786557449617	1.9074778374022838
TESC	2.5462122070891877	2.6198160213032047	2.5144479135153555	2.5862795205435853	2.5282710564957283	1.8202392667019385	1.2558626158512871	0.5652525695118812
P2RX7	3.25500511147896	3.3156332702151294	3.367637886466677	4.067997688002412	5.381370594662037	7.301614885031265	6.952175857933591	7.796855280283047
DZANK1	4.3672771727835915	4.372885823726854	4.348884886576581	4.3238491442308185	4.155847531909641	3.3935856101120763	3.3697952103894364	2.7526324500373236
OAS1	4.653468731063118	4.721499433401476	4.466597458799477	4.528960295832443	5.192383085252467	7.464573534430492	8.185158885311616	9.075215498984704
RPLP0	10.011451905685991	10.118717152583164	10.167620827592426	10.252265174667425	10.373696025223433	10.49036189399822	10.360883213356004	8.451505402780484
GRAMD1A	4.78664973814504	4.903281770346771	5.215308263829119	5.703240588189031	6.528443343712116	6.634162932690555	5.755268394379251	5.934156730396207
HEPH	-2.6996765562392273	-2.1911124435260136	-2.4725754678572724	-2.730820264121684	-3.1403285596325747	-0.6054798163841248	0.6921500095145744	-0.19366470156671872
GMIP	6.576466009961223	6.641757813935076	6.6145503131839005	6.514411595080997	6.5047281344914865	6.730559864633328	7.188987293701702	7.924908307346694
BIRC5	6.8404898125928275	6.820675468748849	6.8158161976445655	6.723329633465868	6.529287382226	6.205156703495917	6.364822309121519	4.020903261950488
LAG3	-0.6100878414885925	-0.4560425702599573	-0.8502334513466386	-0.8378817260565634	0.05319946255780819	2.733827661572226	3.975299038777825	6.2893957727781284
OTUB2	2.3617660588733953	2.4321691446675446	2.3413587517715087	2.074398625423055	1.6522086717432678	1.0189844197296274	1.6885034054746488	1.6712226238017336
NECAP1	2.5663557694951287	2.833250822935395	3.377387099151246	3.622317478252235	3.6902383249867516	3.4355301558037685	3.5364254916776496	4.158812469575293
BLVRB	4.105089518367126	4.361839578728162	4.17455089982408	4.026934194055977	3.975489210937825	3.6408127037306	3.111728948443373	3.8690945494796893
PCBP4	3.8413061108028925	3.9186486643369474	3.857081276019727	3.7444320885323004	3.839911873470024	3.514187793731799	2.9806451184929745	2.785296398952961
RGS1	3.8105718343832096	5.6778155942079955	5.804917673722177	5.343176436376224	5.486769003251425	6.501204841720456	7.198707117668315	7.150649817722063
YPEL3	2.4146696405660437	2.4763636188203733	2.2321813885480406	1.9435509049766866	1.731252229957284	-0.09345614791106913	-0.8813882372571362	0.8629518020742444
ICAM1	3.300780455273512	5.903659858814459	9.060400134895335	10.145355735982553	10.683023022099896	10.355789046368262	9.830009970795416	10.271281283701706
IRAK3	7.241875447987802	7.236044686942323	7.3240709510829465	7.38817984485352	7.419382313713355	6.960287764316265	6.131443508498056	5.594332466978498
TFAP4	4.235133223488724	4.204024887856607	3.952327057123391	3.66534521696137	2.9085316028943335	0.4611431560142671	0.8961305281771665	1.8375927144065356
LEPREL1	0.21104146979102023	0.12846929567850046	0.2989706912900603	0.6569834878105627	1.153085578543374	2.477874210577788	2.875438574758938	1.9105196734005885
PABPC4	10.368200173772937	10.366275025262514	10.4289011305123	10.451847164917032	10.432865727007737	10.206979414868162	9.676822250297779	9.014998769603505
CD209	4.981560488250478	5.126562420649726	4.926961782734513	4.847615347249377	4.743423412001565	5.412616208102294	6.1306362113166895	7.50698223970619
EFNB1	3.605310612028396	3.6616065982390626	3.390473124828567	3.2454259041256406	3.0240822357270734	2.790939568926917	2.856093799535902	2.30749649795681
KIF4A	6.277920230821062	6.2915269974679635	6.283586800287483	6.379874972487036	6.211089679674769	5.810514344986098	6.0576017490664	4.045426313230418
PLEKHG2	6.749595250372856	6.863052583577996	6.992182214581278	7.047827579229647	7.2396256324393775	7.2314911125684995	7.067523274123774	7.662339356578904
PITPNM2	2.9637406611538726	3.0137528491674157	3.019178010799157	2.947455937569485	2.8336821643669365	1.9405471259158134	1.5849889871701595	1.9561567017011607
DTX2	4.134596064816721	4.280599518148152	4.063257805193601	3.8062535181964723	3.7981848296614706	4.695268013570849	4.836351807071647	5.640790584571844
NLRC4	3.902262602343809	3.8328391285717918	3.4035503952711856	2.8707871312008995	1.9331850639726595	2.1277151036816746	3.1772931408670155	4.317125560912841
PUS7	4.866934093192689	4.847167425432971	4.918249689952725	4.919320296777736	4.928242979157833	4.3522554520309145	3.899193055170065	3.615784881909352
NRCAM	1.0261195552733655	0.897745745725817	0.8431302241961767	0.5730050536903663	0.8094960537663448	2.4656197349514177	3.2196555193828305	3.314818023889904
LAMB1	0.651026738150693	0.6539372792938306	0.28369239166095767	0.6021383044041516	0.9871908620890868	1.7255678564301262	2.2539185974549767	2.6247779737476318
SLC26A4	-0.27697886729913324	-0.03357087186844987	-0.37003880217968893	-0.25017671879636216	0.13358756116345247	0.6274561433864922	0.34207842819311174	-0.4880797565362099
MLTK	6.184909610400732	6.116885518435736	6.193452138718303	6.325219560738271	6.445857103123192	6.416900873357931	6.193069498015564	4.9260630599332575
NLRP1	0.7903744772603797	0.969381202224878	0.3983442647357757	0.9066597547471295	1.0691815284746586	0.5636556834501263	0.15907319127843914	-0.9415810221007338
ORC6	4.732363727181878	4.560267624962887	4.488601853249971	4.550086550259927	4.480422973081905	4.779308231158206	4.717701473439301	2.965344280448196
ZFHX4	-1.053185925877058	-1.5459406506876958	-1.7264360500867686	-1.8383231346911186	-1.7438152902606798	0.6398501733280764	1.450626340330945	0.46849728805809937
ESR1	-2.2662201195027025	-3.3134430933518635	-2.9835193034252536	-3.331726437694415	-2.85984094209162	1.0530011824148586	1.2974673977695708	1.476979974595781
PSME1	6.368117461183112	6.380152813246138	6.426613979762896	6.611851095647717	6.7424680841719615	7.223453956010527	7.512388583768657	8.292401634798793
MYH7	-4.551196259797653	-3.9967349598948045	-4.55119625979765	-2.392090188519584	-1.8559115319441815	0.7567272488299537	2.026243097567026	1.3133643723569208
CEBPE	1.0666381835744594	1.3733036683257525	1.422354762406751	1.2782864819019601	1.3164447999823663	2.1818103336490156	2.217224130915464	2.6814122117076566
SLC7A8	4.712697755213972	4.878515517039175	4.450808440002534	4.206122979672179	3.8827102379191487	2.9737013661206095	2.225727004818073	4.782351944280273
SLC22A17	-0.1758323261680412	-0.01738676214913227	0.032902193127117264	-0.12740627354443906	-0.030145367140599566	-0.21093668272847582	0.014807200281173383	0.9797944505442008
RNF31	5.722309167117645	5.803555025475495	5.751436146371095	5.537789398422941	5.38614572558206	5.9768977447853056	6.40587983850563	6.72426079401287
G2E3	5.666295866717448	5.537423179835337	5.62300421944464	5.478140552291144	5.107978303344899	5.144330001844351	5.509870392810733	4.286925134173603
TOX4	5.674606164467342	5.743654855465108	5.678771398898883	5.792990748804545	5.883753991364385	6.414845689942414	6.632228500886901	6.934738549249369
TINF2	4.616688154068866	4.732207828698341	4.679174815598014	4.77822922197271	4.887388399090159	5.4510880679610825	5.8131256305667	5.912778159003029
DAZL	-4.551196259797653	-4.55119625979765	-3.5276579399225945	-4.260144718255706	-4.184796593959723	-4.217898341601704	-4.0341754542800725	-1.7035260205903242
SEMA6A	2.4741678101622666	2.6076718175618954	2.6706615960842415	2.6627841946892925	2.5725867726746667	3.7351021068308574	3.275135820986775	2.0530809040709066
TYRO3	3.3163505464663605	3.3512576236654046	3.3897403569546203	3.2605249539721113	3.277153065890536	2.4289309581564282	2.0832788286705126	0.7060119993729482
WDR76	5.9275118993858396	5.873423032748516	5.851175092003846	5.8856817862183615	5.682795376152249	5.413788822220459	5.283699959956516	3.7470433708380075
TBX15	2.2408830162819613	2.2927506072137573	2.244965006286682	1.9907668447350353	1.9939418013718684	3.1359713843439696	3.24620924447673	3.577137478392645
PHGDH	5.710479645237279	5.828182940878054	5.743188191024094	5.771605282153127	5.7750184163082725	5.432205295486966	5.056935618346581	3.0764098459422966
COL9A3	2.240420096696642	2.5179832147570065	2.4382984917403308	2.1636188765738646	1.9737942241973228	0.46239351153491404	0.00235588899620421	-0.9698530198892157
TEKT2	-0.7983648913994246	-0.5425493760783372	-1.0277833324955892	-0.7272499371366039	-0.0663174382621411	0.702607861612279	0.754930444826907	0.438879172663172
CLSPN	6.801461296613583	6.6675135257176725	6.643508549758576	6.771369019324575	6.6171214913082	6.54240779894789	6.675318139471744	4.989376383966019
RFFL	5.095599247922991	5.165946433918881	5.108917197717753	5.385480746147641	5.747209609023672	5.980962024761675	5.850294388905572	6.280140919155479
DPYSL2	7.740216256974845	7.781640778267757	7.804298350245329	8.014123216788844	8.226064565316214	8.66044368816576	8.740894612861844	8.425423841888202
TGFB2	0.7040428798995534	0.4730490378148714	0.5359165558256213	0.4311040572436031	0.18558793858968978	-0.261220530452811	-0.8600265194500094	-2.218461847259012
CDC45	5.05897447284862	5.14971009826834	5.2462853646189735	5.3542439991064885	5.331640583930778	5.1942822244973375	5.179885020427626	2.7619667181790906
CECR1	5.781915915664653	5.979898024764442	5.910857789930679	5.8900350859856285	5.971535692682561	6.047016042818102	6.106984003228287	8.060275267490143
XYLB	3.914361681684567	3.88998391812161	3.8997726642495465	3.8866186621936407	3.9329860340547964	3.291502107953222	2.796682107928093	2.654943302740284
CDC6	6.397854569603593	6.426731963952006	6.380475366032121	6.320433014163813	5.931765479032594	5.6862246378828925	5.583358854145759	4.122222461158255
AAAS	4.664306810555305	4.7533537393025185	4.800189650446387	4.815862810577006	4.887824944110532	4.550684251869058	4.4489919141499605	3.343111852119134
CBX5	9.631441964987317	9.633390520002996	9.668688092690818	9.635174606708581	9.661134025630783	9.497073673776304	9.22770966279391	7.190580467951113
MSH2	6.399531778280348	6.274820813756238	6.333524722540897	6.364351046146458	6.123097617855617	5.414666195564013	5.388661314985638	4.017744166940476
MAP3K1	7.2326496701856495	7.241038829242912	7.085786576805269	6.508320207170309	5.451944486170037	5.851594377986968	6.460920163453824	6.904191942323001
SH2D3C	3.6664142629989374	3.773025665698132	3.4448298410369658	2.819005171251418	2.2480807152635744	1.5590900666838752	1.847303575231911	3.2605771853743155
TBC1D2	4.422979282775025	4.52210676550118	4.385024472562375	4.0145561230618565	3.1768029589264106	2.474968166133031	3.0398430141625865	5.627225072190473
DFNB31	0.3163374155454317	0.8897501574855237	0.8267159432256219	0.6066693373532541	0.9564644545791884	1.1240200230871173	1.356417310659785	2.985087598373524
BLNK	2.0170324246456293	1.9641740439210298	1.9381126175224366	1.8883948285819854	1.5703098933238318	3.354055294384449	4.404784607345667	4.376278197218504
TLL2	1.219715983612287	1.1236998948764496	1.2799366462870967	1.8286753343340045	2.362733024769552	2.3283492441242926	2.039204090374917	1.8698540353647297
BAMBI	0.16686997021767436	0.40092877813076855	0.6607480131039767	1.7621929156369116	2.2856268555338053	1.018756568284454	0.3337085711058934	0.7210729021903264
CREM	3.1439759780538967	3.3020243366284783	3.7924671599143016	4.3615308848947425	4.974314680870515	6.427637977175783	6.485683207678309	6.735795443018295
NUBP2	4.64167990608432	4.7404581498581475	4.675107168095668	4.569478004771323	4.598347474721758	4.177312974897937	4.071849290502836	3.5579819312689853
HIVEP1	3.2127421208648155	3.357024098430803	3.752481538933872	5.304457596492849	6.97492530001384	6.379959824845037	5.668757897045811	5.812704769967576
SRPK1	7.28719822583205	7.245645702183065	7.335789625619955	7.4338590303561904	7.486454416980525	7.201658842317762	6.759012013618821	5.916293631577316
MRPS18A	4.530534525766847	4.645763719933705	4.627104221009811	4.631587305842128	4.649360422054074	5.270686436297014	5.617904644769451	5.113187118592741
ZNF184	3.17126696812931	3.0568307023904104	2.5438292801719964	2.1099346790413036	1.8827867239449234	2.4933944157584715	2.2792920564961556	1.855422346443504
DSP	-3.845626198744216	-3.5971964495888655	-4.071708826434121	-2.8328016493715307	-3.468747624195073	-0.9225347358645137	0.017595732067155388	0.28585839060245866
SIRT1	4.96658821949849	4.951039270086792	5.202445660406626	5.4202873948887795	5.333760842309153	5.292621093250636	5.431331951175036	6.0488183637685555
JAK2	6.24407018953502	6.171567856887279	6.3868033300864004	6.739390812092951	7.226797118951481	9.2017490258418	9.295779548377304	9.081171624211349
IL12RB1	3.8505307922850855	4.031889685757678	3.9025315137357626	3.830588675151641	3.9837821863050373	4.544217064365622	4.9040955614297035	5.927465470939499
ACOT7	4.866395018672023	4.954331453270498	5.048495665930185	5.052207632294308	5.126185164310179	5.047453241781589	4.843607334817373	3.3056310170338294
SH3GLB1	7.120060666511526	7.020848011495154	7.016677868613223	7.0065918335305994	7.070951409782687	7.493843738927319	7.682999275644642	7.970232118608177
CDC7	5.52082025508526	5.4585942731608625	5.504924554481638	5.598717136560777	5.33049295521025	5.732262402148381	5.267784659985415	3.176903664053569
SYDE2	2.4039960154500233	2.286749945549369	2.2659576871218032	1.9553513038256565	1.868041213205364	1.126652320124969	1.4116994451454052	1.5757777137650786
SCD	7.5927150916290005	7.680706243299177	7.542604552621217	7.511410285318787	7.461616247873049	6.951874627453301	6.208030736753257	6.96353641940448
NRP1	7.512320663146249	7.386853234649155	7.191561022794685	7.023583763210818	6.823977671742872	7.37543890623939	7.695297499001951	9.338436475821522
PRTFDC1	1.713417670161226	1.2869986585136248	1.5921120797890538	1.460992341380501	1.3511280176103764	1.0627365422023591	0.8675869163858542	-0.973035625904726
FAM21A	5.890518275687778	5.817815609468283	5.781689410916819	5.982849237763679	5.994522055801669	5.847580933834227	6.029988829736178	7.691396334257603
MAST3	5.122430521548344	5.214356100488203	5.043519718355207	4.6159422107155486	3.9722264477500424	3.3101617909190977	3.431621891071532	5.445564237903572
OCEL1	2.675391773305687	2.6514727832408176	2.6285716448405125	2.505105667406977	2.3883017136855598	1.8556061891968203	1.2031888065268053	2.6226507863318624
MYO9B	7.577111901212081	7.674005876458681	7.635569141372845	7.576913183056565	7.488111964121095	7.153398707815198	7.325902658474102	8.754981608202238
HSD3B7	2.5160826258085587	2.630323083149196	2.6431510867672037	2.4935527352753155	2.506998997813948	2.7440555126206365	3.1440633424192304	4.856814204897407
C19orf26	0.31712759797575146	0.2040659023330409	0.29665640732370024	0.11883915417162334	0.019049196547166303	-0.12749056576182516	-0.2625836973814144	1.641259498315799
TECR	7.04935986454559	7.289168191720197	7.249424904977378	7.32451082838655	7.436549762280967	7.296781581028533	7.179702053949455	5.580692406498583
POLRMT	5.482873205031762	5.560381685161853	5.587651840561342	5.382987682667117	5.164764990758773	4.332999417727589	4.567313177422113	5.2269784761154945
RASSF7	3.5780593302481014	3.3644176351513044	3.1674827794838647	2.5977943016661715	2.0646699962027615	1.4848551496720401	1.9991369055443606	2.3759020174405077
GADD45B	3.2433962531261393	6.555830973775732	7.063439574168854	7.058934291859439	7.226034313131979	6.584129954795259	6.391257325558225	6.088280009979883
PALM	1.4555034426155191	1.8630238597218374	1.7952889839609159	1.6808462217692512	1.7038730134552589	0.9153764435055635	0.4677329195239601	0.05034981020503084
ARVCF	1.0701484863532995	0.8394348502124742	0.9608119536500641	0.33151352359194286	0.34882033509512256	-0.20792951699229542	-0.10853194388980858	0.3029459589282949
TRMT2A	5.7445064630583405	5.801078024787177	5.7004272677959555	5.502901307880324	5.3535660619723835	4.60363950332859	4.734466670619353	5.4326422533770335
RANBP1	6.995151156387994	7.009116537063484	7.099952959580545	7.206731271301047	7.245214823723941	7.0783416529026635	6.907809119238879	5.518961481610035
MED15	6.232406839580399	6.362667312216677	6.306704356897484	6.2574792456105	6.333052761318077	6.7045284691226215	6.948252041353074	7.492245942707884
MMP11	-1.9450181399777442	-1.62103278030672	-1.2115600562578126	-2.1945298996535585	-1.896066715079249	-3.003420060372188	-4.0341754542800725	-3.680835593847904
CECR2	2.38161065334665	2.334501418524849	2.1407326971158653	1.9262719618347048	1.871215376283437	2.001492680026872	2.213334457038055	3.8661730374693275
DERL3	3.9669164271069426	4.147541410038565	3.892146205547075	3.709163539389421	3.8021362419399942	3.79330191898188	3.7296308343793347	2.7081510076291586
OSM	-0.40115417033709705	1.0509038251756662	2.955936629691978	3.209279533111153	2.947053471462649	2.0374981374705436	1.0922037626943333	2.218391934274086
GGT5	-0.8091891833647535	-0.9074613338554951	-1.0129305288862218	-0.8074346325381895	-0.6967423353124014	0.5493920175452696	0.339252667684599	1.1519916224130655
UPB1	-0.7228128849889358	-0.37404312120421546	-0.5641262827683867	-0.23635712111936308	0.5167549808069081	0.8424181040643317	0.9233856777532441	0.5739868299683701
CYTH4	6.757452166633484	6.7946137550803325	6.4825838737452655	6.090474730144676	5.477839333155352	4.962280906464505	6.240633699649787	8.212181636883436
MFNG	3.605757530102675	3.693277375655901	3.643788406630831	3.536059125973125	3.5926499778496774	2.770088448441496	2.404394785082939	2.2615781934385435
LGALS2	-1.5416601917671655	-1.5681620686585513	-2.09463174065915	-1.4812142320056934	-2.3575310903504394	-2.446655864268087	-1.3619177901075827	1.2420577121674246
SH3BP1	6.30214407443461	6.329720243441775	6.26539618384893	6.246946970255696	6.236997258510911	6.40853788885566	7.169066691144858	8.139056833741687
HPS4	5.106073460671313	5.228517928949555	5.205006535136048	5.189146181334284	4.914007823764132	4.645574164965599	4.50082371320169	3.9914972030882185
SRRD	4.943454965286598	4.906341723839821	4.867427748086973	4.87930080624046	4.819125456663012	4.499663968817878	4.376826279032512	3.7868065842572083
GCAT	2.5924101847598804	2.5151037675505545	2.6273025691215137	2.5833879800017754	2.688068117473581	2.442127672489507	2.010887253021539	1.377170521862735
CRYBB1	2.300042853258172	2.1592233569787096	1.9968776270660942	1.884710970766308	1.9211491590096013	1.6495589879443502	1.5904395378553815	0.5428416917285328
EIF3L	7.806847540130759	7.882463518318996	7.86103112020619	7.9596215224620845	8.01118670041017	7.7125533432975715	7.281396704953723	6.734494374800068
MICALL1	5.319741346484898	5.438091366356277	5.384799915751577	5.357954581989318	5.610987421648515	6.188563579849652	6.264098084353985	6.322438923264185
CENPM	4.451740708512661	4.577979927616832	4.510242033761564	4.421417822795188	4.400320557565664	3.89627361312155	3.6008176411977626	1.5607740968817505
SEPT3	3.4554136365654444	3.544982252365581	3.4309733859182687	3.479507081289851	3.3405788187028955	1.914636099252018	1.7911509060688822	2.900439449283489
HSCB	1.9392995934350417	1.8756978677591154	1.895808820874696	1.841731468033951	2.0163679884685175	3.5619034552060898	3.5216724528719636	3.4596260713889593
XBP1	6.21279910191184	6.544267075691662	7.30644682658601	7.937659342984367	8.369392449582582	8.079952659673632	7.378169468926311	6.484841019325168
RTCB	5.948247872865359	5.940276333084316	5.941888948883307	6.063884737657332	6.048598330197944	6.861163742911895	7.587576322521634	7.860056809975386
FBXO7	6.047404508476081	6.059657837241154	6.034518033366247	6.078600661122328	6.073202350560807	6.531370120093718	6.993700014225698	7.11640465679597
GTPBP1	5.930202028291065	6.013783338686279	6.026984370913165	6.152432831734445	6.594091483271264	7.419718246345313	7.7269872156685135	8.13317631294452
TIMP3	5.129428474073956	5.249278841107932	6.007409030296282	6.43798534767906	6.571785417481161	5.995401555501342	5.316154834010032	4.580158163109921
TTLL1	2.8097212634982114	2.7785232588217967	2.782521342277626	2.785997106687776	2.505426215684614	1.442362024782085	0.9137830890501393	1.0229407826315047
RASL10A	-1.9194387648195148	-1.776822114536106	-1.0224826669682816	-1.0509548468752405	-0.3141077924030095	-0.4383062616790905	-0.7198592578615458	0.3648505314377775
AP1B1	7.275383308002111	7.352350733492747	7.316607366554749	7.319393106920076	7.45411174021683	7.552507110770959	7.7349359888055496	8.267479017384911
TOM1	4.608591164919357	4.815442657691296	4.86726173623261	5.08573251926667	5.513857359570934	5.609520304874655	5.269738257370964	7.108426098230183
CHKB	4.64477796246643	4.693561855495625	4.697988990516386	4.653689789475278	4.750221372723082	5.055429168925529	5.069755462519131	5.783923257435783
BIK	3.762616914096938	3.9029120884532396	4.084146772267545	4.0657652139247045	3.834970535421191	2.2828089218628893	1.2372785839823086	0.2542739388178779
HMOX1	5.163425377895463	5.167498132343587	4.656171765889898	4.110639766081613	3.6282719999445194	5.869570654715433	7.885230039229625	9.538361025956931
MCAT	3.925503161258913	3.9451798745838977	3.83007478530506	3.500769323578727	3.0818559930790768	2.4183210578540897	2.1211045131208133	2.0820927815424697
MCM5	7.386771577732905	7.5523297404157415	7.597133148137074	7.575609046969425	7.539981825906726	6.9541589805631325	6.847582150796287	5.990577476706854
APOBEC3H	-1.0619030359183412	-1.0628505841374143	-1.4090721915810125	-1.447702044084299	-1.2877305938589356	-0.6742875965245987	-0.3772433340466392	0.614341854263386
RASD2	-1.7113334767942323	-1.2448029506016476	-1.6373365130785595	-2.3915636338651414	-2.751178474925582	-3.4029707990583775	-4.551196259797647	-4.020373770007405
TTLL12	6.5448677714995664	6.571797813022408	6.628204758980095	6.544573190532453	6.552544715664757	5.373559451121297	4.597589795714274	5.065740309480351
CBX7	3.5002468513472715	3.709759890803364	3.65935663128041	3.551203994149563	3.5036963907042784	2.6599308142937987	2.0337991803604663	1.8458923466818684
PDGFB	-4.308332239710236	-2.918702877712532	-1.883329659634136	0.9614451329644561	2.6651549649787967	2.6840652489528516	2.6339740978922013	2.1665525158485024
RBFOX2	4.58357032039602	4.584852141543426	4.6380750023540385	4.646626481572644	4.4788673722133545	3.7095413312163332	3.1024336481195993	2.057560721714955
SYNGR1	2.7712852635684353	2.847209064128929	2.859768086250279	2.8680251514555657	2.985718201924929	2.7768478115159274	2.3959599677930727	1.5050704728724544
APOL4	4.2859335595461	4.22950833693406	4.389458756125608	4.866030021289662	5.358435670399801	6.542509548198362	6.312071325469661	6.945119810386778
APOL1	4.2697043977835945	4.280896329925968	4.306077693410313	4.753270323424514	5.539685061983912	7.608147718624398	8.17974095799758	8.57870088811604
PNPLA3	3.892708892869372	3.8400376611229774	3.552366275484308	3.39277951395548	3.152475138636864	2.6133247374764865	2.493245908475145	3.5224801266948376
CACNA1I	-3.9821570036993927	-4.275658866023473	-3.62324074998293	-3.5385292688889014	-1.5165910664665283	1.841292922397541	2.4931655238821158	2.415428259094738
SAMM50	5.415965445985664	5.385800091240789	5.40780867821496	5.454445451603471	5.375981704846707	4.678777803833582	4.389082139348784	4.398212195008377
FOXRED2	5.442871862725859	5.606810005141567	5.514022249973586	5.488689251739862	5.425835190326232	4.163991293105151	3.789221104411746	3.697707503429514
KIAA0930	9.370805901708742	9.429644575066979	9.371214429106573	9.339799222735195	9.174908675662111	8.03648071704922	7.763194144586129	9.024835572203582
CSF2RB	5.0197463358339824	5.141815022201207	5.514723078240418	5.909991211216479	6.300537319135961	7.689463162699727	7.9941063546792925	8.63164133012919
POLR3H	5.661063444364812	5.727618105426854	5.705650917181618	5.692713711999254	5.619698715566889	4.455484452690573	4.366750054841974	4.468058742660649
CERK	6.290404364290233	6.346315650320442	6.381494472414	6.352585586725496	6.2669084119513405	5.299949670514639	4.366739022408364	4.35850931122955
ZBED4	6.283655474829926	6.334856734071833	6.29274750672397	6.130058271797413	5.847103589198927	5.51240129500632	5.268281823996764	5.417231168423481
MLC1	5.661510407649791	5.9666856974683915	6.117640438276245	6.188291324750911	6.354224214289373	6.2929641693994745	6.121007303575812	4.28102656778359
ABHD4	2.533708728665319	2.5708955152458817	1.955101700525662	1.6972790675458413	1.079376886387585	0.6493726847600678	0.9965558054094272	3.03169817339344
KHNYN	6.261692469805483	6.328871697992218	6.30421153961579	6.309145051133115	6.424146703432022	7.19159568419674	7.106005550688584	7.052369491409051
SDR39U1	3.2461069836920124	3.3760815545763263	3.382298268970626	3.334425444818704	3.442163808404729	3.1928661319175595	3.0564367102960417	2.0845579969671233
CTSG	8.121610754130101	8.29990006812597	8.348331776307969	8.58174780844355	8.711728039090158	8.635730920117147	8.51628943385995	6.943233628119582
POLE2	3.7486142634423056	3.7259700618108367	3.6803876105297695	3.7184736743853906	3.531520500519953	2.9103009498934704	2.8876484781241434	1.583199180019058
PYGL	7.686164967969029	7.677340884622762	7.720242602826864	7.8108351795014155	7.8123937805605985	7.532829688163943	7.115441587757958	5.461296716790269
DDHD1	4.901617022108023	4.788267204040328	4.877481480396978	4.785936256749942	4.760692397181007	5.38280632154569	5.938098517912723	6.452622352828884
CDKN3	5.277314696983954	5.330030431448705	5.388015410823957	5.412312044034086	5.3436431777239415	4.985395845960262	4.908732218499051	2.7126963791792837
CGRRF1	1.5065952318168057	1.5142250614396742	1.6416863513276825	1.2674991143721992	0.9878407376780917	1.9629549081776656	2.0724423481602154	2.3208004746665605
ATP6V1D	4.903923075877019	4.796622433696369	4.7508000623072935	4.856246825423836	4.822673817537854	4.715387055587232	4.79558228753497	5.990317339213636
PLEK2	-0.8521354857344543	-0.8158538630278274	-0.9901147505166358	-0.6962726215136172	-0.8792344917752849	-0.6450727314170407	0.2846246495836019	1.58138678992598
C14orf166B	-2.2599404767086986	-3.6768888245741014	-2.9540840879878885	-3.0517637894967753	-3.3182213707906105	-3.5259926623946494	-3.4399276575071225	-0.721049017408701
KIAA0586	5.669491612486214	5.62000789427834	5.651286093277806	5.68922073071556	5.399739467387285	4.541290083880342	4.505123077290834	4.347435051648534
SPTLC2	5.81801841722514	5.821542294201885	5.79124016725889	5.689427912266247	5.458457586600291	5.6366923488084435	6.053300996562987	6.276438434926309
LGMN	1.4049608375164668	1.4932404179468297	1.3722274184187873	1.4458014211273054	1.8128364944653335	3.048163589245412	3.853210029275994	4.8747214895680795
ASB2	1.3159535259087924	1.4151454075033638	1.523748415414059	1.3815079581604595	1.1085831099261183	3.3759606466742915	4.375308857743898	2.5778167677304245
CEP128	4.868512368850103	4.857484284968834	4.952468180970534	5.011946847768042	4.980027136601811	4.489015424813662	4.2827907292784495	3.247825971506855
HIF1A	6.864315661050853	6.875166433913344	7.166146190414983	7.631064641351381	8.137856120075867	8.983208972780483	8.680170943931802	8.612492252442554
KIAA0247	6.081222537652044	6.208451708628871	6.427140618339449	6.974853611947767	7.621385515435403	8.279595370324955	8.416461080895544	8.99032320419969
SLC8A3	-2.9820328822831694	-3.63928453773675	-2.5131194467789335	-1.3449752364359029	-0.8302213610069675	-0.6847268190416516	-2.7210999044657584	-3.3868001590145784
ZFYVE21	3.7803526764924085	3.6432433262645834	3.500323384169838	3.2251001274264013	2.740944678127369	2.443957437725053	2.816562923391718	3.4961242239999413
TELO2	5.958332961830202	6.054635893220198	6.091172060919964	5.945175495265943	5.99275631015605	5.408187162087879	5.267746503929811	4.629423975960654
PCNX	6.507369462696698	6.4866615876352505	6.589471826260079	6.740773325268821	7.090307491404987	7.757662869522144	8.004249089384611	8.072555510690181
VRK1	5.769594209917414	5.7532796846791285	5.864124534782739	5.980567428741709	5.96005044924182	5.817874477488914	5.744533008428229	4.334130024349591
CCNB1IP1	4.784378974817483	4.760477775712642	4.751155507571428	4.707442122318474	4.681307619829552	4.1946643997089295	3.736032091704704	3.245880090983899
ARHGAP5	-2.0699952481061996	-2.5372772760297524	-2.321462951906141	-2.4126923197361507	-1.6903471800173029	0.5907761065708264	0.7562473692206646	0.6443498215312438
SRP54	5.844492901662651	5.777906291337523	5.863533127333575	5.970739612432554	5.996604890660967	6.201300044643541	6.492083001213974	6.879052631456702
PSMA6	6.6544956793282815	6.605465564349319	6.70696205549051	6.826100300220817	6.936039128928862	7.357742942168517	7.5801301129859135	7.968464914699352
NFKBIA	4.560511144012921	8.329477475538097	10.096234323572995	10.158697159284825	9.938776664947296	9.221548783957871	9.32404265718246	9.124502270579665
PSME2	6.626042589405393	6.679819404968136	6.704636737313045	6.949720876651289	7.142095004433644	7.944482603570346	8.421937273611423	9.145254646797165
REC8	2.5487782025327377	3.2886767826081935	3.722290851274744	3.876539043804112	4.28625617508534	4.730773998722064	4.417159934486061	4.007755356560115
SEC23A	4.276258015408196	4.247158304116749	4.3408859671462725	4.141514698940112	3.88047551235739	4.525685818086897	4.9094878868626655	5.644329204847153
RABGGTA	4.2974968799481985	4.516716027010778	4.4699865058964585	4.466045253944485	4.68492420815096	4.776754569536567	5.062561509376531	5.389792400209345
PLTP	4.2143815351426515	4.550487096448963	4.527519896946989	4.591137135285307	4.675211450414597	4.615450109558202	4.411867191382698	2.729275098254601
MMP9	6.870075535105922	6.9161836175401135	6.774929800079814	6.673994169488478	6.749739115453758	6.935353223702936	6.8674960254229	9.929388385520907
TRPC4AP	6.275690329866974	6.356046099041004	6.360592485045077	6.395255490427453	6.425891628167902	6.684729363639548	7.068656248152405	7.587798250212318
ABHD12	6.256662037736622	6.361939520058062	6.337745059438639	6.253678894976812	6.231847287882611	6.236499668143564	6.586375874720111	7.72740651792748
PROCR	2.65085889938569	2.6219631396537197	2.792247100273114	2.9209948597287734	3.062518042697538	3.793189333150847	4.026782063866392	5.23835805140266
GINS1	6.071730803655532	5.9976029235525665	6.000535850572152	5.96724591892804	5.871091862445027	5.796035399867822	6.1149844488098415	4.253808990979339
NINL	2.889635679341485	2.9855295918397933	3.0567814163375457	2.9255605746503504	2.7189446340022236	1.6748706612849613	1.8049596430930266	2.656045881837636
CD40	2.121799505611393	2.542274859110247	3.8144357654680787	4.996878165323851	5.979654893734816	7.518389856060068	7.900871686556528	8.019043543863921
IFT52	4.235739307228747	4.208296948718219	4.23806969597889	4.307062161794147	4.383390844484009	4.441923926735873	4.264762258798566	3.162142035527417
MYBL2	7.9524556004524385	8.038777622958962	8.064813139454895	8.162784886607422	8.233650976705675	8.02556070327071	7.806362103198384	5.047288480746603
C20orf24	6.921645863495333	7.006228195979425	7.067327042973522	7.062583327960398	7.06913167225816	7.493988986934291	7.881014100201759	8.159577172312343
NFATC2	5.733196868685561	5.69246631004914	5.602593295423794	5.4578871860099865	5.135167097330013	4.312567614407733	3.8816165461958336	4.761266580966558
STK4	7.3391843614602035	7.301789926758186	7.277167270794789	7.266268692935212	7.177918710972159	7.437958303711955	8.134790798874302	8.557143780812567
SALL4	0.5334072904196312	0.29489940125420816	0.2730923433053282	0.2215732361575297	0.44417997648837027	-0.7923580727438537	-0.8854268315666527	-1.919739240106018
CSTF1	5.154603323043004	5.043811545406952	4.786564988186067	4.435431046091596	3.9537433968462574	4.260978961026944	4.499734195444207	4.460436760212075
TPD52L2	6.824224127765032	6.83452538445099	6.738063166322721	6.695356586865685	6.557287203386091	6.087003791510485	6.1992632366549	8.042016540649417
CTSZ	8.597807164275864	8.679120732665139	8.707380079428036	8.815031231399423	8.916369020442122	9.133422772236832	9.442606293918313	10.947070172971566
SLCO4A1	3.380340936353124	3.3579614219842746	3.4234581248266567	3.3294526552742236	3.52287799907836	3.1377768506421573	2.587619972894704	4.802958189194097
NTSR1	4.4261584216462655	4.426165777977605	4.556910399360566	4.2786895000786105	4.193100333421494	2.7576493395875756	1.7896037085846321	2.079651572249783
TCFL5	4.593860258965969	4.5764319071770245	4.67214731919153	4.64667762598045	4.609536596849784	4.201596386461	3.2857172177747085	2.9375799293597336
SLC17A9	5.538630106395187	5.643980983501439	5.595227756879405	5.413209893631867	5.4356290809474475	4.46404659712382	3.8609240366342266	4.8566871080339755
EEF1A2	4.691917608445735	4.84403957456759	4.870655562961397	4.878750549734356	4.898174611307798	4.637364529644323	4.330164352399199	2.6178203160609503
C20orf27	4.6841516498448055	4.832184989350303	4.852513372431037	4.75102043267833	4.788763229965902	4.229330216947771	3.6212381124494035	1.8633307003897595
TRIB3	5.703770959122688	5.932755227393387	5.910680498798694	5.8062807173364295	5.850722812755602	4.793231512962725	4.439870589090603	4.65682206107901
HM13	6.857481673885399	7.001069032533119	6.982163874092889	6.996671038794423	7.142842575641284	7.383882727063308	7.5594425235652105	7.940486567991455
FERMT1	2.102413316355997	2.1095094465763946	2.3013662063610782	2.3666718159348985	2.198798517690121	1.0402987734000768	0.6167437153024005	-0.24095578794347466
CCM2L	-3.845626198744216	-3.0279034426944293	-2.2286555636316785	-0.2144200268802144	1.2304256546595354	2.3396345414651836	1.1570622777560802	0.32079511412435924
HCK	5.401396950117967	5.542833368823615	5.682635656219768	6.200817283041173	6.747038336602495	7.730262608061157	7.746926955241549	8.173284707894815
MANBAL	3.287895187295409	3.46749236082658	3.2361452646683193	3.4115616555023776	3.6236103055061104	4.431601485234126	4.528987093202736	4.697578270727339
JAG1	3.5431624261028647	3.5749371115527375	3.8788001014822022	4.67366183524555	5.298680622243191	5.45773715776694	4.40386018994657	3.867848920769255
E2F1	5.719651498384989	5.8671427559786995	5.976209754589972	5.959851699914751	5.87240626816183	5.3058348348047915	4.819713028378397	2.917226840539482
PXMP4	2.6154464601186085	2.6781426037759655	2.483629734323322	2.146078845848641	1.5795283281169965	1.078783288901434	1.5181484218386987	1.0132914811099416
CHMP4B	6.0964060708666485	6.082185013697658	6.1707875789222335	6.423650464008622	6.577314438590273	6.665296991968749	6.81857210237565	7.207844922327735
ACTR5	2.829045579105815	2.722339414662223	2.557433315379628	2.518798838773946	2.3705921667060235	1.7909469814455812	2.066860086879467	2.2016693765059863
AHCY	7.061077457413847	7.137804654967578	7.14276002194913	7.180740408661988	7.210574160908658	7.123608959440766	6.796370533214956	5.8426125060872
FAM83D	4.247586904860638	4.2556312859164915	4.291856111776912	4.149817399507665	3.4442333756033134	4.05838789002577	4.345460519676175	2.042777490336733
MAP1LC3A	2.5718999422258326	2.758849692566975	2.806531067934774	3.061856966763928	3.3294638531636402	3.5180152787781647	3.7207287530616986	4.313432517521218
PIGU	3.955338029622196	4.1333416592287	4.092019324404198	4.124678891533907	3.9275630539288304	3.256626565684533	3.2810605198757288	2.7369979177832344
ZNF516	7.549064380932801	7.696026721790207	7.804323054459829	7.204042661027744	6.184015920528376	6.9071447962880015	7.603749633267711	8.075173469357287
RBFA	3.977404482996902	3.9974705395404957	4.049783566962135	4.186825888149237	4.058655033318957	2.924272525027435	2.442077704955392	1.9011525773012985
MYL12A	8.092574889157135	8.063555287323355	8.0804280537691	8.166957640888175	8.18929268223484	8.363473847183894	8.562598720382871	9.246777182700885
CEP76	4.051395501933533	3.993027288645849	3.940842422244344	3.811758797881301	3.507249214795141	3.674502171613244	3.6511552261545814	3.124405057971738
SMAD7	4.865669420858272	5.285227682816548	6.1655021236928125	6.746405760212896	6.837660749063289	6.512595398431502	6.502591915369184	7.028942562062899
LIPG	1.710569681054826	1.6336328995510265	1.3570245220066168	1.4372857849473943	1.5446827655657724	2.7375070853310586	3.0996975537499125	3.6014799615275317
RNF125	4.293853386689645	4.3681482037775	4.231904388865013	4.009782902584503	3.6519152822555565	3.037279045332074	2.9771431192829567	2.920723819493823
ANKRD12	6.4956793241827615	6.441135222394467	6.550173675915376	6.919340873002287	7.170208850770557	6.911749606464124	7.177174175680408	7.754119479185698
RBBP8	5.443022525570601	5.33895773134752	5.456043189826796	5.673857189086025	5.861243347339034	5.932138608672313	5.530319241288241	4.096738482892969
VSIG1	0.5402874150649561	1.0068086078704983	1.2275449804054674	1.3970607766229364	1.7874585584440774	1.9747035823840702	1.6311102686753265	1.4276284629004847
POLA1	6.015776427961642	6.012758992502766	5.978128304972325	6.136824924218235	6.122949709814407	5.9856069064609345	5.788758940353633	4.10100424085549
MID1	0.6001775487570322	0.7410588423271405	0.48406569334275973	0.6783409749824034	0.542354718315011	1.0294706223141779	1.8113244456731774	0.5928048988555226
NXT2	5.306335016728714	5.353427668508928	5.519085780360906	5.649861350923935	5.826329682363745	6.344980651980529	6.450370457660446	5.541955938119996
PRPS2	6.520063881300988	6.514473388857459	6.704740010489417	6.912853612262419	7.216730853036028	7.855994246869731	7.566750438513477	6.507171617409539
TLR8	3.8294040954344486	4.264232578594945	4.569042674829497	4.731275901135993	5.141838112100492	6.402787453613856	6.393393820078798	8.155269109142331
SUV39H1	4.91133065621556	5.032847098371379	4.949268043058066	4.87367124428878	4.619130381303087	4.956215411602061	4.960044455324442	3.3091238871078965
XIAP	6.129173872332014	6.128225349227931	6.214068194398983	6.084981074750097	6.0260180798846275	6.798809854120222	7.0860493736606776	7.336647425131014
RENBP	4.384010900010329	4.380967038808765	4.305722280398159	4.271520107420091	4.154410473882459	3.654140321098971	3.480127705460461	5.742641735825696
ELF4	6.424252189508032	6.552085777191795	6.571457422449887	6.6280411700471	6.729199565271474	7.647405713821812	7.542047216869435	7.370590969613978
SMARCA1	-1.6756670395470397	-1.7742680372140816	-1.1072104456109102	-1.5277924348829495	-1.1712783352808582	-0.8002464384520015	-0.35447436716042124	-0.24340160750551465
RBBP7	7.212001313121308	7.18356212841854	7.1950893049038855	7.289296166981091	7.171902084123563	6.776094720061339	6.544049755680719	5.547516297573517
KCND1	0.8360903623225054	1.212976794904457	1.1805653774778864	1.1846686509011344	1.729438157326327	2.3394926847812187	1.983996008114469	1.6280969959527032
PIM2	4.340564796648881	4.698024851219061	5.224311151020422	5.677372220774935	6.221099147890469	6.994158850454503	6.2635594349209525	6.103994992126541
SCML2	2.8663591694452997	2.962931915491218	3.1363109792448753	3.1004164481406944	3.0408782166182364	2.3074816369505626	1.8302263722697678	-0.5354053553686355
UBL4A	5.184123075599399	5.119478477704893	5.013832986089338	4.749106019776574	4.539078646353693	3.3594577560806864	3.6143158364262487	4.26730527729743
GPR50	-4.308332239710236	-3.797839763044414	-3.8238569624685823	-2.394524524305174	-2.7177222101182132	-1.1384581501819537	-0.48958036443401753	-1.484755551699273
USP11	4.790670051604669	4.938449353241201	4.943653382335146	4.977990689791268	5.033022878249108	5.042507048221817	5.173566254058828	6.191831049634228
HTATSF1	6.218247958112598	6.159551830600684	6.1763423665397585	6.346598015105853	6.355546429157551	5.817970608143975	5.7326521934660155	4.784829195949383
SRPX2	-0.1054433525157692	-0.044602578438335205	-0.18069718204419197	-0.14074094955054672	-0.01605729122110744	0.9875475263830485	1.327933701139462	0.8722481443960639
CENPI	4.619411209551276	4.501471099302011	4.40692641371559	4.39653975492526	4.115745052102844	3.7959230267188664	4.172454454297913	2.9004304380939385
GLA	5.877046246927384	5.951906448724589	5.992721143505632	6.051990595357015	6.1055732905170785	6.280982361932992	6.323318069261122	7.532694649779749
KIAA0226L	6.129862666824903	6.135078888638876	6.107232823503312	5.691433735395854	4.96375008086061	5.080026117950744	5.373159450286368	5.400766331690994
TNFSF13B	2.694481753462459	2.8301003975775045	2.6777935434321583	2.909834744302375	3.942511248379998	7.209719703863859	7.355585796902769	7.729110645867506
FNDC3A	6.216552907559922	6.134393388065663	6.126170550528336	6.02398275125768	5.950167578363951	7.62297608081573	7.706460515225068	7.337142949214908
MLNR	2.655760347817478	2.7286351887031115	2.5193777229045615	1.9030920807510543	1.452202442263532	0.9330419572695042	1.3367185585310861	1.929350689719423
KLF5	1.4716063597403144	1.819194482529358	2.9417931338700054	3.9306232121490394	5.119556474232574	4.634642009319394	4.182471500249518	2.8875510285160217
SLC25A15	3.8113167518795814	3.7805974598545804	3.863034697589162	3.837122454563785	3.8008872441849038	2.935290852129917	2.2035108356194435	1.4511488793344682
FLT1	1.0707394855175687	1.2276420474736363	0.9966783787098896	1.3125048415883922	1.6002545771908887	2.0394341262445197	1.7256438994662013	2.282101046244013
RGCC	3.586907251883367	3.626242036934748	3.935818135600867	4.119709288553137	4.215306154887784	3.3049763724934644	2.494579902765638	2.9083384520305806
KATNAL1	4.137439482919109	4.085214405519839	4.18038010308912	4.142921201750497	3.898204816648875	3.4865934980662368	3.403484109283066	2.7740505557492465
IRG1	-4.026994895130544	2.602162315243592	7.11383033053507	8.731087526291434	9.63659517716914	9.488210179273286	8.452362676114692	8.515371092651922
TSC22D1	4.832883822923163	5.404786129284785	5.886085182976377	5.91611682064507	5.698677524947163	6.1319799369232655	6.183883300109702	6.956484550060464
CLN5	4.605507740715023	4.509268406765026	4.53743037019005	4.5358732035966725	4.618935071073295	5.001629559028904	5.12470825866954	5.947981406192207
TRADD	3.0012263940887554	3.174459654988964	3.3051953442164033	3.122535377934291	3.5078601542679344	4.867858105131873	5.32188283455435	5.329061267795096
CORO1A	8.798116633083556	8.827963422829585	8.8245162492061109	8.693379442334148	8.654501828229378	8.079831458921085	7.758217397301134	8.313971566066435
LYRM1	3.30169292859824	3.598959027560242	3.6268916758528302	3.8836124059039703	4.142467090669864	4.544152933266165	4.57943359272944	4.826954726876173
CENPT	4.616720739896606	4.657894308859031	4.55894791676044	4.6056879390283125	4.648016499400017	4.399487768155236	4.347906871402622	3.4124351912310917
NFAT5	5.627705688489456	5.598294961751327	5.669057852653786	5.861291001459701	6.55031942771366	7.410358266765334	7.036068418779699	6.887075031262659
N4BP1	5.20029965249382	5.25905426526458	5.257591938853793	5.261433473971021	5.4358860213415054	6.974410950319113	7.360850587891718	7.958167699746536
CCL22	3.2535680105857256	3.3857616754446562	3.4521531081775287	3.5551227700973174	3.7444228465365947	4.040484378739967	4.603948767174943	6.855668012979118
DHODH	3.3294590265461608	3.3581100941747826	3.4990880386363417	3.3512395442751064	3.1617991891442783	2.0922047624593096	2.115654455354252	2.2938372670826697
PARD6A	0.22440059067282278	0.28974616762577554	0.4675080000693589	0.09154571594617476	-0.08884679998846604	-1.5175721997659983	-0.966912554121814	-0.7447103811880553
MMP15	3.4574177508799933	3.5996051191745453	3.7341698305976925	3.704294198432214	3.6316811944949263	2.7603718702165763	2.484131860962086	1.6328369366216744
NDRG4	-1.1297334639074017	-0.3877868957772177	-0.8160218631434473	-0.23839326550146023	0.3349234256017575	0.17706684858281047	-0.6987135167251983	-0.182141808687474
SETD6	2.4055325247517274	2.2925013647796852	2.2321281448010097	2.0504379114148814	2.1002652054179762	1.4845773485806757	1.3255658744643333	1.137234436932257
SLC38A7	3.974863097550772	3.897496568828707	3.5831854189934313	3.2876586557488148	2.9669413109873672	2.929071676676581	3.4879631923236483	5.737444234632017
VAC14	5.255589784978257	5.403601427644842	5.412012959402328	5.347929929995071	5.388859109123015	5.102235313085568	5.2775828484091285	6.488436153085992
HAS3	0.6564050156171453	0.36944398533978084	0.6007202920996114	1.2476515607670546	2.022289080476288	1.274771779590175	0.3528582807617999	0.5109513319947666
SMPD3	0.687572432177997	0.5956217056652936	0.042207719639816274	0.012664535413035874	0.1754033162946731	0.969528529615778	1.87416783644779	2.6664955073124554
PLA2G15	5.521295203012196	5.511943463625073	5.2496215890561535	4.856982345994876	4.478977567988211	3.3782493784645418	3.614430799008016	5.017866186606789
WDR59	3.8858778860361665	3.9708631542447845	3.9907310990016756	3.9682209104359174	3.7919904379412355	3.1053554329953204	2.8958888317173046	3.9316679519380324
AXIN1	5.240929984001215	5.252937489361306	5.231376335520023	5.001138653659121	4.731260413801042	4.24380835607546	4.4658327026481395	4.768928416781135
NECAB2	0.7324982588773417	1.0240140773996815	1.0033827785178442	0.9705732135856475	0.7698645364428949	0.07787598271083462	-0.76766510946995	-3.463188313936149
CRISPLD2	0.8145638386788998	0.7822097377008108	0.9301426942952071	0.9210854619234783	0.8151988242016132	1.7292623589175875	2.3080908913812257	2.8539481530199025
NME4	6.080290513448215	6.201083488039895	6.1702599547667045	6.266946339007227	6.254164000042806	6.03336582120032	5.811536708991135	4.414548117673037
ABCC1	5.675822114156208	5.790279527110076	5.815455446929778	5.861836000521327	5.922797437491658	6.511152546310665	6.9893935177717985	6.673116794909552
FOXF1	-1.0338231276934318	-0.7800992022034209	-0.30512078143189486	0.9320243844278783	2.1685915733025745	2.5053169900677252	1.7911509060688822	0.8567714348043234
CLCN7	6.610745245894426	6.760442826978512	6.7354863850565785	6.530127237586511	6.395394001898367	5.47036753419733	5.393133228376438	7.2469335602098335
HAGHL	3.7534341933162	3.69575474157873	3.785769452772964	3.4755131740808585	3.6041214207908236	2.8457755072069144	2.303375541304198	2.2523786350298582
SLC7A5	7.070747916688554	7.229918888145497	7.412148129770733	7.6979160107894415	8.322595347115005	8.377828979579622	7.662491450867115	7.086955839547233
RHBDL1	2.018898937815543	1.956538320799816	2.2164407529188597	1.8163082171449028	1.9926569693895542	1.5665358291072522	1.3448785822354201	0.8177246089982522
ZP2	-2.381676386607114	-1.9335579479029472	-1.4545296168214623	-2.0824519963409376	-1.0423202823145479	-0.2811291204327888	0.08512716631177028	0.704637060120716
MEFV	5.0482259884606435	5.1809105634996815	5.654480025419047	6.273985876346918	6.940313525487266	7.732691104131206	7.835580402323148	8.025949144663654
ZNF174	3.5153347153886614	3.4135994127890514	2.9491035988029175	2.457944597781095	1.7996126001263915	2.6413936082587064	2.8030169219878074	2.9830187296731143
UBFD1	5.492983984186006	5.429345326871208	5.442186699491834	5.4243040138487	5.571416923066641	6.009971136943964	6.234567805664076	6.493672296672478
CPPED1	5.340043227906037	5.311652968503636	5.318289567813418	5.313901835243371	5.232655516347391	4.536677080436958	4.373484046835811	5.183677805110149
HMOX2	4.165981045948143	4.072827016877067	4.136195557421296	4.1518199032406855	3.943885302946423	3.1381122926544505	3.376030143859442	4.718351550223442
CORO7-PAM16	0.7553772178518672	1.5311048551191373	1.0770447591707901	1.0242807196975696	0.762528316860961	-0.5658223103282747	-0.3142795137622776	-1.0598448419021773
SALL1	-3.1025737819835917	-2.715197698021081	-2.9936657784719163	-1.8933949199986526	-1.3419225834014354	-0.14152871305319858	-0.9957895599339561	-2.8483117021886843
XYLT1	6.174131033654241	6.20684275785531	6.237793609831769	6.168625935664821	6.121056125454733	5.88053418606118	5.753336501234527	4.9288573339020205
MAZ	8.387081783593082	8.502263621445632	8.503382898867496	8.444072699586592	8.454277871362727	8.13949357332189	7.744785995057374	6.483425359198735
STX4	4.831761054939491	4.750331500380604	4.794015579599628	5.110669413417491	5.236501752258441	5.576627044858034	5.891837911095965	6.490417386260276
IL21R	3.665120250965254	3.750375222349451	3.5936366229620926	3.15765035850053	2.439125561445568	2.4175359542262536	2.813770262230774	3.7421310452449505
TMC5	0.7494526919157338	1.7180832468170817	2.175031678319698	1.8006184031278538	1.7507789874794866	1.1556876865170453	0.7477314901952731	0.7746956252016952
AQP9	-3.1848379475065567	-4.076763669173083	-3.3162494542677097	-2.2607165111491585	0.1862732879950989	2.009834766855166	2.627150146683367	1.14496833645266
IQCH	-0.03694144956470524	-0.2862786387960975	-0.4080524249567916	-0.5570746456012732	-0.44915321590227925	-0.9604907701944241	-1.0936327913786914	-2.3574811509856652
LACTB	4.594119480902053	4.748182090118037	5.79289794299902	6.60078416078323	7.106647290644149	7.968661470998109	8.008532959394493	7.711459818101789
CSK	7.228287900341391	7.322404854504417	7.2563539393237555	7.13217696796211	6.953989964867901	6.711443592088326	7.482552699962431	8.434202904521054
TRIP4	4.125557290881011	4.040071209883058	4.073027382490415	4.136596161951134	3.9426331784499964	4.8179828670413585	5.579177314628055	6.3569227857279715
IGDCC4	-2.381676386607114	-2.3176124511470757	-2.130559067176367	-2.0640934454349273	-2.895615021276249	-1.7264604398785952	-1.0284039645093839	0.10375733442357346
CTSH	6.887776573523533	6.929121538949254	6.75496390674569	6.8330463597455235	6.800460291096657	7.001700990463215	7.317225374130951	9.489079316904402
CD276	6.432469589491378	6.567634434040131	6.662767963124005	6.713557568501132	7.061902574412256	7.5380228272911705	7.722150181543771	8.436861123699373
FAH	5.340367760588684	5.393370020773519	5.35838845471908	5.378704935060467	5.411255261891677	5.216870018066422	4.954672326120297	4.163758876681843
KIAA1199	-0.5327993107111092	-1.092516153302602	-1.2035160120130408	-1.7987330794124246	0.4268240435479509	1.4723286487743001	0.7606983988441987	1.7958635274762744
HOMER2	3.114755357171378	2.967910295082361	2.8877056057947152	2.960103047580165	3.1484999487621064	3.116948346063194	2.918228458312883	2.3405485249975317
EHD4	6.639781196903985	6.731485878349918	6.6580974378513424	6.462316327193792	6.18724839879311	6.640998945963727	7.717371707007851	7.943204751026465
ZNF106	7.582177091355787	7.49443800965272	7.50794129596258	7.387312384204867	7.178557210729261	6.503579990319839	7.000490245352662	7.76839879802249
TGM5	2.3106873503255567	2.375388469114171	2.322095332583298	2.324229499617503	1.9962903323397887	1.7640162439462461	2.5769690575648343	-0.8105250341626018
BMF	4.552754941890546	4.652551464898801	4.479696453726141	4.587686613293274	5.014751833886663	5.854355169355335	5.8786017425249	6.717775692774791
DMXL2	7.235941346022317	7.252522631835381	7.328342050712032	7.505843291013287	7.9448376803788445	8.198894269906045	8.433188297910323	9.64560199308288
SCG3	1.5134119764646445	1.3841162191477634	1.4210058746831313	1.6131113290068493	1.9154192364943412	2.350903490596215	2.9019397732133134	3.245574929975163
OIP5	3.5555140496102	3.5734029459597814	3.55440181635696	3.518298242392241	3.2368269313465006	2.63602585935584	3.0293618207530946	1.182879050850931
SLC30A4	1.8191345802596213	1.7854839816463142	1.7977117297589755	2.3363155500893464	3.1038055189327167	4.146907169532296	4.253059229602522	4.717140554483732
MYEF2	4.831794209448554	4.792064887556836	4.9274619990136586	5.095551428127731	5.157381983045772	4.718691333165296	4.618171177852377	3.121963729249318
SGK3	6.420451494963608	6.4083518318580754	6.472706902967575	6.538812042911658	6.4487139860695635	6.376128942495089	6.962319902415288	7.731630427899001
PDGFRL	2.3888183737592454	2.4411085397699273	2.1042572554326755	2.005682547086894	2.05398771442495	4.597481594142812	5.285909896836923	4.6823637602360115
CSPP1	4.915906860993881	4.814323791411493	4.8437231664847396	4.933906934382824	4.602228750599925	3.8797887281909436	3.7996697239962263	3.5449557216194254
BRF2	3.9078566014912903	3.352761370328488	2.442971465328613	2.442140721870052	2.820070674084767	3.741472109889859	3.7709269047683134	4.551069552572342
TRIM35	5.48224702581987	5.427670954832379	5.303662441853444	4.814774553459051	4.313545817414768	4.653226077045273	5.026542261403755	4.819345071079285
CA2	9.033974701393385	9.104987663352926	9.217612289306128	9.320164023921459	9.314303041453908	8.364324745122545	7.285184018036798	4.0949998354500075
FZD3	3.8068835742623115	3.783902655743012	3.900126042852226	3.625220897255205	3.4176685345129205	3.018029174234247	2.854360977583182	2.5549049131785226
RIPK2	4.063750815818537	4.178015060731781	5.256995790551461	6.282775089719609	7.1310245187299515	6.95561988835359	6.348592819473961	6.104467485716653
NBN	6.799848637705054	6.699566602752727	6.86675547662716	7.161230952547397	7.615328602703615	8.541585005702586	8.626176522071862	8.449300767339915
TRPA1	1.056001883718804	1.1828221901054614	0.9622100063228916	0.9452368010736787	1.3764385517375832	2.8212726419607455	2.8723202816978706	3.181865719003559
DECR1	6.154420477118846	6.072530421567414	6.103616399779373	6.162587484335612	6.197704739221853	6.726404084641578	7.048565364775285	7.657745282558908
PLAT	-2.0699952481061996	-1.7280662709701138	-1.2292758511843835	0.042239235988254034	2.033930877202315	4.188528105422447	4.196133063626046	2.141754397430693
STK3	4.542118758576135	4.577453245748531	4.653102096803453	4.809627597288669	4.840584589198491	5.924604417196646	6.135679373381036	5.833962183066845
GDAP1	3.538331253659385	3.3757613082817155	3.46116625208073	3.593180806539568	3.8120013579103853	4.248763213258172	4.376789469456522	4.546336419820735
ESRP1	1.0233807537202806	1.2083571413014895	1.195059080314926	1.1235926792612274	0.9338128314552321	-0.48756867296899875	-0.6987135167251983	-1.1733788544056627
IL7	-3.3867195124902083	-0.3996854035083058	1.96385257412383	3.3376748279665795	4.273595511833014	4.890170433715196	4.453106386056438	4.44190509676266
ARMC1	6.423346397468231	6.372202364788557	6.399736137337414	6.33656007847139	6.142107473788684	5.640093660477383	5.843555159355496	5.254983971732873
TRPS1	7.385484196102848	7.406360570024704	7.283531566809122	7.178889729789547	7.344859177350454	8.085883907740941	8.1783528554749	8.464215407266558
NCALD	3.394050412182901	3.489306404454981	3.4986851621106574	3.515396774339747	3.4696021862074238	2.771264401319563	1.7370409579997412	0.0831926959830982
SNX16	2.546797067235412	2.5858875205250875	2.9330561167702456	3.206045782133093	3.2754323122460685	3.94737332841578	3.513211481134258	3.697724158030144
GSDMD	5.61871288186503	5.756221198518835	5.853084138026908	5.904594601576861	6.17961474804941	7.066232626562091	7.475702710787995	7.439488362724896
PYCRL	4.672246881849477	4.78537016811832	4.812604927447472	4.699526904135381	4.625247814835571	3.6596490864514895	3.3764982821593685	3.0704131225003555
SQLE	7.15886718301594	7.1517696035604565	7.20080376212778	7.268768397081367	7.16457430366461	6.177883217701497	5.879693116564519	7.421767844131722
SH2D4A	4.3916522135962435	4.332560048125194	4.303558447299848	4.25971816158704	4.011718068504651	3.5320830536615615	3.3124925897523765	2.6797718280558165
SLC39A14	7.380430997263884	7.364507298375864	7.384964157395433	7.403874588323973	7.42441654272648	6.762232571368949	6.187730917167512	6.568813182544407
ARHGEF10	4.630356663879494	4.814224723330474	4.8690807165482095	4.854467733932781	4.72115937157135	3.9710224885526135	3.47399103490877	3.1968830416588903
MCM4	8.68901190324798	8.725541303174111	8.80765331234797	8.893651225851297	8.904918312390983	8.572625877111546	8.256072679894686	6.37369035569885
FGL1	0.9623546012950335	0.8232079236720982	0.04742761982795442	-0.24717861552400758	-0.6409660431865642	-1.7204250608276737	-1.2698669104458045	-1.3144027459606802
KCNN4	4.962830577640836	4.875115801305045	4.721731299464272	4.544020100500528	4.841478860275499	5.607961113949992	5.559672321479042	6.784874803394546
TULP2	-3.6437446337605643	-0.12040465007720688	0.22432975491583818	-0.48356606583719536	-0.3222191807513797	-2.0539248573130955	-2.510804536175436	-1.9576483746785809
NUCB1	7.387019851696051	7.527937780904874	7.501558506449582	7.635745941131907	7.802376546427624	8.209286063883397	8.423391451159436	9.3323121931772
MAP4K1	5.056691138217486	5.215910307054347	5.249388052015448	5.40304497505217	5.403455496443689	4.721810617671855	4.362277236206666	2.1997891059739625
ECH1	6.150343614381148	6.3041255400517695	6.305280881193326	6.390686091862685	6.447160825610788	6.05160703947943	5.721970026700117	4.622710769083939
NFKBIB	3.664634187729396	3.74851935431011	4.179490673718321	4.639085635558793	4.819623073230581	4.820149217838427	4.9079865849786515	5.20315921322157
SARS2	3.736213831495942	3.949745352404932	3.8057535877595265	3.8155849044483716	3.8482011155642906	3.353044873738423	3.2862730751119114	2.7679632670213605
RELB	3.413799667512445	3.696197914854706	4.882541963617481	6.122231750463994	7.12702571923138	7.45311911581819	7.10033834972919	7.251926774845311
SLC17A7	2.1698791137618825	2.342945033843951	2.041256505827582	2.0804671579100993	1.7648065030661273	1.698407672149451	1.4932047651772455	3.2785573573874456
RNASEH2A	5.045839381884684	5.161206138575136	5.150629813252986	5.21045037882053	5.2175852532567415	4.777290252240428	4.669281582612892	2.9685609918745888
SF3A2	6.510534949476337	6.689993559883546	6.668966944029011	6.674266065450473	6.580966448234891	5.9027855005230725	6.059448141467599	5.387561201085546
LYL1	4.943724176155834	4.976171569551624	4.697827347254009	4.019398460970859	3.1083693962891736	1.8678065926104448	2.358193992757015	3.093093487173082
STX10	4.091461615719919	4.055864804221618	3.938213983403222	3.7847588946768314	3.6682603322501923	2.9432416484303037	2.6919127743301923	4.0708853782524645
FCER2	-0.05542268847343362	-0.22300760783763895	0.022881212867728373	0.07903742000162606	0.3292212523618998	1.2703556071856963	1.5115491622563746	1.0684800871269795
TBC1D17	3.575554891745685	3.7769376018257255	3.845478384475151	4.081182869596138	4.4613479519853225	5.957139407589217	6.419208608583899	7.842243486791277
IL4I1	3.1470891320828245	3.5185769438380436	4.184254295063759	5.140926350805824	6.217307405896586	8.593557275237579	9.570550843423163	10.695315523602158
NOVA2	0.10124552216935317	-0.4212275160800111	-0.6464292352549685	0.32516830620366355	-0.8317906838208455	-1.4327866636109332	-1.5329355172447052	1.7575935578664426
LILRB1	1.917729122504142	1.990486976278018	1.8746426080801406	1.626436976668883	1.4532139067793959	3.142406056209087	4.020635605861543	4.981074519719757
MED25	5.2728399373100645	5.3948756654965955	5.377881281576952	5.288866591762027	5.126173262404878	5.468396028823124	5.82636700231412	6.357852086514792
ASF1B	5.9857158282619665	6.051946993479982	6.045914127509674	6.0496988684943265	6.0545772951321055	6.1465116695566735	6.161113026185369	3.973737369109877
OLFM2	-1.6582552939605981	-2.715587998203656	-2.269243857390702	-1.1393179814338938	0.1168686921454444	1.7332635177339368	1.3334823045229465	-1.5963587637500187
ILVBL	4.817229353312982	4.888412291135802	4.948998644103586	4.811314580454754	4.702495208480627	4.048710073846794	3.808377738830055	3.687218940725054
ZNF419	2.7076264648136217	2.435405124187879	1.8625103147119786	1.3729641359542282	1.4454191494656383	2.4645855526632467	2.3928826426861836	2.313851885004988
AURKC	-1.3248626977447904	-0.7573614062393113	-0.9924486872357356	-0.6295370740385589	-0.6967423353124014	0.11579252415971807	0.48594858631617655	0.2714012328766047
CCNE1	4.638431848683265	4.651627421178363	4.674160023687053	4.7315619884298314	4.574928500343191	4.890481419266582	4.476694700188462	3.1724745520308275
URI1	5.831866631244534	5.789690842057329	5.845808858123587	5.921056435715255	5.869095327266317	5.356136178110816	4.96769178225089	4.74370076610432
FBL	6.2551177374946025	6.2220310356260065	6.258234940188585	6.4944013790230715	6.494512676227087	6.282778175842475	6.029701335492655	4.891448745509906
PRX	0.5523285337496684	0.49851771017792346	-0.002605555748405153	0.061924250999528696	-0.14815421213793994	-0.6417696432438144	-0.39991450199799994	0.4776361807758136
NUMBL	2.5742800253097666	2.671956916506148	2.665197677932896	2.380339952366416	2.1685915733025745	1.6681608517594746	1.2512550752856646	2.297150967448624
EBI3	-0.056756378303943755	0.0997646149345054	1.619534333127854	2.817995872772812	4.407047112282868	6.374933498570488	6.846191098978364	8.265272874157413
TJP3	-1.1140609006170006	-1.051735819973682	-0.7853069757013588	-1.040084308855702	-1.1016517415243583	-2.0539248573130955	-2.5852847148915297	0.537622590735302
CCDC9	3.5569907549253754	3.668854034091712	3.8166942684063283	4.2802546720745385	4.387139099537061	4.406544111549493	4.360682350042445	4.704310409371729
BBC3	1.8576272642441225	2.2441280295724972	3.0510291515231547	3.939197750836815	4.4289818256728815	3.508180028095377	3.3973458033588795	2.9251573151709573
TGFB1	7.243225971750774	7.324238299122614	7.484703030288511	7.626636348290795	7.944780315012384	8.709403603615254	8.824170725621919	9.020497765830815
DENND3	6.826830992384238	6.94393379852945	7.076601162978349	7.290355436236565	7.589234219673765	7.313113451789615	7.129621617432809	8.48049028284985
ICAM4	1.5295941429941275	2.595740712106484	3.3346243972847187	3.5463917639362856	3.5647593094730485	2.9649665381761108	2.6049383210905623	2.8511216020632797
NKG7	2.3183895065393614	2.564530153307731	2.651833411347396	2.577222426055514	2.681148327856345	2.993422074817778	3.1925790229881903	3.5997707889596486
ICAM5	-0.8178689069103283	-0.12006171717852601	1.1062177829294795	1.7165563618172608	2.090458434662187	1.6627036271953668	0.70180780806208	1.7043136385889528
NAPA	6.226968814198959	6.412006792231578	6.4950871898000315	6.650586506184313	6.863334431019036	7.38287998138614	7.694310654375424	8.360459249316976
PTPRS	4.124642890897098	4.254014594616404	4.298289378227317	4.215666508201092	4.343827307518586	4.208901353904174	3.8233600440762343	2.462259331737555
CNFN	-0.050292635643743575	0.4634810844915194	0.688631043126319	0.6139745301236931	0.5980996349095091	0.6342510306723477	0.5075122888510288	-2.6198313882066904
GRIN2D	6.116652113130232	6.244063950324413	6.238336873746755	5.907954646040595	5.583522259670785	5.764933330366891	6.221243988173103	7.276490927746989
LIG1	6.117619008412678	6.13681419080503	6.159989133977132	6.2752148119547275	6.313404025005452	5.976821516568021	5.708555850064412	3.570353029138249
SIGLEC6	0.5243206014286024	0.5723268425114101	0.7033757135721687	0.7297334382819732	0.484217138294912	-0.1204795128957723	-0.7738943754691686	-1.6597163931598367
PLA2G4C	2.8772622401881285	2.8088387273625077	2.9789395046156977	3.229944918124772	3.4709133444913425	4.788299860020354	5.154540569742549	6.437519162119363
SIGLEC5	2.9406004425803944	2.9813890605782754	2.463026848669247	2.462467516308138	2.4923327569103693	1.926537091742242	1.8453974815362657	3.7037543620491435
RAB3D	5.733319889440663	5.793023472837645	5.7419360483050585	5.665631712436737	5.322077409269502	3.7618108022127914	3.138979551341724	3.458901900642313
DBP	2.741579694375708	2.657430545045095	2.5129084548671208	1.9809517799008733	1.0005308823027725	0.08394775006858962	0.32318196795679593	1.3302677628153976
DKFZP761J1410	4.001718528801593	4.208505276546289	4.1836393824806635	4.039556443751618	4.128627290630954	3.859464926531145	3.5669408691778814	2.9048961223499177
BCAT2	3.482581962347437	3.60792207990768	3.4969084750073254	3.3645458544737505	3.3485824868765484	2.6606525012069366	2.390078471996654	2.522424963915931
PLEKHA4	0.36921764551614267	0.6147101278354563	1.0096218329232178	2.1776584936536647	2.8738444554803264	4.396847971742444	4.1199926986674615	2.893844416001141
LILRB5	-3.4989380941360495	-3.2846493474574348	-2.771554150112907	-3.133576213298851	-3.1190004502430133	-0.9225347358645137	0.18221919103255765	0.7825121206088663
DNASE2	5.803636654234857	5.860259900755184	5.638239083156214	5.434789649011368	5.384203523174824	5.343542845230299	5.57044581145732	7.301829920935834
KCNN1	1.5051064419791467	1.664760600501081	1.5771972899504625	1.465577730421948	1.3436169549418426	1.1924820504417926	0.7938161730594903	1.5978642264849758
RAB3A	1.6098185425604083	1.7288842291300026	1.1485553341687	0.0359455370034856	-0.9224364152348006	-0.7732788369293206	-1.2257002341988341	0.6445376091803372
ELL	4.875419779381717	4.965694252483283	5.137149303206976	4.805832349470824	4.689247157588228	5.065595203167538	5.416633178160053	6.315719467190069
LSR	1.1413208298715103	0.5866624419552018	-0.06342629336217248	-0.08187433943300508	0.24506357461305636	0.524316016189676	0.7348923202232611	1.2744719466149779
HPN	-4.551196259797653	-4.55119625979765	-3.2285361522482017	-2.0914898835573714	-0.8317906838208455	-2.0918923798472675	-2.980511579195167	-3.522296093322468
SCN1B	-2.8029290170721577	-2.0437472830935786	-1.2058811848923465	0.6614968110073798	2.2046900730430234	2.31877697359786	1.936841987609802	0.4587287568856072
SIPA1L3	4.770652199278711	4.94351854806186	5.008084339337977	4.879647871901263	4.815782779400635	4.140961761148185	4.521345602876929	6.3115298887238955
ETHE1	4.092499254850572	4.218358033026377	4.235718969018688	4.344475764377467	4.495339725403902	4.707002951265274	4.712516696884139	5.222033969451033
SMG9	4.578609919545418	4.526217419836382	4.704181266504465	5.118594095724402	5.6156823795395985	5.926669061469179	5.692756583467804	5.3497964765628385
C7orf63	-1.8254789847856188	-0.862211958663933	-0.5899839217912481	-0.21708076054583827	0.02601482588580871	0.16918349313558365	0.07126248320544715	-0.5887549244876535
RASA4	5.581697432874216	5.6660846214406195	5.582484103623281	5.5932857039233435	5.666873239755009	6.132552778523939	6.1085697015772045	7.122704378715654
TFPI2	-3.249645152783423	-3.3134430933518635	-1.8451123067663364	0.6362677036371707	1.762066375822169	3.06834028063542	2.814266116223091	1.6316870323804775
BET1	3.975717334625042	3.923274769613755	3.905006654108698	3.756412770727693	3.93540169463373	4.8025487369939395	4.910451551585814	4.7188004855421495
NAMPT	5.1270085876858005	5.288711432975662	6.647368714093257	7.445679527283154	8.029393553881361	9.116169704894535	9.003622162957864	8.964315066555333
PON2	3.9301676662861667	3.810097215770307	3.7793572524836354	3.8369343336332964	3.773769034837086	3.6718924205703063	3.532554300431724	2.222912469954896
ITGB8	1.4498284519212492	0.9771346283895347	1.1377865983098268	1.1773578015830364	2.5771020312058317	6.050419286934412	7.440333540274324	6.009290713187381
HBP1	4.86662803508119	4.951394813431348	4.823532631580521	4.535809182903867	4.286314584938523	5.163390925506777	5.491652970680819	6.678205419816441
SP4	3.7851214691119917	3.7689167880762495	3.7609292638928964	3.564290260731839	3.319161869453151	4.033587255557608	3.8549408515289785	2.78167510506435
WDR91	5.816287551807078	5.824192853528051	5.780728653457331	5.507214341387632	5.005678852488597	3.959361826189131	4.375643725641503	5.319069215782215
STEAP1B	-4.551196259797653	-4.55119625979765	-4.013786176939392	-4.260144718255706	-4.076966088234684	-3.990805895354905	-2.980511579195167	0.4963760726142981
ZC3HAV1	7.332739846806394	7.491164403441379	7.905940768019757	8.745649821663065	9.731542547663672	10.337602250468247	8.570794490085776	8.389623516617416
TFEC	6.461827442794702	6.418856548109707	6.443920194638031	6.498670133546349	6.5610807969988265	7.877128805852033	8.307480104179007	8.54814572989121
H2AFV	7.457584198691471	7.449236692788057	7.5455913218951345	7.575583581861357	7.6374308317226	7.656744752453805	7.306498436649533	5.202839579498332
CAV1	1.1815879958017925	1.3622853184578845	1.630527831909178	1.5239303489503389	1.6494408369556142	1.3875458030981271	1.279887661732897	-0.9726559876985927
MET	0.1630250221993937	0.09877401109917879	0.3152808404660672	0.4575952875318999	1.166647635614107	1.9675790768578163	2.1055075609659735	2.434882475965054
HOXA1	1.5602342622756709	1.1445555282942097	0.45383996644706376	0.07896425923672322	-0.3007258535954002	0.9255075197529863	1.167439775461023	2.028389673272064
DNAJB6	6.3104338753459475	6.289294084574344	6.4338945465366075	6.852540581715024	7.244718018762182	7.874898676222854	7.638231542186885	8.423182026424398
HOXA2	0.4889257767940365	-0.39223708973954524	-0.5414221616352397	-0.7049175413499938	-0.697290751510465	-0.6847268190416516	-0.20326532672034137	0.3369365069103222
LFNG	2.2511895876826182	2.487300922623332	2.8481512985260666	3.160059971237826	3.860544693940451	4.801885229824913	4.6136621882663285	3.9936749264077767
HOXA5	1.0174599474056507	0.8615932978243406	0.923840503798758	0.7288725817544008	0.5049241077257327	-0.43519511854972814	-0.7816749147211075	-0.5337514761930843
HOXA6	-1.0643979220755637	-0.8623614746749557	-1.933019184816519	-1.6640984628506268	-1.9453213137381145	-3.3096090136629197	-3.041917005232783	-3.1743386587397904
HOXA13	5.453368426756802	5.450171102326415	5.2448285382045174	4.7481087415268295	4.160186118015666	4.651571243089579	4.483181592278225	4.193634201691827
HIBADH	3.7868407794493137	3.8102141645398255	3.91825576861583	3.972059291565687	3.9072697594980275	3.5590932685879126	3.4437504408617174	2.771529284271212
GRB10	2.9170610337879137	3.04533853843413	2.99506566310911	2.974436833555864	2.932642391805779	4.442665330117056	4.466606649554775	2.6653459260893992
NOD1	3.8141742872060664	3.957235735694482	3.9015402497003917	3.7511742084650423	3.608621099913453	4.619456710196563	4.918549381882352	4.298566843308718
EPHB6	2.847648987488305	3.0223754795418944	3.03646564880719	2.974613372253607	3.0260559707188834	2.2488387888566925	2.0928426012952	-0.11587146329700343
FAM188B	0.6335038478136095	0.5625663486942164	0.6898533599205349	0.8125466531064074	0.6929765432983048	0.6422083372562934	-0.031289565295924554	-1.4147759253765957
CASP2	6.407668857847021	6.348646052315086	6.239386211260101	6.052367342364953	5.62196510472214	5.173057238045324	5.246104413785645	4.5926203483898655
NPTX2	1.8007226123804383	1.9594997606271582	2.0976590558145567	2.5347665929383965	2.78252215651724	3.257492028764922	3.122743802568549	4.487062114031266
SNX8	5.010345785863619	5.050122434722251	4.994197350731434	5.020799116847192	5.020192892367462	4.79369663933389	4.736975409495997	5.951476010622233
NUDT1	4.29469158201542	4.3949977060668175	4.316550982389288	4.51240528197399	4.4835211182883805	4.384034632003642	4.450228972169221	2.85502614225397
PTPRZ1	0.5053990556135015	0.9868484768815743	1.2682955221868006	1.8621223024334348	1.9969015517071176	1.3377927184069436	1.2377870492924896	0.7730595568342025
TFR2	1.8068590459188463	1.8233869775706442	1.6387554342362285	1.512023637330171	1.2337053522812567	1.2646914180572277	0.7391297876104744	0.2106168061823143
MOSPD3	3.871974902393424	4.096428134798183	4.068262348216246	3.9183086847210555	4.0608259006119045	3.781934488732903	3.5206609431573255	2.8448183468925787
PPP1R17	-4.551196259797653	-3.684327306382888	-2.6738776065843632	-2.1832700283284323	-1.4752699746921905	-1.0401815234396365	-2.7834903058994787	-3.463188313936149
USP42	4.15569883997306	4.176867675989593	4.210234442258555	4.129749808038195	4.509751849012689	5.808064138579785	5.700318881042358	5.446107433659542
LSM5	5.632575766368083	5.558246605120276	5.632011258893779	5.680275533645917	5.738364261381824	5.7974649495663595	5.599234241031702	4.087245465551572
SERPINE1	-0.40483502161998586	0.3581050763452355	0.9201712894852963	0.9279552350634355	1.1449151680347258	1.009022776471661	0.18221919103255765	-0.5370292562893324
C1GALT1	4.65977462410446	4.717974108853236	4.77625714932503	4.667914873729568	4.473824886320902	4.818050040957097	5.327013003745938	5.377482797183234
RPA3	4.396883702032989	4.3749321927839535	4.432610337413949	4.52056338349644	4.5940438739614455	4.667037676569323	4.506645756154545	2.854690610816702
MEST	3.523171364389804	3.59342521843893	3.7265512274575596	3.7435099270616528	3.8715321148448343	3.876463076624632	3.604391168670433	1.1053489087675825
MEOX2	-1.176564003561487	-1.354324170065412	-0.9333012660962242	0.337474924597786	1.5255766305091676	0.8279055824463397	-0.2872617404746188	-1.0762520871524124
ANKMY2	4.534763049032835	4.402549140036509	4.3772158623535145	4.157445178415289	3.72009907147159	3.5821795102232423	4.026331964769447	3.453052754845243
ACTR3C	-0.012211317784018022	-0.30543920437495853	-0.3180195217591215	0.10674494798021639	0.4440584226893035	0.5822216077337801	0.4719566848981358	1.0052171595986772
TSPAN13	0.7023958340963526	0.638608177705293	0.6038170667306764	0.6921810744490013	0.649225922668488	2.5196031881554446	3.5169275780039126	2.1742600614242096
AHR	4.813875272252694	4.843968340949489	5.440685281875444	5.935690442842472	6.312168383505244	6.234866480651066	6.977423157885065	7.273275690426432
GIMAP2	3.80890105537627	3.7186589270972523	3.6593988015336105	3.664773577129595	3.9075178913549293	5.779859341063895	6.049625966843028	6.419822795996028
TMEM176B	2.636360736702753	2.8120867331673587	2.789952617338291	3.1102382780489775	3.295221115284751	4.439670851653357	5.176587306677208	7.7712914474066075
GLI3	-3.538313665107461	-2.9520194517557883	-2.088805256769379	-1.649474586638426	-1.8066267224804362	-0.6360993325517146	-0.22068630391319644	-0.840166231996668
PSMA2	6.278116522171454	6.220622895940295	6.390953617393431	6.569844133523811	6.8496048282149005	7.9516750799044225	8.385511221541329	8.05441993709404
MRPL32	4.139007499045107	3.9817836932497013	4.141826635632206	4.3223028465569495	4.511439649056081	5.3532749111056175	5.648071932425065	5.448474684297723
BLVRA	4.884760288042112	4.910442102264182	4.86218025078521	5.054803374506378	5.236483339439113	6.222411709256502	6.670515138797788	6.664367657131434
PRKAG2	4.442414911939725	4.460885758012827	4.510702987059192	4.45138777141395	4.326752664080721	5.511066839203138	6.009291867768228	5.592872584031532
POLD2	6.3444026475464526	6.450711594589766	6.521945520032993	6.5233702785065155	6.634481823168766	6.467712317028793	6.19141817751533	4.3696592892950115
TBL2	5.0498042870701685	4.990510125704088	4.9262945102583595	4.7565201074174315	4.444009564666123	3.831867848399592	4.375508826310661	5.4540560292549785
CLIP2	3.135812420326183	3.2773106476151908	3.1970769974410427	3.3196519308573618	3.8406575688910864	5.32177452861715	4.693553817475934	4.27793239748772
LIMK1	6.232256154638152	6.3315547881006555	6.199020855206945	6.071071846170581	5.9201383031093515	5.878573864671074	6.254477536178442	7.436709271422658
SLC1A1	1.3335902414428538	1.2619768508622151	1.2828130890156042	1.325543708979111	0.8044236658995305	-0.7206003996340493	-0.6251277769165556	-1.5094335359808624
LHX2	3.2789502365616436	3.335160652789874	3.4468947286184615	3.4699108659777216	3.552717335324699	4.445844930704405	4.711239042115725	4.092585468231658
FSD1L	2.2030260931109122	2.1182408988714045	2.207703585625552	2.201617657059788	2.953116729979816	4.676039666702866	4.906188143776278	3.4105565905225186
CNTNAP3	2.0730171429005084	2.1951542512212514	2.3058871294554733	2.3126333588027905	2.752979534174375	2.9506731116179865	3.0292249258892383	0.9031279682027802
NMRK1	2.8271225177480472	2.8024692145734136	2.706222400393618	2.4721914551447792	2.385650673397538	2.5861369242863455	2.9403974491553884	3.847111294025229
PRUNE2	2.557841238441483	2.2430875470567857	1.9597361633289765	1.6856617709574184	1.096740292962684	2.8118741473586764	3.367813243771063	3.0261564028171346
CORO2A	5.004386191021069	5.084589201299494	5.1182782771050075	5.008779021959142	4.946109313469385	3.626859510155721	3.36888525907357	4.611631812882315
TGFBR1	8.17554228825073	8.08015001358387	8.191404397378747	8.197404724406605	8.226055296308378	7.894579163283165	7.244075240453527	6.407668598051155
C5	5.373516940812607	5.376035707329068	5.415305578606022	5.429989888981414	5.326051870327175	4.896816375254616	4.41510584518992	2.7576911269811006
AKNA	6.383175380978894	6.438352886410948	6.30664082739459	6.059219769313369	5.8437121168360235	5.285374854517521	5.666540035393513	7.302424274956612
TNFSF8	-4.551196259797653	-4.55119625979765	-4.071708826434121	-4.260144718255706	-3.5548686854526905	0.9218169468043802	1.2591104894042036	-1.6126739349948216
DNM1	5.201323377832948	5.256244028595975	5.374556984772401	5.418020299673241	5.489215397041706	5.2445803415339505	4.954935225770717	1.8368726253888097
ENG	7.289767915533204	7.415198712715194	7.26110800045643	7.060616445574437	7.05523017233641	6.533062536298652	6.541747517855381	9.022828035717659
AK1	3.8422177557847865	3.9066948819280816	3.8295795745414205	3.8458260352321116	3.912481418509123	3.6195133052178594	3.5015169055723434	2.7280664600629727
PLGRKT	3.4860125417346843	3.4306348351696734	3.6427099765450155	3.718621773933439	3.8479367655586287	4.643054881671354	4.912599560216446	4.972132586747236
TBC1D13	5.5460666849127405	5.699515088156426	5.524989465051075	5.287806790819754	4.93453504936004	4.511481197650942	4.822004748953888	5.7676212544376515
KANK1	4.416116770842962	4.401617589768064	4.513177189197947	4.8388259645589375	5.513833257293179	4.451013151504867	4.223801224606312	4.775839165042617
NCS1	5.342544506793431	5.349341645202214	5.418493220400221	5.395353216341212	5.42775473232566	5.348378555230025	5.172279525943445	4.086523630843845
TESK1	3.941364448957096	4.020245151182732	3.8090941443277186	3.6913178552641126	3.52308014331959	3.8905098384936245	4.518417560302684	5.293021420064482
CREB3	3.7616780555577387	3.790827152316293	3.725760860226165	3.844241597909206	3.946000334566275	4.46332044954525	4.825914531800671	5.411746348834646
DDX58	4.289474140798147	4.391546873640712	4.7096395738117085	5.612724908189499	6.488533752797041	9.267862854980212	9.22215071357476	9.055233231722232
PIP5K1B	1.031397882219145	1.32255369427853	1.437470936596583	1.20437656091649	1.4286033988044435	0.9257259045253294	0.7904257028038808	0.18960127926976236
GLIS3	2.0985194177482054	2.1304495817405256	2.1158647781840125	2.2546346079808366	2.701987576921276	4.973333371920003	4.5342738444411195	5.022294921292211
RAPGEF1	7.3777416589159435	7.4746276796179005	7.41363337639884	7.381938857210383	7.514769040780274	8.123271226874074	8.635534374902916	9.428720891860095
APBA1	4.464904082185459	4.554831791009625	4.649347699333872	4.674088694680199	4.5342497043718595	3.0908383573536637	2.639396375332943	2.3389764360547693
SETX	7.805625047378582	7.760385776542485	7.735464009793887	7.612126748382021	7.422743552367652	8.375085869379664	8.702595270697056	9.005773634353085
ABCA2	7.160028050999137	7.300623125160305	7.347149489123634	7.262773231053213	7.447632741048536	7.182389248102199	6.921837699728716	5.227781726763519
SHB	2.7514041345583666	2.847799293110869	2.840379634271519	2.7663965856220485	2.7215930093267033	1.9256735538181797	1.1454159205835235	2.0775801060982633
DVL1	4.873043484800151	4.9775142120515445	5.028848913284763	4.953895556667278	4.889111934400877	4.205828779951299	3.792081765990073	4.376671414828244
PDLIM1	4.129598191439889	4.293934873315633	4.339414336278125	4.440779429788755	4.4105434281942975	4.118673968470314	4.076904866573653	3.0171467750866334
CCNJ	4.700707475347024	4.638854982989869	4.814547288107667	4.755996690909903	4.810784153885952	6.087600065240319	6.229159089204208	5.720747480680648
RASSF4	5.96497408670875	6.008978712262589	5.956980128529899	6.000572344604519	6.055699466775881	6.959714721554148	7.031681136118101	7.896098413302628
CXCL12	-1.4463350854664458	-1.2577654036278032	-1.6444285895476924	-1.289059372460747	-0.34778364406018536	3.216628185361458	4.281188374622976	6.004463198671146
ERLIN1	6.838311309976296	6.901819315462607	7.226323064709305	7.341534450340789	7.047463797650179	6.134866396387129	5.5087383234703085	5.174191417977314
PKD2L1	-0.2669298475918017	-0.289775814216049	-0.7446003132578796	-0.8497563165495252	-1.020905934495862	-1.330788238341277	-0.367457431901764	1.0354916832502379
PALD1	4.417791423213155	4.429831694969566	4.415425340812083	4.253639735999249	4.071401815414503	3.35655545145481	3.0805414893071106	2.8198584437488186
UNC5B	2.946870406922786	2.8930961874320387	2.7590269139160384	2.82149999893483	2.9152393095990288	3.686026614409749	3.7338183716265965	4.232163769261884
C10orf54	6.341541603657813	6.56383573742189	6.446898621846465	6.242215930407511	5.952003736005258	4.617607413541386	4.940569423694617	5.986833448026947
CCSER2	4.236544851397799	4.154295642790315	4.150509165486978	4.099120147707002	4.119173144008691	5.715335963381881	5.924411057359091	6.211183269112908
ACTA2	-0.4371773835976275	-0.26515161339751353	-0.09737981757541803	-0.03418740238740094	1.022223626390357	2.79948175097185	3.1190429545319054	2.3957943680603497
C10orf2	4.086509751941048	3.929242605034046	3.818880953939489	3.8055211972490657	3.5740428400207906	2.348569167522923	2.8326104173040796	3.221996058921742
NPM3	3.7131231275192143	3.600937585096046	3.7109670433128734	3.9084217315827705	3.7764312412533787	3.591142699154301	3.3031475643088286	1.924519560762206
TNKS2	6.636847642610439	6.6174872670057	6.747200780774922	6.665794330368005	6.512054996390344	7.538992360475239	7.722322285142452	7.752068516410729
CPEB3	3.723885195076274	3.782933441331245	3.910959064704305	3.8438614470739356	3.875670869155176	4.778206751696179	4.705177210953641	5.18552849944337
SUFU	4.434055206951754	4.457589864512345	4.369606001542042	3.9194283992779253	3.200883487334541	3.1399764611918872	4.3448286779627265	5.597290151601092
ACBD5	4.996011693033422	4.879600667048587	4.853832552139613	4.737836063864059	4.334004601804635	4.987397999549186	5.538255107858399	6.16185345841728
SH3PXD2A	5.587494244367712	5.5914294933524875	5.5736405607364485	5.438343011309243	5.265817784239427	4.446377228154016	4.319490829595919	6.748499116468255
MAP3K8	3.249887084237682	4.260318004643192	5.935048437704223	6.97858918765672	7.91195109569248	6.9929832917696615	6.146944883336417	5.111861572978034
EBF3	2.6942170885670045	2.86913317088122	3.057435015907836	2.890610134127457	2.173586619128629	1.3825510470916904	1.9574968724195543	0.7094778251115507
SORCS1	0.12402843980588268	0.47097102245644534	0.057168363453996895	0.08168627323658723	0.1878852025405085	0.009220802832729358	-0.09206052858758201	-1.6822204270844627
SMC3	7.1365128605494235	7.078621366570671	7.08290901304576	7.14150142777084	6.815842887139873	6.225755710059933	6.579179851389914	5.768495557184659
TFAM	5.7389078662660715	5.645577283144409	5.716159735556637	5.733594069139306	5.64065512872274	5.076538302265375	5.011074584309792	4.4125045912403085
CUL2	5.947128053086463	5.920881591356609	5.93441119338369	5.978379525680047	5.9663448034514435	6.784200410868978	7.0874742473028345	6.9788943418058125
ZMIZ1	6.880939074689508	7.019201588750732	7.001176310980831	6.954188696788631	7.018523411968655	7.677530637690829	7.656430412184154	8.324729608066717
PPIF	7.045179987686577	7.195348698408663	7.435768649570496	7.856616656415463	8.261541480327905	8.365805277257142	7.958593382662656	8.688896225159223
GIT1	6.212837550115894	6.334660240426784	6.33893241578175	6.153449012678905	5.976199572782507	5.038596588105974	4.943397210346932	5.4066660498473205
MLLT6	6.508345349015034	6.653811619383448	6.691441132092008	6.889160532485728	7.248425510017553	8.181293041234467	8.401249978212292	8.639186236071778
FBXL20	4.112710012214062	4.086414566908294	4.200015146411573	4.098460632110796	3.749567921397153	2.3977709384750665	1.8734551078868455	2.8682131136560605
UBTF	7.115210143613615	7.127233701208959	7.045223560474427	7.034672067710191	6.724090540561846	5.768085603325565	5.960660184004726	6.115374374073465
CSF3	-3.3413776250592093	-3.3065292576616656	-2.8997306172152797	-0.3351626819566451	0.910703326115722	-0.8288599002240209	-1.4390730432381793	-3.0659589821004394
RGS9	-2.5102273716462014	-2.248922107783561	-3.086036938042547	-2.8328016493715307	-2.751178474925582	-1.5162047181447613	-0.707159917115309	-0.8105250341626018
WNT3	1.7763147328522966	1.7621889126714025	1.8811888242476889	1.9766395065677933	2.0557198392402958	1.6294641919909854	0.7745103197287009	0.3710327455856479
RAD51C	4.607079007077061	4.5651953496362605	4.55183149445086	4.639404437604595	4.447488286332131	4.069589076046366	4.195696942789937	3.092039984173893
SEPT4	-0.2764633681646231	-0.4240615200947007	0.14820007222787615	0.685091725149976	1.5835782958240092	3.883345662460108	4.173710744332727	3.412093549234789
MTMR4	6.090804033018303	6.058147265638784	5.897397450690787	5.686836064857873	5.305509517051823	5.04580547696189	5.641476176763064	6.230241045861048
P2RX1	3.15919651898823	3.28709508398724	3.1854849454786427	3.086673586181301	3.031363352208295	2.5722855750846425	2.2754073879248162	0.6031398289961563
GALK1	4.785086212501268	4.906071459117987	5.0194286803476995	4.884822360363023	4.910725688980635	4.433960634083078	3.888636812028503	3.1628067724757116
MED13	7.635217720948363	7.548647551716769	7.668108614004584	7.807838589492237	8.055214305373097	8.679022342273477	8.679892263586396	8.938851744362836
RNF167	5.04526871280965	5.129560161270815	5.087785839686039	5.108992753705207	5.063436071806782	4.7482479704922085	4.6718992013104526	3.6115815872436334
RASD1	-1.6448946362929269	-2.0485084553943844	-0.8292452986622258	-0.12457661434227274	0.21221546384748236	-0.9568626504764672	-2.5852847148915297	-3.160718782275824
RAI1	4.729396608174301	4.890524053581289	4.92401934809951	4.639035019903858	4.63307134671251	4.362230053796619	4.070353929469552	3.441309029273071
NUP88	5.028341782536119	5.013298073587725	5.102115250962166	5.173883269551035	5.2216021257052345	4.7095873417293905	4.404659491870904	3.8257105870858363
ICAM2	1.5097166410803107	1.559743039726916	1.5594669202595952	1.4865229835336673	1.4943286056150926	2.2026904457475833	2.776080564773906	3.512251965628264
SYNGR2	6.194269660775802	6.334513014382936	6.4309430246221515	6.373988901973731	6.466442313100476	6.333365624244567	6.475524933585521	8.165388860979652
B9D1	-0.019806364130690396	0.09358410829503208	0.002641809462734318	0.2360878110306382	-0.07905095759791558	0.012240282019677265	-0.32695167629157207	-1.822634769261942
CYTH1	5.120992121393173	5.16130470957744	5.133940099278492	5.175328626122758	5.259723419018712	5.913543294316156	6.156057687543317	6.806166690154253
LGALS3BP	5.563463353979609	5.7473890105748495	5.646982551738844	5.5305109481888	5.729422520898548	6.467972969749342	6.907624935853539	8.786705493307217
CCL7	-4.551196259797653	-2.9520194517557883	-1.5982317955059628	-0.4841569928071075	0.14296838384427757	2.757676076225552	3.185682121694457	4.349453827530024
CCL2	-0.023226270260744197	5.410731360730907	6.474116516391225	7.0202638805546345	7.912402378971738	9.350858518462042	9.02803290176065	10.500611976145361
CCL8	-3.825113330146893	3.7749648278020635	5.704790634462828	6.445611335091065	7.290486189756759	9.307111097747178	9.710786947153796	10.031693923966866
CCL1	-4.551196259797653	-4.272272353668981	-4.55119625979765	-3.2030719943784245	-2.466193557516477	-0.7507131580176012	-0.6389403158135463	0.19974854670541797
DHX58	3.3797855683501723	3.544145642534589	3.6332035402542795	3.9375338223394434	4.814342756847103	6.7865195229133315	7.415149132776991	7.022585014698333
KAT2A	5.541662052051649	5.630596864617019	5.604714481359623	5.631423673628815	5.634739918398897	4.942932789119489	4.4935995132228825	4.292746147372133
CNTNAP1	-0.491481360864207	-0.5743489680287198	-0.8391683455575643	-0.65747175533828806	-0.05162064714811894	0.562410858274061	0.7471334223227784	1.3963386877764148
ABI3	2.3697715885523984	2.2965352398674064	1.9761292067568677	1.4600993564274098	0.8938923409008378	1.6026754170801198	2.4819517678294147	3.854606629125197
DLX4	1.6366099524067288	1.8502025011227685	1.836248031665165	1.5754333066438275	1.6771762544965352	0.9601746200397593	0.8154729877809836	0.3402467067082685
PPP1R9B	7.50237580509082	7.510790963522207	7.452402739950786	7.398307645859574	7.193907325873683	7.005759604696227	7.7778336559780925	8.503328585275348
PTGES3L-AARSD1	3.018789305572767	3.194733732793058	3.043046786689486	3.053864061889566	3.1172640892767562	2.769634483036879	2.6696595084032047	1.8737951747259871
VAT1	6.857620260893537	6.921178629535866	6.8953990846543745	6.909304022912437	6.975428148319736	6.8491574796606525	6.622839439552054	5.34569659211099
HDAC5	6.124575424586498	6.165253004874419	6.078104247069429	5.89116552122492	5.653445667291448	4.218409826307976	4.2773467860713055	5.724042651333125
MPP2	1.6927941714594263	1.911228626862595	1.8930111195352946	2.045151409886591	1.7743249178498943	0.7045045989863312	0.24146603116605433	-1.1519774063381003
SMURF2	5.4166828330086565	5.348241560130107	5.234964739127351	5.262149567673648	5.437359240599584	6.352241604845776	6.474881596087618	7.105812504842356
HLF	-1.8669508196792879	-1.6355622800132483	-1.4377336375455663	-1.4702230850987825	-1.3724268266613082	-1.651842953588413	-3.114257798004925	-3.3791341919789266
FAM20A	-0.7149988951088466	-0.6303729053505666	-0.6367326312674919	-0.12022542724836066	0.7015933805475549	2.1328829327269165	2.2311451510001694	4.486792233774313
MMD	4.824888041306072	4.787855715689226	4.924008515347609	5.002577461311875	5.10402784111492	5.250370140957573	4.916571658662772	3.794457197916827
WSB1	6.666022728137946	6.743127539555934	7.036872940533668	7.293883913608187	7.595680339938969	8.501322625508678	8.437654628794048	8.116566186033747
RCVRN	-2.9234699167725795	-2.795212343053283	-3.0632766611914723	-2.1817084416167942	-2.349936473679505	-1.8375326039277375	-1.8057497496386548	0.06178348899560969
SLC9A3R1	4.574326389231175	4.644949132226515	4.664913867367953	4.647579718294256	4.462263970963362	2.978307171574868	2.6383959355722064	2.8918815161055202
NAT9	3.9857621712130196	3.7991687036458472	3.5412609723165103	3.312331330442956	3.0704952094201152	2.8210859803397215	3.2514298621980524	3.328350483918278
TMEM104	5.569257224930892	5.758395339013128	5.720479363607221	5.522645345567806	5.092813952076725	3.1166215348752546	2.677418577711407	3.6669981503865943
VTN	0.012017707537884746	-0.3759970887428333	-0.962632166192617	-0.9346789241485796	-0.4722328365130835	-0.2838442382735286	-0.13021226683646142	0.21454688341595063
TNFAIP1	4.199182808604787	4.237337023937042	4.67979408284066	5.003822745510602	5.19793445558974	5.339473759729321	4.901921470245492	5.259954426633407
TMEM97	5.484190035888934	5.427980790456456	5.291972576446723	5.185929290901278	4.92897413046456	3.6042038078038185	3.398718700109053	3.3767230022599835
CDR2L	3.0970659094197686	2.9284102655491613	3.0214939577420994	2.7792561934116664	2.585672277462076	2.2770188512659404	2.3312752554122307	1.6100347035492373
PMP22	0.1160063940092436	-0.00747545978123329	-0.1219988600595052	-0.10632257546819919	-0.6094937817219468	-1.1858638681884268	-0.5972298150311404	-1.7009118185379828
UNC119	4.416368771857195	4.28164854759208	4.128599031400395	4.0081204164544495	3.8222177051656367	4.38767853580495	5.003582527769776	6.020713512273689
LAMTOR3	4.977830580718244	4.89057924039477	4.894045771502318	4.86820861053209	4.756875951402803	4.944727654490936	5.141087163387407	5.896763303110303
NFKB1	5.822654839703443	5.848656393677819	6.4299018043486384	7.793453753041835	8.918092401552423	9.851689982329669	9.241475323290288	7.905658663237094
AREG	-3.027277478429717	-2.3372706637062626	-1.5124744859487096	-0.5303273095041838	-0.4902071139530122	-0.3232293215671165	-0.35716987069927	-1.3010926196525219
MANBA	5.466777257894394	5.444766374652702	5.330378239597543	5.392280908760375	5.287852571118407	5.051690327934957	5.098560010249821	6.957262669206731
UBE2D3	7.84664403943484	7.851004038767513	7.9546088101724495	8.101752318561202	8.200847171738529	8.792498273016154	8.932947444742808	8.943689901739297
ANXA10	-2.988345068563266	-3.3134430933518635	-4.272325038919773	-3.392667698093091	-2.6743135573341372	-1.63468108642957	-1.2380700355967766	-0.40922129710230554
TRIM2	3.447793372745546	3.3797385821814854	3.0904825856123397	3.0512297208665045	2.927875029913163	2.537604275016819	1.9819129265242443	2.9873302283501824
SLC2A9	5.497184654727242	5.619566678212392	5.6277039256827255	5.5852017192673085	5.523838253372444	4.9638778336498	4.5018720211651075	3.584441479615904
NEIL3	5.264718486435688	5.2294668334362875	5.2722775152795975	5.06590524421747	4.436802311138008	4.494239562375001	4.603966475635753	2.9069030735977597
WHSC1	8.11894916991578	8.114073253138779	8.14566936271184	8.166590115832554	8.14821551164425	7.953990397214852	7.797935626974638	6.308676931137505
SH3D19	1.9041143906535545	1.6690467335069736	1.5364279775384475	1.6584512623866745	1.3994255242140476	1.1344094665900963	1.2616364639262874	0.423494222788364
NKX3-2	2.3513413336232314	2.241239902401064	2.125398116658868	1.867035407192554	1.9947940575856995	3.377369197086471	2.8947227381081695	1.207840239680535
GLRB	1.3763078755838363	1.3756760033299504	1.2514125290699325	1.4664344102081062	1.1626508234598267	0.4364068697324658	0.02400777287911332	-1.1368048703233082
RAPGEF2	5.201624951179266	5.211986395714094	5.398425809852326	5.827905156207256	6.387208014746779	6.384571391211469	6.672012334421584	6.909200323664047
KLF3	5.290383306572556	5.393160038756399	5.3105284348534365	5.301731547917777	5.361893989721099	5.845041196131052	6.441533921218554	7.636511339145196
KLHL5	5.343344019793834	5.338314125913053	5.263088050106121	5.382587084401399	5.607707938543056	6.173095730382187	6.305134435573662	6.284033217579022
NCAPG	7.031616690055392	6.966208410560748	7.083086878235052	7.134532212616097	6.9693230582796275	6.846773643107737	7.161967726217212	4.492647511961204
PPARGC1A	0.43825962180473965	1.2169288511086291	1.0715123882959385	0.8535916966254697	0.3831282374580474	-0.28088260387458996	-0.816556511271051	-0.17127243972061454
HTATIP2	4.658830236113976	4.661445886854656	4.643372133648694	4.716553277451766	4.771544617642759	5.110257516103696	5.233104111137115	6.1822688034524145
CTSC	8.082755620350689	8.071048527482183	8.112125344284184	8.141441837328284	8.238329524031855	8.711486440902519	9.032461874115326	10.104052144861793
CCDC34	3.5229278995163735	3.504170734926876	3.4051453441253594	3.680846055523997	3.5566220512199314	2.5779684468423825	2.569170400242009	0.3526569332948316
VWA5A	4.317380811010226	4.269833497988868	3.977210122025747	4.042284272094992	3.7571392734273497	3.23625408548559	2.707151638071819	3.20507238750952
SIAE	5.782793889648652	5.750218120335351	5.627932475413788	5.660238649604024	5.6564290377634165	5.763016074383097	5.669917478406099	4.640107306682134
LPXN	4.705926565226345	4.837627923320863	4.760777152140605	4.8458770326207254	5.1845364672914105	6.3047769434583465	7.085425995067045	8.259190173501047
DTX4	3.334767503222781	3.5105831709144617	3.151216204426284	2.9185757608293983	2.561294522995034	4.384871488412502	6.686007192334197	6.107814200259011
EHD1	4.817112376616739	5.015747421472867	6.046373943314327	7.054463243888583	8.023549871019878	8.699979942028381	8.08971004085306	8.352344401866919
UNC93B1	7.195735604833153	7.383537205721334	7.38062755747147	7.162951713460331	7.157322037875538	7.7219790339507695	8.282867624017491	8.627967510467782
PUS3	3.5712644777452134	3.5891911592050176	3.967518947179136	4.282703834946499	4.3594728808619365	4.76208270031314	4.394702491165418	4.129204781443308
DCPS	5.296793229465263	5.344867294386409	5.359855277402803	5.542762285064512	5.4935962553169775	4.805367820024054	4.65079211608302	3.6372482496120435
FOXRED1	4.952627978157394	4.97903749488939	4.92464068106875	4.929996366208429	4.860916230583562	4.439325370681894	4.303904631719302	3.820336919534607
MS4A6A	6.787637575399997	6.914393973567623	6.893499364959904	6.953806533895994	6.9264783139551795	6.88407914934974	6.965880548659336	4.533167374060355
MS4A4A	3.190061799506635	3.2899392712725497	3.310280732663888	3.159520240164195	2.9860811490630312	2.657993077074854	2.5087236639237216	0.18178492925376916
ST3GAL4	5.139300908895802	5.215466137237709	5.245326407108231	5.342960128520885	5.559779526678165	5.068653052314354	4.637231125934413	3.565318682079562
CCND1	5.081840448106345	4.895715852492921	4.989635269339464	5.426917742478987	5.924095406056694	6.148547629283496	6.426512695370416	8.255933110450732
CCDC86	4.490655414397988	4.546495250641522	4.6269487562923475	4.727652826504735	4.802975680415543	3.571890136031671	3.40657961071157	3.753331734677153
PRPF19	6.738797489174067	6.863890129694926	6.928668918366545	6.987443909212272	7.0638152643031535	6.779541352222104	6.487497911260348	5.550854971075102
ANAPC15	4.783552132328569	4.79599022623574	4.758736037406164	4.932871858920752	5.004955410699946	4.964213713505655	5.022512604995864	3.7270027761212225
PANX1	4.777419141456308	4.807940636058257	5.203464877260153	5.43445962669907	6.09805583089914	7.083005088814756	7.171115801201219	6.973794258067449
RNF141	5.140650067022073	5.163383803324754	5.048360098545846	5.073951147670035	5.035815691524747	4.980869263223724	4.750441382951817	3.6782258006938813
IL10RA	5.041220148023351	5.454184896853658	6.034824550820664	7.094460905480886	8.044490218942155	9.434627589110631	9.54053848235823	9.885048302012617
GALNT18	-1.6195999821420441	-0.9693889869792884	-0.9951432657986499	-0.9634432644142727	-1.55669107799048	-1.2431945001744231	-1.153020021657192	0.28286095155026314
BIRC2	5.4409027349562065	5.478105917669948	5.6795626674875015	6.041900377912284	6.41704022110083	6.942793164657001	6.838892874052338	6.481072239422298
PVRL1	4.461174779280869	4.555037959024036	4.631667514860759	4.648225139696867	4.723541018215851	4.455130270835522	4.258278838650126	2.1403293780309562
SLC1A2	0.535264765979775	0.6863503794849195	1.0445266760821408	1.8964394262613338	2.964231540326497	4.468073688624687	4.067441841027799	1.8448543022794497
SLC15A3	4.937402062125445	5.177069508949481	5.2010310897288115	5.277217208564244	5.734528830887342	6.798762722412833	7.273190395401011	7.280474937864105
CD5	-0.4191264795282104	0.05512874543204578	0.2156573784897483	0.22112761453494773	0.8705089584249028	1.5793459823510023	1.638221056061831	0.7811697689152235
MADD	6.193321727153721	6.264610923524935	6.20604598833895	6.059930696188075	5.8525649805558855	5.743359331697403	6.211177704110007	7.273872275222144
NAA40	5.033869179163332	4.932267295879466	4.74914257736263	4.599834087893907	4.317985830420617	3.6805505239460556	3.693391293443697	4.250227769042294
CD81	8.35450336874458	8.493919832518024	8.50623835574537	8.455664223667021	8.59107347367484	8.909473235399432	8.925800856928987	9.450596432942831
SLC35F2	5.047078761177647	4.927808717960373	4.8656814551418845	4.833215600079567	4.752644922336518	3.8299831441995016	3.6803279925969683	4.634304025582063
C11orf21	3.1631685741236995	2.9504356684644786	2.5078947564840077	2.195865991923741	1.9183929624877438	1.9764197453862833	2.4889508166253824	3.0949156368673796
ELMOD1	0.6774013440011842	0.8084802459030153	0.8006537576344138	0.8770838340705462	0.8680853294141658	1.4159614375161285	1.3553337489954502	2.4168844548447708
TCIRG1	7.51022076256546	7.618088676246016	7.5931768161918445	7.382161611181396	7.456620876796745	7.296939092433901	7.3123192905828684	9.065292554912684
CHKA	5.294811706416423	5.318119189374578	5.31957200535979	5.158863554004128	4.963829745145201	3.957616997865187	3.666024759623739	4.606285525884372
EXPH5	2.6108875513978074	2.4412512367765875	2.493177263390679	2.2605294583688984	2.2835836635136646	3.6614805051848043	4.088162797591618	3.7150865963646122
HPS5	5.901301356957587	5.862339665563782	5.917673544988544	5.962298090201033	5.8878281758320705	6.449044907537785	6.905415534061802	7.5943194719056875
CD69	-2.214836422144966	0.6295684347961217	3.8869995195141547	4.171903320895185	4.521137408958749	3.0471651988117125	2.1511067522370286	0.05432783886044179
PRDM4	4.811015522736645	4.727731303597554	4.554495554070625	4.2077026082299716	3.8119993334340707	4.97379216752239	5.7608309735221095	6.09476006015251
ASIC1	3.4718504639138956	3.5292147397807696	3.2880029001569167	3.154070434764706	3.1955741155373096	2.641120667912274	2.4625551875682863	0.17679733674879886
SLC11A2	4.848509562559401	5.002829008173331	5.153670981454481	5.5284205256734	6.081664562325956	6.750755333579776	6.798210678800743	7.13946190255722
MVK	2.7846465824831412	2.8182467566723117	2.6162716066581275	2.483465553792107	2.0875506257260623	1.155274265081017	1.0633925924865992	2.7533835722307223
CSRNP2	3.929337172021506	3.902795802317656	4.018783020463509	4.034731093210295	3.958893413530207	5.087471154837882	5.144712464499854	5.674958298709704
BIN2	6.51108997367806	6.367191276679472	6.334930525249623	6.333038387364878	6.2763752480365	6.006450842376163	6.280586020861894	8.057304916721801
IL23A	0.6728514785616386	1.3618670574538365	2.8943285086858483	4.7479953170254525	6.405793867839012	5.9910453140498685	5.0126595176418345	2.1243033988840114
SYT10	-3.825113330146893	-3.796091646439256	-3.8131699644537393	-3.3403790444933374	-4.27579220203401	-1.913737864173917	-0.7074850940073139	-1.1368048703233082
BCL7A	4.846456488287027	4.916717539176317	4.967935426839508	4.860039227824922	4.602683600793929	3.531845299967519	3.4597329385802165	3.393142714975964
CYP27B1	0.7164716049862423	0.8004322557869101	1.639775616307703	2.40770254757113	2.980817360828415	3.5657272954159778	3.556052510600005	6.214027237614475
KRT18	0.7464136005865578	0.9111870170118027	1.0035734393996472	1.039987742926018	1.6676323407673728	2.4045856566334116	2.5604712721071805	2.004389061181901
ACSS3	2.8401397010857212	2.579786237425232	2.7268278124271177	2.7370075346548264	2.6754075737866003	2.4994049703914563	2.3591743704721186	1.6895293280767492
PPM1H	4.393943581868461	4.373460482075304	4.388715018432164	4.336523128211395	4.091099779442119	2.4840222415544684	1.7005494457074293	4.004285792474614
LTA4H	7.143557977211483	7.0874700806350255	7.054289216852187	7.143165026007168	7.116675983056908	6.612359256272553	5.971085580369655	6.109888344032727
SLC6A12	-0.05315458454868449	0.18954976965496742	0.12856198832338306	0.1444302854817428	0.8527214965797634	2.832341259175317	3.3746814331486137	3.0798892052726883
FOXM1	6.275430724862366	6.351812376992388	6.334454652974701	6.324187764057017	6.188590305753342	5.960844466886558	6.284604821138742	4.430068381739108
PARP11	2.7255950173573797	2.7676659420360563	2.6583266142583115	2.655468760383392	2.7346412816611503	3.555930216534935	3.8175809734000263	3.47624346823564
RAD51AP1	4.395777040616231	4.3563277631004125	4.401538677982089	4.402505122924188	4.400791274838133	4.2835532437889015	4.126716671612319	2.207772372212701
CUX2	2.814413090241786	2.6594020194755164	2.613315906511451	2.4709614790052097	2.1597202376596902	0.9370122754619787	0.7378952716474791	1.147253640850502
SH2B3	6.796327600332837	6.872652907984268	6.92742615967491	7.1837652877660805	7.704721047624479	8.599259267491469	9.072251046579815	8.820341928755694
DUSP16	1.7722405486705686	2.258892465375885	2.1493423865238768	3.338327230404487	4.322730917191013	4.892975628220104	4.723321645701912	4.550208731787629
CREBL2	4.015608644615665	3.9920430472551756	3.9376268486283754	3.966283010795858	3.99320683862811	4.353499258520719	4.7831511404440015	5.602353354227905
ALDH2	5.653132134757252	5.767262153110128	5.916641867075599	6.240065171872172	6.473492235636842	6.707692143741463	6.93289892792196	6.698257037090038
NAA25	5.270256478443113	5.1115548116375855	5.276450901490795	5.23794556587349	5.354003979943068	5.855553321977332	6.3025586314739055	6.638844170788057
OAS3	7.441799182497105	7.5909611600669695	7.388392648173019	7.420785571906224	7.896511683729255	10.165459534874827	10.968933344374314	11.737066442365702
OAS2	6.58787938866026	6.74270486290798	6.542559973086044	6.703553760278702	7.311740277649034	9.635726214966107	10.316917596734593	10.528435731996147
RASAL1	-0.7852140971837565	-0.8623614746749557	-1.0596575710368668	-1.3770233767110902	-1.5479398031097935	-1.7821100952325803	-1.216795688560037	3.004610184362117
SLC38A1	8.417952972389845	8.361395296073674	8.402366367052016	8.379699676352935	8.33454161249929	7.446604504724192	6.653415815903363	6.405816565154618
ENDOU	-1.7014734251121721	-1.9955157398395849	-2.9936657784719163	-2.566195161067946	-1.2877305938589356	0.013598521857205725	0.2773817467386005	-0.24005790441197888
RFC5	5.086077630606231	5.030111791090582	5.094743045077285	5.0722132559954884	5.041969379174593	4.764153050125959	4.506701130031727	2.9303552917322766
GPR133	1.3143682224122122	1.3068786328163282	1.3086592347402979	1.2362712517001122	1.024471352285627	0.24914141962961847	-0.6127056047549136	-2.9888422004626323
MDM1	3.5213887948070832	3.4678437155244377	3.2903581952421233	3.2780764231206723	2.9716763476070795	2.905632181627412	3.067457849200391	2.198840912597727
NUP107	6.070831477907719	6.0344465997092085	6.090111096853088	6.196079094381041	6.194731095653728	6.202058124237056	6.12384246999682	5.01500123823997
TIMELESS	6.512222571467941	6.545342348353439	6.509511492580202	6.574569325450714	6.537163911437781	6.240976035782576	6.1277078033405346	5.090485983084644
MRPL51	4.376189020230685	4.360732838092238	4.308179355284807	4.526589948620773	4.469268449392483	4.2866744390196025	4.061842332016343	3.280333590317771
NOP2	4.561942799121594	4.503841489025957	4.437647381907546	4.309329446051301	3.9982350665501274	3.212325579233675	3.574824430483583	4.470420439984396
ACRBP	2.1130803800150657	2.183844012265067	2.0721342548585726	2.0936829446021714	2.0996228468297944	1.521542260976366	1.6762215700691678	0.7019237440309604
ING4	2.214553898848945	2.1428452119791896	1.9062455861122318	1.6977756149677945	1.1041784980076659	0.541410254337052	1.198299466332567	2.3037235059630934
CDCA3	3.8623387215100307	3.868026346902482	3.78445487682686	3.7125321800832047	3.5290439504024507	2.9422404524646097	3.0882618463009432	0.6963084184619877
C12orf57	3.991568868951526	4.121121627761257	4.292274836004445	4.248649307091597	4.320710799405824	4.212169628884629	4.019379135717362	2.7619812844217733
PTPN6	6.082070451474202	6.318928553570343	6.490449660804977	6.648323384944543	6.998189229020683	7.096060071488821	6.649443505479692	7.790751145447199
NT5DC3	5.545572413636227	5.610349613126749	5.851698200268547	5.705193575745438	5.3526540167728776	4.200214156862899	4.409154140780098	3.7772506860828026
COL12A1	-0.6806708405965459	-0.4085874502929685	-0.3382903915886633	0.2053857887961105	0.2523977242731978	0.630511535198049	0.7102008445861927	0.23248431138139863
BTN3A3	2.5145838684164588	2.4315476431729426	2.366393643088104	2.3457783761894477	2.437138672475127	4.177990068382189	4.96777779360196	5.361751120867277
DSE	3.933523004857406	3.902911813680322	3.9332525856513048	4.464830852075733	5.096247246851075	6.7863326385254945	7.425810292638921	7.5745186414284325
MAK	-0.037785014249007653	-0.6659033407497315	-0.4532147408858206	-0.5929771428950632	-0.22010433543743757	1.3264373988113896	1.2566369235146704	0.03667038349456998
TMEM14C	4.048741147674285	4.055180211330132	3.9913584235165973	3.9539072824909667	4.096336542831368	3.903947890305862	3.6242112898337657	2.761238043655505
PAK1IP1	3.5861815625824516	3.5002473999860277	3.473911931128567	3.4887068615950136	3.2825790930866123	2.5397373081832875	2.847682486503582	2.6451847892324505
GCNT2	1.37117722864894	1.3873387444443543	1.2732441162649888	1.0645284574384533	1.0303871981908723	3.248568863537909	3.5820105535640083	3.0171110608216214
ADTRP	-1.1607263947475395	-0.6330634542419273	-0.6756089961863057	-0.574970364846943	0.09283071150409017	0.2989095731838515	0.0971042109860393	-1.5535950558019986
FAM184A	2.6181431533026984	2.4925596668171695	2.5280542584470216	2.4971017237883504	2.3719150057583294	2.174939101127827	2.022839435776952	-0.26746259820271373
MAN1A1	6.078323120517492	5.988497346259326	6.028962444402932	6.304719049230359	6.502727594094701	7.402024722423196	7.5927213891600775	7.160615359267343
GABRR2	-1.2099712368309707	-1.0980068355960249	-1.227879278974045	-1.488618228886549	-1.2461306511793553	-1.2575110775615026	-1.9051970896151231	0.8338996290842934
HINT3	5.212085008295742	5.131687461265871	5.214148021463094	5.597216975945263	6.190553961818027	6.635067504250611	6.184141228751898	6.181239401812533
NCOA7	5.892832805347453	6.502259164205532	7.766015773260163	8.503353322889595	9.329247480763367	9.556446235842687	8.691689832372848	8.31782633667791
FAM65B	1.5543353791997554	1.3584459604912942	1.4159571932833925	1.2247518883770963	1.409641980011163	2.7806973232977374	3.310615496702944	4.3351090351234305
SASH1	8.156525712884758	8.114860281248141	8.130164401117707	8.14759752441826	8.147142752530378	8.720148570523168	8.929283024327672	9.662687800448882
ULBP1	2.281184674297174	2.2523678822571487	2.1368270438683874	2.3107970159966778	2.2050553754040942	1.6785707568818862	1.3428834145866455	0.9904379554142406
FBXO5	6.247955637626742	6.220801440155704	6.286440775000337	6.080223584319432	5.666464447345518	6.062898703764475	5.830602402931646	4.141440124444841
PPARD	4.908179872610024	5.1193510592645985	5.165627630325363	5.358583570183827	5.77368550134482	6.0801020418900205	5.667927427865756	5.710693269567402
FANCE	4.5902010555209385	4.768123432017754	4.741739649585735	4.521513991097932	3.944875099639429	2.832156420453657	2.777718537988574	2.4054460780390032
MAPK14	6.9827195528751265	6.905844444737105	6.8292631305767655	6.644292672978786	6.186286837936538	5.760718780339834	6.243907635891477	6.776719510068285
SOD2	8.14481373140677	8.796527316955835	10.700306377017705	11.684073343780684	12.411454118859066	13.12124473070434	12.835641609151661	12.951271889791354
MCM3	8.35345382545466	8.39654225656255	8.397182653753323	8.46195543824733	8.289423418586306	7.503231112000523	7.350716377295263	5.905338273929902
MDGA1	-0.8113561337631001	-0.6922903543159297	-0.10848577300940548	1.11461548088504	2.1996085378701666	3.9512019503164355	3.884464971329391	2.9909451414213697
ICK	4.597448956559389	4.61612040818302	4.632908110562074	4.660833371673622	4.7016140214808555	4.182806385938534	4.222458989313413	3.3666222921812925
CD83	2.105045992004478	3.9799224752611386	6.68303371112272	7.709439916254354	8.302887070686658	7.9835091006726255	7.881758210071078	7.4530104442064475
BAG2	4.949690484261361	4.748263434672749	4.736889192994971	4.599466313740506	4.461293656746307	4.030461224867069	4.130290134334477	4.027929803614014
GPR63	2.999380218157666	2.928501132309198	2.8654576262010005	2.622804366426913	2.3660902936496893	1.9252050911293106	1.8513307129574899	0.9975157488617881
SIM1	2.0409406878615877	2.378123160347186	2.5115782222039558	2.825927783280831	3.3031621905169564	3.583730470618586	1.8626442946395136	1.5176000727280485
BVES	5.184385536157826	5.124582440262982	5.10301426834336	5.1035402739689335	5.1029518928974	5.182402064693463	5.468553592775216	6.2963762425084555
WASF1	4.906217634386963	4.952945261098838	5.009823570551969	5.054882044106785	4.9907067023534655	4.359776724711838	4.031525087426294	3.4401599908074063
ALDH5A1	3.7836456370145397	3.779949682463535	3.8825838923900466	3.8580181862765617	3.7441846876486062	3.3348612596112512	2.9669168329508837	2.4226883786740236
AIM1	6.42656460987719	6.4231436387293925	6.4103689932994925	6.398155405202205	6.346103970794925	7.020230106406782	7.542501985481261	7.751839317846441
C6orf62	7.430289571615797	7.402283089203858	7.487234156658446	7.665346744075705	7.9616962566976595	8.948971376503033	9.126936112613805	9.016734718109735
GMNN	4.010743701637072	3.934794432606844	3.9887803605705594	4.103598842973135	3.7650447203137496	3.999579109745125	3.9829911132215035	2.9506750605918333
SOBP	2.3866269375619047	2.4592587881898824	2.4184878622145334	2.074398625423055	1.8615691065780735	1.2321129098790853	1.6523912760662185	1.7494000974073112
TRIM38	4.917119458618983	4.939731993392627	4.799755496741316	4.660943138028839	4.526016240694169	5.935990938737088	6.1768764190938565	7.086138058785934
ZBTB24	5.492045530237132	5.414291717330638	5.0470242417843005	4.6282858919463035	4.342077049921457	4.89272386307574	5.168413699704491	5.306941300825175
SLC16A10	2.9961681193440306	2.8871168190765393	2.9896682061397613	2.9346620676481043	3.0152763180199362	3.882727350898067	3.6471563756909138	3.2459414534204782
HECA	6.8276999130284874	6.851752384549155	6.787488829357178	6.5316859497400905	6.209369466927046	5.956320607429133	6.311933842113441	8.084988869350495
GPR126	3.053263248822647	3.178365990762198	3.1613925076845684	3.287765661134286	3.0924313592236383	2.5453318839649026	2.1070260060385086	0.9677114979584275
PHACTR2	6.819806419263531	6.824911958785467	6.893024056214712	6.9405272910987135	6.948563596553575	7.489309383753886	7.683816019806045	7.8382006233313035
EPM2A	3.369643774007204	3.278974861412058	3.4843269479338845	3.473535449979289	3.5189421848417877	3.4118060237005965	3.313400817041566	2.0376002935831528
CUTA	6.19457467472035	6.23947722633949	6.278511306244746	6.328437493251796	6.335849864142077	6.1509137219601815	5.927459651348152	5.160227470665632
QKI	8.744466657722299	8.73153882362393	8.756981518707022	8.846311735781958	9.07682806210537	9.398367190186036	9.25956990185929	9.83199048681563
TFEB	4.848494932087146	4.860118687836909	4.728501332204747	4.54119137124132	4.638256219032206	4.713216828060712	5.307646502478221	6.498363963568632
GLTSCR1L	5.515894644064348	5.567783082947335	5.531259107367122	5.31614796208426	4.911714151523312	4.379347191609146	4.563398546080316	5.407281285657166
DUSP22	2.8348333065591715	2.8642714371622056	2.955021960035527	2.9828515386434105	3.264078207714759	3.8351404216109977	4.084488463377948	3.846167320703569
SENP6	7.975055668893898	7.874839083352546	7.946096384819062	7.975820363720345	7.83035965333497	7.333040754441775	7.643976632796745	6.743363415654811
VEGFA	4.745423616386498	5.025387026219663	5.4961218613933065	6.137547241718149	6.305968235412844	5.887382733390707	5.360336648702918	5.655662374724347
TTK	6.842690214450065	6.80349813375745	6.792075763907581	6.663210891145211	6.078100483314596	6.060632022398789	6.566262363858897	4.0832183584348485
SLC29A1	6.26279450579953	6.408811541601664	6.368174720609729	6.30337485060237	6.230108177013528	5.321825923541995	4.555968114600206	4.566220165701867
BTN2A1	3.546353342771308	3.481981428875263	3.418210932218141	3.5681063151750476	3.84686013081733	4.416251583959969	4.667095926484057	5.250072086826641
CLIC5	-0.4371773835976275	-0.6759697346197538	-0.5662804596283114	-0.28481766870519043	-0.03304413044198189	2.399580045627448	2.8934261643468444	2.7232862422138226
MEP1A	-3.477026298586349	-4.55119625979765	-3.8238569624685823	-3.1640708306912195	-2.981986198894088	-2.199932075527359	-0.9988913239544306	-1.1695571288033375
ERBB2IP	7.526566905385823	7.51567409640127	7.564461404576987	7.5742787970668175	7.529102882561526	7.7406240428371085	8.072488848231927	8.628536831219526
PAPD7	4.765887895656052	4.7494366317222285	4.895599342494769	4.913195686720515	5.043857744478951	6.789680741214607	7.042552452944942	6.975164240369377
KIF20A	6.2745813473006855	6.288768951168278	6.197928056007498	6.140523586804083	5.70908955469597	4.730525651416997	5.485531634487135	3.000452672929131
NNT	7.803960896128988	7.792953407186675	7.8475021216447605	7.8887634715576525	7.946699273175608	7.826924156061282	7.5479011268161305	6.296617066821244
HBEGF	3.663601279463138	4.267441850795283	4.371030732563964	4.126372228133544	3.531105265530398	3.419821809794915	3.8349380977980796	4.830066424400958
LOX	2.757082401162843	2.9296452549110352	2.9558999037123708	2.9084782784856023	3.012065663997161	3.019120240173335	2.767999371458653	0.5683761671870429
APBB3	3.962655848640647	4.057546718783678	3.8153980049578307	3.501931358533401	3.3517489121393034	2.717054237993773	2.5548774265026015	4.660671409067716
PCDHB5	2.7689920557118786	2.850685622592864	2.835764732783686	2.7316536738774033	2.7191438465044886	2.7341170675227273	2.619960225670641	1.6884213280891887
PCDHB6	2.5131465944931444	2.5898188759034753	2.7591795648715896	3.014824010260849	3.217752128964119	3.8810769886484477	3.786812721904545	3.554475135993809
PCDHB7	-3.825113330146893	-3.1476709789858184	-2.355035313060477	-0.5749703648469431	0.208937600676225	1.717522128268266	1.869060569780721	0.7948135050878951
CLINT1	6.930256209515151	6.901108679167611	6.920229888649882	7.045756377276294	7.068722620150654	6.663155651846978	6.348244832278128	5.740215797168895
THBS4	2.4360276815339614	2.786555127371248	2.756690287623723	2.423054863118974	2.04743625892279	1.0130243665154446	0.6092503200443855	-1.047780966382096
IL12B	-1.438528539657245	-0.9672703918692976	0.152614824265421	2.031004367084963	3.501896149278725	3.4586065686278813	4.672212009092069	0.994893838065543
CCNG1	7.634861995171322	7.583843907910923	7.620153244601589	7.568791829358613	7.512543942592172	7.0848221134002625	6.892139798828946	6.571527556308005
POLR3G	2.7660086783705866	2.633917701992772	2.708215090133054	2.831734791382673	2.657310730595025	1.9573275681454942	1.375084150399966	1.5397428600744298
ARRDC3	5.697419292607886	5.929405387137103	6.387489007330448	6.550011908163197	6.687170643032285	6.859607126515836	6.598842162634601	7.196510939812745
SUB1	7.305723901842468	7.28842543076498	7.421556019339144	7.5081436882404065	7.6662415303548235	8.032352084553958	8.267995034771731	7.37953736841114
FAM172A	4.508168194167786	4.503753472949609	4.583939671337916	4.648440456088304	4.683564579413405	4.2652035703781435	3.464197241783152	3.3237677982302327
PDE4D	4.817746504394156	4.980183381250032	5.214555125389566	5.2893968702778444	5.2432699223171575	5.590928720653011	5.078025115160898	3.913778917163045
PRLR	3.653878676896585	3.698391193677394	3.8234927320361343	3.741543386442123	3.2714554180521835	3.119421302386817	4.59191813041196	5.000124112429042
SLC12A7	4.040143126030178	4.28899582454577	4.775465840447287	5.2827143089554	5.7014628958481985	5.78549966088008	5.468596115344354	6.3026647720570885
ST8SIA4	5.239919832784505	5.168539900627545	5.147508000346129	4.759216814293421	4.320869094983101	4.9651734152600415	6.0707250730701965	7.119899771472472
GNPDA1	5.107036518685163	4.991711995493233	4.79254388299671	4.588602167111624	4.331404031614936	3.818019613030103	4.269168891551482	5.979437149471222
NUP155	7.519463846498354	7.512310021192827	7.5590735648661624	7.58759005232446	7.547469928540072	7.2146124020631195	7.062652801620398	6.216559666141489
NR3C1	6.9882943506965365	6.926231026780654	6.934581687883354	6.936390466016091	7.038814086779263	8.027907246250642	7.8693312596793135	7.792184927607546
C5orf15	5.626343683388207	5.650763697852786	5.7169589525939815	5.844029183064189	6.016346412036187	6.890177792542819	7.254356081459323	7.424059894249181
LIFR	-4.308332239710236	-3.4403893408863597	-3.4730400512863673	-2.47390261232166	-0.7584772905439714	3.488919077276366	3.6431935528034765	3.751731801717856
SEC24A	5.841033232966469	5.8120070283016885	6.018051457095659	6.427995354849756	6.814025324789412	7.461279430980529	7.59923797973488	7.644487638427916
WWC1	2.9365417946136168	3.2039719713098638	3.2236127844291405	3.2730342476923213	3.1657930062080455	2.010927405134093	1.1842932949082625	2.136313626380156
DPYSL3	-1.5437574591180065	-1.4124678089270881	-1.3081116229865455	-1.0145642049318466	-1.0215046434632593	-0.24156520923686467	0.2994712882484146	-2.6508669189031986
ATP6V0E1	6.341629320706053	6.347897077099251	6.312610004839012	6.358103520404274	6.32223936888157	6.2211524781155285	6.49912198601908	7.8841888986970154
STC2	1.4011773285249907	0.9488782128721078	0.5015455958702214	0.23049782070145033	-0.3602374033689482	-0.7986183816874615	-0.7401879046301814	0.8518954437326162
CPEB4	5.219721291724371	5.2375173735224445	5.517357613320341	5.802563564666784	6.022981748936506	6.212504841044529	6.201855685815902	7.160120836391789
HRH2	3.31815857709488	3.527665417066311	3.2521367787526083	2.987410813453689	2.2841816853337207	1.3139323020239984	0.8364985130088084	0.42114105193882617
DBN1	4.421683231883134	4.444273183530251	4.525017648390788	4.485344096835918	4.340529696038187	3.481383791180369	3.010016995597256	2.667084113060665
UNC5A	0.6995963939145418	0.8025491747273024	0.34860257009806994	0.020762532870979337	-0.41228829354538293	0.23166599227614593	-0.04429031626816164	-0.4606927576726883
SMC4	8.986431421056224	8.87756291098354	8.883751335376477	8.922410810385646	8.79574916061194	8.642574023937252	8.744357463947873	7.284172053039973
BCL6	4.881913502234114	5.329339883649123	6.516065033080302	7.165857678676909	7.2571231763855515	6.7813078617150815	6.809719690949211	8.021981997403177
HGD	-0.5787690651812184	-0.7557421155735429	-0.5370538219472828	-0.5570746456012732	-0.5474514488496003	0.8835172042501047	1.403782848963567	1.593742347463066
CD86	2.3971799779727823	2.3762314801117963	2.2450111858464155	2.133228952323244	2.3982123952590557	3.891462129425436	4.24056219993693	5.876900336504125
AMOTL2	0.06439904868511333	0.5301417511228748	1.0194535427879168	1.0880622299750111	2.222596750655454	5.461215514527624	5.464051138175698	3.72061024769984
OGG1	3.7917676910313163	3.6311629923326683	3.4472548097994036	3.2899906452653935	3.2073048763760443	2.4172192228272102	2.3913044529842526	3.24215838007855
CEP70	3.7743931848946426	3.858726691857909	3.872183660190851	4.065023078278126	4.0211259677473485	3.873291299063069	3.528418219890111	2.3618246097522757
SLC25A36	6.063240034958375	5.867899195934511	5.846043965348619	5.5324725426632915	5.156146616940366	4.809523688133564	4.927986102943574	5.24566831240863
XRN1	6.45809346099905	6.3987968869547265	6.518245399476486	6.699742333802989	7.0690964880946066	9.149059449822115	9.602111916540085	9.557173104728037
SERPINI2	1.174925049109413	1.3604991811087472	1.3757765141436173	1.3864381416605565	1.6758861248016865	1.5157965441194141	0.9537708885519727	-2.2550387377764176
WNT5A	-4.026994895130545	-4.272272353668981	-4.071708826434121	-3.6348894921964616	-1.094913842157228	1.208371366970252	1.2997380135129366	1.834311589910974
PFKFB4	3.3162131481101405	3.429131350455445	3.1801895756449996	2.749861348411915	2.2650994221191914	1.4411877954763184	1.869599283972078	3.7978175652278274
COL7A1	2.5830590535342894	2.5365639973454197	2.423050041963735	2.5902152891239654	2.9110497991507103	3.650166748175387	3.8707054596032	4.425187386585503
HES1	-0.025218930471625017	0.24428554163289642	2.2378089078197108	2.9594179697603034	2.418924524016865	0.9975097448376655	0.6379053033156872	3.090982752885596
USP9Y	-0.21580368261945349	-0.11273166633942665	-0.27178987669707977	-0.5476955829539828	-0.9764382502238498	-1.4321537793896495	-0.30556692530688945	0.8612156066816958
NPRL2	2.9515993160037715	2.95961862651391	2.80044978429057	2.590002903442235	2.5274468267130166	1.6081087657445683	1.7548964224306103	2.0683679956408723
C3orf14	3.177242459427875	3.2529844098303506	3.4123549513600624	3.522804130054679	3.8093909480618082	4.498498257200408	4.558899420407871	3.307532699996391
CBLB	3.2147969709749216	3.0808496671274996	2.9925672277206266	2.9775072162939047	2.668986033583571	2.9634883296879604	3.7807890192946445	4.825047962912218
BBX	5.123417422263415	5.11113359525056	5.2072943222269625	5.23743136658941	5.1241035765447975	5.90968411843936	6.752566905904553	6.572833448517896
IFT57	2.9105722681537456	3.0000290556808213	3.1589957649756517	3.2546616172912812	3.4669856289713286	3.3965932287659855	3.427576316625705	1.9119009463236512
GNB4	6.245195540951618	6.233210570054952	6.367171723100675	6.409122914393453	6.501412095955647	7.649907530525555	8.062371994076077	7.455432946460214
GBE1	5.887059424726664	5.8051482978151565	5.933872205998929	6.022304104231627	6.1013258541202	6.2806427157499805	6.0841591255204435	4.610088252084218
UMPS	5.385714265907794	5.356163899688367	5.4213141363423265	5.465764402844449	5.269046207309937	4.868718639361463	4.8416409681468355	4.25145552416673
PLXNA1	5.185652822998332	5.2745075657287845	5.312059906703675	5.219520760673468	5.4163860581284995	5.386527694069121	5.304794377624338	6.476833405074913
ATP6V1A	7.13597742517819	7.094560712280405	7.1401014392908735	7.190533244207025	7.238299988294082	8.014955206644608	8.611580747965823	9.12914022073588
ABTB1	2.824093201995006	2.83536555178338	2.6994447229501826	2.598852938058968	2.4326027387204086	2.1194830736355534	2.218632604364468	4.003001273218723
CSPG5	1.0631548993638165	1.0213696579763236	1.3044115622260408	1.2857295018363915	1.0586965394741383	0.33213361464741553	-0.05454256431591228	-1.3911697161794188
MRPL3	6.865650187291768	6.862711656054703	6.950065079900767	7.044215502198302	7.062579473252242	6.642920894010286	6.271392865519978	5.669625196948226
PLSCR4	-0.22940041024380955	-0.32919052813344835	-0.36598619476872113	0.011682193457650175	0.8144003155880408	4.098188855591165	4.605285560927186	3.9789865421605892
CISH	1.9449924209807712	3.017566825278785	3.8993397833578705	3.876284413097994	3.750633059731772	4.622101975136241	3.9071136790632455	2.6429829528296533
ACVR2B	4.379655045333714	4.4813617077106125	4.496858816961966	4.30655499743077	3.964227986544505	3.338146151872049	3.535828181414267	3.5599931635670807
PEX5L	3.4828564062265546	3.720862613855952	3.7086102795757467	3.7285907177000874	3.7312078053414157	4.331991346927223	4.739646819230938	3.3253253131709473
RRP9	4.382618683859891	4.4338662310955375	4.560991285524031	4.506953658724482	4.5778593027603325	3.4825126105644024	3.3267638485338584	3.5946129952162895
ABCC5	3.483575253137621	3.362040980564908	3.188306914171209	3.0890718305018336	2.884324143439236	1.893599192572041	1.74893709227082	2.42817299580662
ABHD14B	4.7610680340533165	4.800457099485707	4.845460344280275	4.76083927674973	4.917323959585147	4.855692606346796	4.697725279860057	3.240095456883944
ABHD14A-ACY1	0.15217398790825482	-0.4964785011594057	-0.7077941988817387	-1.154053977407373	-1.0215046434632593	-1.0876474745540665	-1.4863160357621015	-1.9282687807965857
KLHL24	4.679903064825684	4.635775137775493	4.520606974194964	4.234629678239104	3.826475628519934	3.3046144926157996	3.432985188469731	5.408508918501946
VIPR1	0.6339088883228643	0.5284399630405631	0.19674289185577112	0.4045990538642853	0.15639267704607956	-0.725764325442287	-1.3975003096864032	-2.421279371827878
ZBTB47	5.513874984675294	5.5838543850072355	5.470906654203949	5.236088903793963	4.834676009822893	4.160555755402585	4.243965450686035	4.47771944166402
CLCN2	1.4808633139131258	1.5142250614396742	1.501944383165259	1.3806868786252648	1.4449204643094	0.8984709697424729	0.24996738679291552	0.5687931343739779
EEF1B2	8.153507105132444	8.088413748014357	8.195322372089468	8.297832792673418	8.339213040086278	8.304570307791657	8.031130184688667	6.647535979961568
MOB1A	8.635014593354114	8.594112686115219	8.604541508341077	8.592116890617856	8.653085110633615	9.24328791443261	9.791920328476973	10.270175576090868
RTKN	2.0215595612930297	2.0713242068313464	1.9152622553025387	1.6254271849351518	0.9883992894111469	0.5003038403700587	0.9208305809428617	1.51142112139308
IL1A	-1.0015816434924998	1.2466432232455604	4.978713359248738	5.97175278480797	6.312895554867185	4.250998470647886	3.0398805026372493	0.5673425359704473
CCL20	-2.5563147095815193	2.201816015904556	5.611928976088203	6.642560617364548	7.049699268853377	5.774004262581983	4.367415610577586	2.8538956905873683
FAHD2A	3.4261301026144517	3.4087452027113807	3.305235957102478	3.348436197233581	3.4285684256288507	3.2236256989306336	3.0432887089150915	1.9036805052806054
ACTR1B	4.97719819935258	5.026033711696456	5.082906889385925	5.06760948539206	5.22282189565359	4.982980862998194	4.691367377020914	3.870768044825603
SLC35F5	5.565975977494072	5.508221945548671	5.639773041596845	5.666326744618361	5.673237000360789	6.114998274101864	6.4167130934980365	6.847319129873817
ACTR3	9.325750110555342	9.226889411309278	9.30343249912363	9.41070350695687	9.467962996330623	9.549761079172985	9.673078612949762	10.20780274948053
STEAP3	5.8580607243461245	5.950239578510583	5.904840137300255	5.809367466431331	5.6964357362334415	4.552127705364489	3.9084882294067826	3.868824929627187
EPB41L5	1.6444140604429984	1.4034288241113142	1.6550738871968709	1.7847294550495052	1.9953439663670465	3.8211423239312303	4.059887479184826	4.135920839471434
OTOF	-1.0193363569236595	-0.572153522672867	-0.402568244479382	-0.2682323051425398	-0.31661242580784216	-0.051071543220495036	0.25400961076372197	3.462485224098857
GPD2	6.346507395960334	6.357691241792127	6.505497606934995	6.572221369012927	6.755472106478816	7.59729695767634	7.897051427684529	7.756070655120995
CENPA	4.573202147930856	4.6795142040853275	4.70120324365738	4.316296773578344	3.72041782090363	3.8265866487296405	4.036554355456864	1.5330988125006355
CYTIP	4.081550386091857	4.095070417021636	3.674928382245766	2.778614996364232	2.0078956073945418	4.220361102492842	5.995779559271412	7.245213575366865
ACVR1	3.085925391629622	3.053108423260107	2.9699455161293233	2.8536214717307313	2.569868897342748	3.693245133157474	3.976518841742776	4.800338084418997
SLC30A3	-0.9797197450833512	-0.683597048528124	-0.47343072698729094	-0.9177743038172157	-0.6908126869067704	-0.5789592741089552	-0.9909230873862123	-2.1875445343549575
NRBP1	5.780029265507816	5.811748630060687	5.656479723903514	5.645835715892066	5.676772622656303	6.698407666969201	7.067168602623335	6.810344539787255
ITGA4	7.770516299666715	7.713099325723205	7.756121959624345	7.713370044553604	7.595541491959557	6.959349464615391	6.690090493405133	7.8277085001702496
PDE1A	-4.269858915217961	-3.63928453773675	-4.272325038919773	-3.171192282620618	-3.1322623359383295	-1.6958157793375874	-1.7767322365583513	-2.8693521078901347
REEP6	2.736481823589753	2.8295050239985304	2.8626055390546745	2.6963589057610875	2.8451009987672586	2.2453895473431635	1.6100043263486157	0.4051925203756951
IFIH1	5.090257863808142	5.2150739332130795	5.647047403390271	6.556416649046849	7.297104257819134	9.323588374310548	9.719011473154385	10.11397211779155
GCA	3.7281316110973606	3.722281649014262	3.767484149631007	3.8927427574585485	3.9237841872213517	4.895512582899459	5.330045821348669	5.940173014325039
SPTBN1	7.048036336146945	7.063957336312746	7.145955546787741	7.1592019309297426	7.205258432887117	6.1478908006301	5.330151808716666	4.301841543793473
LOXL3	3.6848012428145878	3.6645622686631887	3.588297741872169	3.576603051168908	3.5487538900937152	3.451586361336172	3.6504110382581723	4.768350145195312
DOK1	5.146797418198898	5.086234741001214	4.79635662033682	4.461354595002149	4.134985520658083	4.590459674688143	4.919747547601862	5.213652543431422
GALNT3	0.013698931948377902	0.20405908347730212	0.4567187664364203	0.9645538821354096	1.1712577059313594	1.971310891829349	2.1265908892586216	0.23870672190134362
EVA1A	-4.551196259797653	-4.55119625979765	-4.272325038919773	-3.892807731987423	-2.285414817853488	-0.8987890051691723	-1.6412959356767765	-3.689269690674904
LANCL1	4.957017464669978	4.932692701950963	5.041065199752765	5.023839727907149	4.9724844712560055	4.673984884874797	4.587309538013171	3.7844171340670982
FANCL	4.1211664289852	4.04827626651269	4.135182811901882	4.026752416170247	3.9579659471885096	5.022137480154917	5.481871275930697	4.309835459047784
FN1	4.335588865930395	4.146787514982354	4.026567242807422	4.097864340861513	4.863432445988455	6.971640181364783	7.775075805572177	7.81683567011773
STAT1	7.997627651724452	8.246084144330666	8.827051370489466	9.547057894185269	10.028069838282406	10.956712250357917	11.252956223374298	12.181897363951698
GLS	6.698102669947971	6.625740842978404	6.976527004038721	7.084140623146162	7.209118050212629	8.049354764162462	8.199739179742284	8.30012867317999
DNAH6	0.6839368358098162	0.9923513172672177	1.0745337216368003	1.0616883457155528	1.0366475066669976	0.4857693273040745	0.4055110749467734	-0.38026623748890687
PECR	3.8327573946190214	3.812845547914737	3.8375278833508872	3.7658590972268664	3.6667578610691898	3.3133168080319866	2.640117980678185	2.583181843921242
GGCX	4.999353600023693	4.965938553950275	5.008709715296103	5.076190627448268	5.199850059864395	6.008614463471348	5.979909998349207	5.776762773176118
COQ10B	4.797732386739948	4.872501009975604	5.101379107626082	5.168395954211993	5.060174532643689	5.481782404000732	5.7714209581406255	6.241985600978348
ST3GAL5	4.003002688388013	3.888175503427897	3.90485384084349	3.6952232549080692	3.2926173849373126	4.771220301283008	5.751271464029061	7.079079255322274
CHST10	4.366296992052851	4.331125579329725	4.118336982641283	3.9503299789170794	3.243746742106221	2.9811181713649733	3.2026804512375726	3.251244729934146
KDM3A	5.595158993190329	5.660027832536639	5.615226356890394	5.272046920644661	4.697814785506225	4.432576449232931	4.40478265903616	5.492401426333036
IL1R2	-2.8980382824671254	-2.4619075463895492	-2.911791607300435	-2.8177580913210987	-2.895615021276249	-1.9728850329987728	-1.7502160836921534	-0.2192939831545181
IL1R1	1.949517026588145	1.807174810236543	1.897233642925847	2.5295132752994487	3.138441080738959	3.477815932034516	2.8691276486268107	2.246584531581437
WNT6	2.598573488770451	2.572154418150287	2.195642834256585	0.9352617155456829	-0.015800929245411894	0.27934387586508436	0.48231619918660695	0.9560999978095912
IL18R1	-2.293390585459619	-2.0639319993329694	-0.7187999535933204	1.1434848096893984	2.2877779809816836	3.455376015667964	2.820042562322044	1.0692181864537451
IL18RAP	-2.475287211553778	-0.8030938514355835	0.7638839327364052	2.2400234739592344	3.265654491934595	4.248208865622445	3.164132363724304	-0.9490973168530981
MLPH	1.836461123895487	1.8293235250031732	1.5187505774540715	1.4877448549310144	1.2388785441145624	1.7938095876566333	1.5053628045553156	1.2895374626640006
UXS1	5.945335946801607	5.972637643977016	6.0824558560756525	6.500697340399613	6.9900212317386625	7.203052645510988	7.000342221684644	7.2661731380043
PASK	4.548271279324266	4.5898155381212975	4.654075558361008	4.614990605133905	4.384617472528075	4.099769420640762	4.020001693637468	2.830206791584006
ID2	6.316192578971346	6.553108769438177	6.550988440673892	6.5770295211888214	6.478822578090049	6.586358291308993	7.118341240418257	7.5006590039209815
ODC1	7.594165221005528	7.652187965452255	7.799847218509216	7.963100429770856	8.057225240123067	7.854590733517737	7.123897302464714	6.219901715202996
QPCT	2.4340206144796515	2.407432836352663	2.346022422129484	2.473207271780418	2.6689238248825102	3.415954957228811	3.567824490770218	3.1132773574854005
RMDN2	2.930631776276746	2.78607748377118	2.786980121099034	2.8113553844849997	2.5882315797597952	1.7510914109402815	1.4891156579932519	1.316652808812155
SDC1	0.5801656301897454	0.23095900608110567	0.36826315684726285	0.2734369005164048	0.19850574664739556	-0.9658145846316306	-1.3027397223971615	-1.6072382913131655
PLCL1	-0.24401534015008897	-0.230891791955628	-0.3889780855753975	-0.18566069967797005	-0.3754198807186819	0.148088426377112	1.332748881083642	3.970202937760104
SOS1	5.673454771185992	5.529714420673687	5.5389123093366806	5.423874232998324	5.016202882829658	6.018949918857312	6.415141819141005	7.077340484441928
KYNU	4.810796908838151	4.869110605096388	5.129418667874941	5.786511854003567	6.507354057322947	7.931390214833173	8.028599934395059	8.15862025475459
WIPF1	6.574846971455778	6.622733066862704	6.57072248173103	6.558468468025794	6.24132984067613	6.682373665586653	7.475744874407027	8.118183577290173
PLEK	7.644005914764612	8.146479429726401	9.854274474823548	10.552478955980966	11.00186569801267	11.087303156460173	10.593552428081798	10.600896140001042
RND3	3.680221699153888	4.369509707884561	5.471376061165101	6.0223316277255385	5.72570996739751	5.177719176520057	6.115242900182935	7.782569666105832
THADA	5.604978501424192	5.596976409144981	5.631412984338011	5.597990372684638	5.542371378932046	5.278077233607785	5.194404038258412	4.639332391399945
AAK1	6.102421002363235	6.110309229239987	6.0306887533489135	6.002896772042229	5.978421349738163	5.074576992528739	5.008622869770903	5.279492488473653
TIA1	5.948230946450955	5.835610388739792	5.885782588901135	5.817407084881818	5.9011434919457155	6.813905234066531	7.139355446301606	6.633933599523756
PCYOX1	6.1999291021058625	6.070507075168603	6.0706494388815475	5.961629277015492	5.946943472910027	5.175789092990726	4.614835546226841	5.062389327269508
CD207	-4.551196259797653	-4.55119625979765	-3.337728725451785	-2.1909131640603503	-2.5131848030612725	-2.358836423952523	-2.009263462379233	-3.3702574340144196
VAX2	-0.038714948451239475	-0.18523284892309408	0.338989797129638	0.4978138331243648	0.6756951417259537	1.0550377721432949	0.8287189962904596	1.139335107842741
NFE2L2	6.710521627248246	6.852932133094358	7.932145086841867	8.721329126768326	8.892945752647865	8.224300051284038	8.303789664568882	8.708499677101141
MSH6	7.048751058777139	7.012380410684486	7.058597372287901	7.035416111281297	6.718647030494148	6.39839105758949	6.203332331520961	4.891403609575964
SPR	3.8478581337235638	3.7532048550702575	3.6762867339545497	3.719075304205268	3.5647205817975105	3.1092550574491953	2.7442682311374904	2.7396678198936355
FARSB	6.284869713900092	6.284168361200269	6.351142474035424	6.475034008738641	6.606239617505368	6.3503803087106325	5.91372984214142	4.8364305592784484
PRRX1	-3.4925091728708395	-3.3116567989314314	-3.4184653667190106	-3.2258687620451374	-2.89850976143089	0.14585569811920035	1.433694854332557	-2.021303900303497
DHCR24	7.229859343652824	7.311730185319366	7.240761458223929	7.21246253406491	7.091268905280309	5.9893116177444625	5.350231060879468	6.726329831847368
FAM20B	7.1318158161447425	7.100338988823243	7.166698057154224	7.2081401431714145	7.216824154953139	6.747222910859795	6.507044354232265	5.941598851202369
TCEANC2	5.014201269660681	4.970946061689888	4.825846158626836	4.528429031503418	4.291891794656983	5.809288765034797	5.91393721534136	5.125621815772293
MRPL37	7.3739784026520585	7.453543267590087	7.482468866342753	7.5671373249596865	7.60484864585262	7.377676199366951	7.264328886711546	6.183061627307566
ICMT	7.154611808582683	7.103153184702716	7.076986225971511	7.030452745481147	7.008449407745087	6.841269587852613	6.704603200138692	5.78646964691828
PHF13	4.320756612746241	3.9944141144327743	3.542390899547689	3.20181843630757	3.4201376409197755	4.189194100000433	3.690221857329115	3.359927459233578
ERRFI1	0.49175876655539136	0.6331417733063367	1.5956757750903168	2.2267823123164714	2.2003332943399023	1.5109559349263624	1.1058309703170623	1.0676233244087063
AMPD2	5.350764393377782	5.3734944888088725	5.326000227832501	5.196597027059338	5.096389327818997	3.936911666809838	3.459346927108471	4.672264458012268
MECR	3.751326639498364	3.674014578022745	3.770405560396682	3.6998771399384536	3.7428601024173904	3.3637317792638566	3.1752581241777795	2.2920232733406762
KCNC4	2.3320829726129935	2.564849761278956	2.3569178560929682	2.1569272481076363	2.2092130365090314	1.810758288119775	1.623567007464827	3.9492021410305114
RAP1A	7.391301579820679	7.265413651703911	7.295744555331806	7.30681939971824	7.346807566536319	7.513780050236511	7.534397421170765	8.36518600285191
RNF19B	3.827536288464513	4.521970975049497	6.772734411974222	7.868159867985584	8.435381761816084	8.409844660023452	8.12653138454629	8.781361669065465
RHOU	6.955539830592532	6.926342195602123	6.81598469878538	6.683206577442605	6.746921762227156	8.012491581454807	7.831693098048308	8.09383228298218
ARHGEF2	7.982402539192986	7.978014854198058	7.923022044084909	7.99153605708074	7.996299975275891	7.773282556352668	7.903445973368728	9.04044586061282
MEF2D	8.576734667489077	8.780365674198876	8.757857126190796	8.475483568352693	7.704601351973087	6.57614421733914	5.928855015990598	6.648131860963551
FBXO6	2.7020465851812454	3.0161006250406532	3.4121151073193134	3.999323350448981	4.799975853501263	6.4211309614997845	6.769721961542821	6.648537511685849
C1orf21	4.812747441152335	4.743774160644208	4.779404248619594	4.864236405860776	4.814837564061346	5.4831401200846255	5.810862330165245	6.674460284295758
SWT1	1.586409231186191	1.6657618136399481	1.4632218603618279	1.801557328453985	2.3515008975851384	3.574105218415846	3.948783764684113	4.894354461706978
MAD2L2	4.823092205339215	4.8281529029349555	4.936413348933362	5.054975724267153	5.234778480139376	5.3829383782783715	5.152231600837219	3.804375988809168
DNAJC6	1.8576666244293134	1.9231952238406413	2.0329527295669716	2.0286685164467513	1.89568890240094	3.1877696050153967	3.6499002206925475	2.7238976132752812
IVNS1ABP	7.277940233132027	7.176416164916041	7.113709337544789	7.039904998424314	6.8066277691163055	6.15407544592482	6.21072868855571	6.450185712176555
NCF2	6.650998287654677	6.696016067825231	6.745175720030115	6.901159623140542	6.959057868225624	7.338156828896473	8.050494462455429	8.760484205275826
PLA2G4A	4.819503143972915	4.598137236094287	4.531392321855812	4.5869779068234635	4.578228155261293	5.977106251601738	6.159848042910842	5.667537302163635
WLS	2.8306083403504907	2.8327976088047135	2.505784586229597	2.377950820646494	2.446707674555583	1.9573275681454942	1.5130436771233708	1.3282340137665019
RGS2	2.4029260719432455	2.7000487234262316	2.5000538557182037	2.6575537059228993	2.4209702156128623	2.9826574354364737	3.8996709572070802	4.292738066153566
RPE65	-0.8135545420850553	-0.4254149345569267	-0.37304928265416987	0.07312817882898892	-0.26961271730381564	-1.0342514128464768	-1.2782805313503594	-3.853400172654969
UCHL5	7.089076523674766	7.034144311538153	7.091276536500976	7.155585731826651	7.117514703862216	6.532066588423915	6.24329721585856	5.822787002582235
CFHR3	-4.551196259797653	-4.55119625979765	-4.272325038919773	-4.293278020006689	-3.7105664223967576	-1.0613271014398582	-0.18942346973215257	1.4192048275124394
PLEKHM2	6.528858865246981	6.619309444350007	6.6450206238308684	6.660767328751646	6.785947328742922	6.742752778217682	6.849634593803218	8.042428313916444
ZBTB17	4.015866896763898	4.089882097376755	4.163533622065943	4.449120311831132	4.850810601565718	5.201995158665175	5.05617921168373	5.213456516943768
CD58	3.5870710220412194	3.5736849136842834	3.677826935732013	4.102098152095687	4.602851823197609	5.1006061909985725	4.8266409329611175	5.215657912974584
TFAP2E	1.6704359439550223	1.6014888535621261	1.5135840055012322	1.0412360417335251	0.4395408639030333	1.0146818152750918	1.1371120747978485	1.4191723936007832
KIF21B	5.905059419571618	5.895701815622427	5.8459312720192	5.5660523561840165	5.447074492153367	4.078800065892697	4.184586467555464	5.248405401517434
TMEM9	4.913207477724985	4.883076377942679	4.720133895979174	4.457133492318137	4.165555577297606	3.457242811662513	3.5592285565615156	4.24922298557591
ADPRHL2	4.152317946678383	4.143229763853089	3.9316957509096575	3.926000223066985	4.3725845852228	5.932357837356398	6.080766442260356	5.5539237011225815
MAP7D1	6.662253736721839	6.667460030220347	6.573371883618875	6.52093236378883	6.433895759645729	6.803472854170277	7.236743258230888	7.954589060915074
C1orf109	4.111083499447695	3.676495741788118	3.510033273893079	3.4054396783435243	3.3488438743293267	2.954689637509899	3.392194785850215	3.478129769580324
RRAGC	5.214987170421718	5.09570974885399	4.958558264184435	4.907677439101673	4.815346747692722	5.889621596598504	6.728409849175238	7.165231646403133
LGALS8	7.108001026049918	7.163570709625825	7.157006811439175	7.03954681961243	6.860600706240618	7.512037174656579	7.580276885845489	8.081940439860531
NT5C1A	-0.7287804515602513	-0.8451023339727661	-0.7639644800216845	-1.0309501752043873	-0.7782981458865271	-2.0838146461879927	-3.5232755319803335	-3.8534001726549687
BMP8B	9.139359549845505	9.072267288931126	9.137509061734493	8.998147296909353	8.829917960982895	6.590554850416906	5.009767725461488	4.772486142201464
MYCL	4.796664507903817	4.783658964496009	4.583641181101651	4.195948880722319	3.61817125305524	2.8315295880995013	3.6104199432540507	4.722622993689639
KMO	3.0152228867891604	2.9569062703014986	2.7651131338979003	2.7178747813355404	2.8989774587159967	3.555930216534935	3.806999341652247	5.337940472920678
KCNQ4	3.2085514444804573	3.2861427571746966	3.4572654300243792	3.302242441472214	3.2078352742321927	2.509594059837284	1.9975526935621284	1.798895879275478
ETV3	5.912979649514444	5.878328371899812	6.398315299380174	7.405823189269112	7.706681710136806	7.945238420211755	7.9028956765567555	8.461930824872786
SLAMF1	-0.8460540771548736	-1.1475529813651224	-0.9271793760268334	-0.955534755108723	-0.8146755512961927	-0.05148650263132372	0.11655734520842827	1.4245793501935267
CD48	-3.2473803216081065	-2.666479801098354	-2.371981566667951	-1.7562482360303888	-0.7678657381955499	0.7437042000776826	0.7421024057345902	0.8589557935662737
LPHN2	7.98744990414129	7.993998294405143	8.119806948626902	8.13722435141219	7.990100219860119	7.30970282257032	7.436243774013773	6.435045311978575
PADI2	4.170052685359005	4.296699026433451	4.103204360827967	4.091583634671121	3.9879097201918663	3.4392072676863963	3.066526820377086	4.720785251841609
SDHB	5.6318729476662455	5.632616450055615	5.714741964887622	5.748642831036128	5.777094007107365	5.692479126277899	5.698836478081629	6.790568021980077
RGS4	-0.1588824714454249	-0.7557679131686688	-0.9340795287208749	-1.4970201839124262	-1.6469279333860172	-1.5722349536796958	-2.0807919472007637	-2.421279371827878
SSX2IP	4.579975587987883	4.608566956926467	4.68038562403007	4.611202864481998	4.338519166677472	3.468081886775794	3.6166967666567285	1.8971384320190667
GBP3	3.7856568878045422	4.1115246802716365	5.235405228935326	6.478562530943641	7.502911554607144	8.462433791560585	8.314895878274632	8.518018037147376
GBP1	3.7067633499264745	4.636044711982471	6.521113421542193	7.89914656597287	9.269480436833245	11.360428508835462	11.814492810258326	12.071948271815812
CDK18	2.994143477171381	3.1628290405638584	3.0881277042337993	3.0521880465139306	3.1558147427848664	2.62085923083556	2.5886873303422018	4.730744020202913
RAB7L1	5.734105674866883	5.591517588256249	5.566514113315059	5.548932268928043	5.573443560044037	6.911858303889723	7.399748911888491	6.949081061026035
TXNIP	8.88855027537507	8.272857114223422	7.044841654101781	6.395033385294453	7.103084483332772	9.802598064948153	9.404547342657006	9.722992510561873
ECE1	2.3554381779614744	2.556053183238301	2.731733319813167	2.920962732091195	3.302313646492234	4.471818752939903	4.5945249635709455	2.6788502907653258
PRPF3	6.5495885087443515	6.555906258547011	6.630056677816687	6.961976060486542	7.265213509804143	7.834023253284812	7.873529003649157	7.500285414430843
EBNA1BP2	5.871166775913943	5.874067296717953	5.898294723808625	6.090836368645993	6.124312451972653	5.577141694592598	5.262523898275562	4.670261724433228
CDC20	8.998587233957108	9.08215493932987	9.053508548835532	9.00772747855323	8.73793921587892	7.966525661184064	8.587202126882737	6.6441569056289165
ARTN	1.124520255807671	1.6033382958055928	1.7821490996414937	1.668302435421759	1.8625920618011644	1.0100133769767363	-0.26940960190603974	-2.473765599845759
B4GALT2	4.568867301174804	4.680531253705835	4.721448556771332	4.644551035440568	4.681000820821392	4.324327011898621	3.9788062243292033	2.9268163319355933
PTCH2	1.9862188636024372	3.7916022064317114	4.089132897718908	3.9564760012414135	3.7915679850743143	3.043079276011666	2.8127834804205216	2.8621016094084615
AKR1A1	5.5692669536760615	5.571063374043179	5.55751593524112	5.556859751107657	5.5854851345031005	5.8629215254463976	6.181584173620357	7.151123470340188
PRDX1	7.6367176765116564	7.588193945109845	7.649253367966045	7.768616402870716	7.826071031963954	8.123772319178187	8.128675387251336	9.14117992520343
PIK3R3	4.043479708840121	3.9810258606227817	3.8982834613103794	3.8730995382968887	3.862124103384579	5.234715086679198	5.39606602524949	4.510664281957297
BLZF1	5.2192138206302845	5.08540475223359	5.186292871336849	5.366745409521478	5.786031114188415	8.093075941490675	8.235751526000517	7.755315174756586
CCDC181	-1.9398751152944822	-2.1911124435260136	-1.7070622231170751	-2.062886430739559	-0.33558229504875425	1.1357246646340797	0.9548951617436815	0.0022696491108738226
PRRC2C	9.535800823337901	9.510572123328613	9.540904989036862	9.70191023877387	9.907937699208508	10.125165286403593	10.172080253303132	10.514984914893404
F3	2.616491465964686	3.2475550338762798	4.8740494275357555	5.558371468202589	5.3996745359239995	5.336982386164067	4.862644730278817	3.9761616922435588
ABCD3	6.138316229027938	6.082646467209475	6.13251112708787	6.160131030845457	6.12848185144611	5.4699235790603	5.089860119191304	4.4768442100605315
DPH5	3.595766948996622	3.4266660995320457	3.358355244455277	3.367388547957903	3.0693804899803165	2.4057899600463286	2.3973977584442627	2.3977920224599174
DARS2	6.3808454379885635	6.39968835309891	6.4199485217365115	6.4432086378307165	6.2818485128391055	5.7919855806866	5.69728571877562	4.836748943156373
HSD11B1	3.322040073849489	3.5494378637529946	3.76540034824638	4.111526353636574	4.15613687895296	4.528727256742663	4.5278858927201835	4.326175648652484
IRF6	-0.872933596335339	-0.6564941997863061	-0.3690367887284097	-0.598372627942918	-0.5560161104288417	0.6622295212676765	1.0049942387008746	1.0274860045400063
LPPR4	-1.3258236675315787	-0.9784418352054791	-0.8581448621422745	-0.8378817260565634	-0.35621988618140166	1.8296743630573187	3.1132100843800177	2.8436037604938584
RCOR3	5.584805226385322	5.575328862339585	5.5917584534385885	5.460738211767211	5.037821051320831	4.531671745143411	4.552417661805563	4.957818987477715
STMN1	8.633538296003838	8.663996642203873	8.693605675791893	8.81704391797261	8.837685854515659	8.71222635815768	8.53365519911815	5.684624019438374
MAN1C1	4.509613651558196	4.527068812509287	4.49818028330205	4.382578249525196	4.138399307310918	3.2342511229378497	2.9743046308325773	3.137624681442839
NEK2	5.555194079027472	5.519164653431586	5.5178603465788205	5.411559661706421	4.997615387333987	4.490750635482932	4.89406946936397	2.744953417962112
PROX1	-0.7149988951088466	-0.45617485668371466	-0.20592114837915299	-0.37327130348357485	0.05157256734015241	1.4750130443691647	0.3816492983781418	0.2808582357175975
CENPF	9.13545491782305	9.091827952839678	9.10466592132278	9.064911292934166	8.73975879325875	7.787913715204786	8.234661624525476	5.9104703182301375
STX12	5.304820134648788	5.32151306170575	5.474876915595864	5.708822280692739	5.915414252761442	6.5885480168191926	6.657870430697797	7.1909385350223385
MARC2	1.2766347318127762	1.4079351123305057	1.3458854289304911	1.1484520752668552	0.9232581054397164	0.22175487923840953	0.28524832612942885	-0.5935865012182217
ESYT2	8.070250816787853	8.055613014655705	8.188776150725229	8.21366936981195	8.30285703376198	7.786357641921406	7.19273383845732	6.497071183215847
CD3EAP	4.250572407752831	4.181103885616847	4.060375987266484	3.9885600820017997	3.420070736697131	2.0657848508656764	2.510915146889123	2.8990865457536783
RCN2	5.38224494556661	5.411195055351881	5.52274345082827	5.490248426761733	5.530803318252975	5.160807556404664	4.631918126014305	3.9697964942487305
CTSD	9.750794926845735	9.892972244145268	9.719116048909676	9.597409303640385	9.6145955482929	9.5548612532703	9.655142144242625	11.754087818615911
TREH	-2.7455814737650406	-2.620765825065397	-2.637370812342683	-1.393726267194027	-0.10534500504098565	-1.669144098800776	-2.8602295385575847	-2.3346767852981913
SLC8A2	-2.6996765562392273	-3.0467162405206087	-2.753306787200091	-1.8695307783175554	-0.5671342083822475	-0.6480604728185155	-0.5209839553773892	-0.5354053553686355
KIF14	7.024505401783488	6.958177673163375	7.094560651520572	7.0574277519953945	6.720269390189108	6.16873562307611	6.731833411837226	4.541107727929914
MREG	0.11155408650688771	0.01552037707733167	0.04607718364027177	0.6051685402658515	1.0562274170902812	2.260907178809267	2.3982789387697965	3.3461613221789532
NRP2	1.030468473390004	1.2956583152626013	1.9386055565342404	3.3377583311462113	4.797895691809167	6.632906935057112	6.9913893605345105	7.646140322224383
KLF7	5.610628852892335	5.818091786690811	6.076363754579843	6.386599178565204	6.696919110886645	5.823036761422811	5.344891825945622	4.861738807031015
B4GALT6	2.573193221063825	2.485696750551778	2.6361584597890055	2.7545083655399982	2.8827634667753976	3.228769815916905	3.1167624560254454	0.7498253230249361
C1orf54	4.522756069320602	4.548484871539213	4.47760292003111	4.662584685053778	4.56550172516701	4.660607314051167	4.727923945696288	5.847602762394335
LRMP	4.7438436615408115	4.685304004195043	4.652067068157684	4.474966726321585	3.7792492708631147	1.6902050563518123	2.40627687927895	2.411541847836987
ATP10B	-2.4151309316845433	-3.0467162405206087	-3.4664501529642724	-2.566195161067946	-1.9596483467522945	-0.32914211439404994	-0.9256277608810275	-0.36112064612748124
USP35	2.4047320548151245	2.569063638754918	2.282433757563009	1.4693940656754725	1.0888468342649196	1.4378508356839954	2.159148542661187	3.1699288624871125
ELOVL4	-1.4437081129837903	-1.7148643225994684	-1.1900006610092901	-1.1777796856450706	-1.0569611830026606	-0.3247343947267696	-0.1711182848998819	-0.22899782158867008
CNR1	3.961953057651844	3.8377934826727147	3.6252758938473804	3.376137585259333	2.6634631317115955	2.0043957782717126	2.3838815018636206	3.1977231764953364
SGIP1	3.2471568445553864	3.2724497742316156	3.334722479091295	3.4867158174599444	3.7789664131101723	4.172705522601557	4.485391470323955	4.253393251057039
PHF3	7.1908651197598985	7.123712881091656	7.1094439843464805	6.866027962397359	6.2171794845810915	6.194980730525472	6.676565114967772	7.031066740318342
PLAGL1	5.060425704741493	5.112664564231528	5.225856250684574	5.348363284960133	5.487776070894865	6.798893528580585	7.128321997554579	6.657590925678109
FBXO30	5.892382983393409	5.81426285807036	6.029937298744411	6.293497497140578	6.612559601112407	6.974178471760929	6.534333056511793	6.232764481132605
TNFAIP3	4.058357248904457	7.289858767077032	10.152585260704166	10.470393286863315	10.269480689651871	9.360097246260377	9.292620030668974	8.779060798776047
MYB	8.158758331194694	8.06279113521081	7.912934565430396	7.556694418997026	6.712233205932402	5.065808350920255	5.139812758875353	4.47786899291017
SGK1	3.5147185767126725	4.238253770051756	4.865101619024752	5.507918435582152	5.346409757884469	5.1996946671644135	6.029097715553222	6.800437785587858
CTGF	-1.3711294093163955	0.4569857451301045	2.535528212968207	3.4902935838721882	3.9608505038963084	1.847129513841505	2.7933051572858796	-0.041583443917386
PMFBP1	1.2316759017261893	1.2082856891787173	1.1789942337602881	1.2034437839604502	1.2241696101012813	1.0356201791812163	1.0545450633620628	0.38105435703693313
SLC16A7	5.5143922617391805	5.443152989408278	5.5376781149273295	5.530736155651201	5.573509898902733	5.1293073907312365	4.327489467271377	3.363194067142655
DCLRE1B	5.272022433333376	5.246183749931776	4.916517283286904	4.519672704660113	3.9882435140694517	4.392429745535159	4.724254068201709	4.184018543708717
FOXO3	7.350709313987206	7.398366336047497	7.392499826402442	7.416731264364812	7.3694637239634035	7.100495416386727	7.557795923723765	8.473656268491759
ARMC2	2.536167936074099	2.605346398093539	2.339391496455907	2.278632215556322	2.116072992822458	1.6835606863892134	1.2893335444763834	1.0577849060421496
FAM47E-STBD1	3.0674615917754746	3.3474582264474124	3.8529556594945924	4.563648621582569	4.791789642578724	4.0173198262265855	3.762898924639347	3.3047009930782787
RARRES1	-0.8113561337631001	-0.6165859525194675	0.36049469881067847	1.0845780869474995	1.8584006256493497	2.5569768711491774	2.4961410996438103	1.4622604798984336
FAM86A	4.1313121040424114	4.130272000774966	4.099453138789123	3.9505498511238804	3.943111341756861	2.930629350986098	2.693958236085545	3.0908299002968826
PCDH17	-0.9243033079089793	-1.071668675666486	-0.6536297301587156	0.7094845945826834	2.265826437505031	6.148368616309384	6.5190063061209	4.614352054372411
HS1BP3	4.191462008814099	4.195206634588839	3.923515845633283	3.8543339133925407	3.7333536606492674	3.6195133052178594	3.915159460859078	5.2723803948660555
WDR35	2.7905652443885947	2.6361852129194645	2.6928455474392488	2.7893018673252046	2.5282306533794263	2.0886273088259504	2.1036352432930494	1.4406546178756803
CCND2	-0.1537262660124299	-0.43219087861928884	-0.310631535296831	-0.49226460198703853	-0.6799710556293888	0.5043991698317487	0.5687372632663434	-1.9774994068415799
ELL2	5.38558282063366	5.3982071211012626	5.475334564872298	5.75504665874152	6.146138948487197	6.428737811566274	6.430082563872901	6.793107629929311
UBE2B	5.338799622482329	5.274683901761456	5.449355582009252	5.679773899680725	5.7269706902645945	5.861861169305073	5.856362603930502	6.2842833803306695
GDA	-0.5449670938573772	-0.1809127292990454	0.08154855254331703	-0.09651845118450446	0.737170875432437	0.3996540264016881	0.24014021540573055	-0.6277931466471897
KLF9	5.025311753389619	5.20903214379668	5.502081857328313	5.552306350580302	5.325226644179447	5.735284414927832	5.858027398562365	6.841022532182059
TJP2	5.197390103784059	5.222206891962598	5.279123211910055	5.719005737177008	6.29079578390485	6.966767438629104	7.112230483792025	6.557878194276177
PIGZ	1.9011422273036696	1.8238474976724048	1.9574742024253078	2.022961414832702	1.867515676086081	0.8290503182090936	0.47492008476769526	0.7945033894049005
TRIM67	-0.6701052448932698	-1.0980068355960249	-1.1351515992228678	-0.5356817283463169	0.15536564082733123	0.1444902953076178	-0.4953298918560188	1.046160501870523
HEATR1	7.617348918016535	7.504687701518405	7.595766150317468	7.683181268908656	7.780994299163058	7.290538907872314	6.9619850840084965	6.365763136431866
FKBP15	5.994600588841958	5.946202800070869	5.857954580490723	5.805977792808006	5.583408788519989	5.838893349826664	6.504566389539881	7.786493959997193
CTNNAL1	4.438439556317668	4.443381260936701	4.561395045882432	4.6187978349097705	4.782980163979405	4.556042154341814	4.24164113233322	1.6774080937984106
WDR34	4.824380742075546	5.029335746951526	5.109864423114334	5.039480305608487	5.041704359377412	4.858523057759827	4.6316520436105915	3.1748773524041134
TRIM32	3.350520563023985	3.2409842482260345	2.8744910575820795	2.1314349806926707	1.4232510721807177	2.5972274912738325	2.818207892920655	2.5895139403551766
PHF19	6.448629088317357	6.528864344249574	6.459879317263736	6.3991357218882765	6.291197513612605	6.043703182319913	6.107904012092905	4.452885782077313
BSPRY	1.727348443418453	1.814061516817171	1.9685415514740314	2.0525495636140985	2.07710066365241	3.649216902866157	4.252598619744109	3.0533915224607435
HDHD3	3.0214831653161065	2.7412410838294172	2.6118103924808347	1.999253451249404	1.8186313799815528	3.0625712552323803	3.324342547819389	3.4787539884051943
NR4A3	-1.149479069915175	-0.012119891805801688	3.0146744367063407	4.853584656672865	6.349497481296513	6.608021291843379	6.407512159365784	6.1285026198875805
GALNT12	3.8794914882795855	3.9979353124918373	4.0242389824917035	4.027548989592402	3.9924240004833624	3.863819674880722	3.5166982208203823	2.3292390472370634
ONECUT2	5.255909878592623	5.326223869573775	5.548125075239865	5.515686284196356	5.191545355409522	4.362273904515359	4.181472656798496	3.584144424049386
DCAF4	3.6148012730989345	3.5371191509786097	3.482940209315149	3.2254848790649904	2.901395432734765	2.0101470861221156	2.5947588923487466	2.930768092778071
PROX2	0.1686728719232252	0.2528847516318798	-0.06760714220303117	-0.453010285248319	-0.7181700661578388	-1.200197499093579	-1.9379345876744147	-1.2029103706927575
ACYP1	2.2429474274822385	2.153701320210968	1.8248754181523184	2.235114936576702	2.097573369947923	1.8443026793259905	1.918429398178302	0.8639513702389695
IRF2BPL	4.154086397679299	4.353317416685838	4.346492458381416	4.00968779183905	3.6280853491546936	3.431716671283399	3.4934104155659895	6.390863578590546
FLVCR2	2.0678777537116435	2.075755476922616	2.4591473229523575	3.1777609822882704	4.191785890863994	5.6661220350190185	4.593988677492168	3.5016517933636746
PPP4R4	-3.6437446337605643	-3.202456233949534	-2.354167459916381	-0.9814535841219243	0.23906752817727997	0.46927024119242067	0.05226489265725222	-0.8429991812581791
TGFB3	0.12262925650441371	0.226382371676559	-0.02156823883233457	-0.15860354955206152	0.08396448955233386	1.4753512734532788	1.9163571538249773	0.5635187621740069
GPR68	2.029101669112747	2.2858578122002715	2.805963535128155	3.4915192966138475	4.43874424342053	5.8815311636386305	5.6135154366519	5.97951324283113
RHOQ	6.128182801516488	6.09381422748149	6.154716763096376	6.319247364248968	6.452122574516876	6.7710779869594795	6.841220997085493	8.112112553378537
FKBP1B	0.015293602309696494	0.0927625272842096	0.08620525640438208	0.09729388966930518	-0.06631743826214109	0.13541292721411358	0.9235552108494149	1.2496327036927448
CNRIP1	2.549510553646101	2.5456148192204058	2.313010504966649	2.1434758888824996	2.012526196024304	1.4708156289335452	0.858036231519699	1.3162083918895362
SLC17A5	6.054746080819161	6.050707365805711	6.0354291622070875	5.787081168722759	5.26806894441707	4.633998121947396	5.271091376584925	7.2995154363760655
ELOVL3	-0.8980368027800729	-0.6992798547238892	-0.6047607525236441	-0.667595689545416	-1.1712783352808582	-3.3014477429176132	-2.5430257710225037	-2.421279371827878
IFIT3	4.780924441448275	5.73430767950084	6.85606183927592	7.898749329424682	8.710485503284655	10.15845866273673	10.162658834457964	10.51507323411019
IFIT2	3.6606257025967603	4.93898964267429	7.090255355242796	8.347164863265402	9.188407382428444	10.336430772092022	9.747523764890428	9.885090099407492
GPAM	3.0460429233790824	2.849188497449389	2.6397567203818952	2.2804995147958627	2.27524653769488	2.838150476694281	2.7006792088749525	1.8701377703998299
CUTC	3.536166577196247	3.464952931146591	3.496150513280404	3.506397666815019	3.2532132206692195	2.2887406214013177	2.4966435562291824	2.6340040853559814
PYROXD2	1.6043888746462838	1.678972852720511	1.4712991252210252	1.4284027360524059	1.3577890761343268	1.1176227454873349	0.749470240366743	-0.002412081677786282
MXI1	4.769004200914438	4.952543883882237	5.017527811634581	4.970306531533867	4.78060367298437	3.6776249626595847	3.089378397477611	2.0425781864895707
HELLS	6.276137103779428	6.110414626787325	6.188483661104863	6.261175145364062	6.382299383658816	6.320112663344615	5.994835962019584	3.995635097618327
FAM45A	5.406081138405208	5.304644591388904	5.234923635469357	5.163199131515462	4.993229451184496	4.230938839264319	4.235891436011564	5.047681106992752
AVPI1	0.47082108577653337	0.6424962209086194	0.7251785757104914	-0.19504088850779983	-0.3289983294480566	1.1242133270347938	1.4368752631875195	2.2323586776594437
KCNIP2	0.9310261870816696	0.6412390982593901	0.7737554284953017	0.7032171114091585	0.5437300933445426	0.40318183495970267	0.7249300156852816	2.238061043354131
C10orf95	0.6603421427528984	0.47250006194271765	0.34145519318063916	0.0061281358433604854	0.4512164153444873	1.5452216050859608	1.4626238498728978	2.403785829768765
GNA13	7.352378199295403	7.316069382907215	7.365748310197603	7.396936650208291	7.561598856432973	8.584849224284145	8.603762174341057	8.956750282105654
DUSP1	0.8734815799147024	5.651189262859966	7.059096759599405	6.3086408930858555	5.573211221887408	5.01611700017027	5.123564503001946	6.358919884848385
CD274	-1.768884612218673	0.6185906080612155	3.8352697245918406	5.795898292600949	7.299602283179917	8.652105081468747	8.687463814919923	8.636074216857601
NUP43	6.532881043061891	6.393849471690535	6.375216949164594	6.299196667320619	6.1906259769128225	5.902416842055766	5.9054407967001445	5.283410901084194
MTHFD1L	6.558527147664405	6.4997591364252525	6.586311624013685	6.619839339305125	6.625618751600538	6.38706747586329	6.041181525896079	5.2150141235593575
LRP11	5.181052839406098	5.291413064799954	5.392103119060682	5.344329977733938	5.421603035909845	5.191126176208546	4.965129578206872	3.5614242135804997
CCDC170	3.7228604833647356	3.5721431939856823	3.428012446735554	3.2854583578817937	2.950866108322992	2.272800763225628	1.6117720779730897	1.8342512259444719
CYSTM1	2.3975941933189655	2.5197138306909634	2.3708607663920054	2.3874643287063657	2.4083256001853304	2.597196699515693	2.42386119462384	3.496656455901733
ARAP3	2.7866522359640533	2.845806566343238	2.5899873574690786	2.343952066233507	2.2551466855646964	1.6757746541710343	1.5853116441246236	2.1245605312029534
PCDHB8	1.8982713665092978	1.904981896619461	2.0807767806972244	2.0731317426223015	2.409089276451068	3.906170404302661	4.336747883701307	4.094090238870413
PCDHB10	1.6687872912208936	1.6778006582317722	1.5258473903348362	1.6842441636157184	2.2721983837546986	4.093057780903202	4.325983143015852	3.8122886729169014
CENPL	5.4038958569318405	5.411738890987134	5.2605455631529505	5.029002705031626	4.74654995113151	5.43524190470423	5.511931679522158	3.8615000748653245
TNFSF18	-2.653057595540468	-0.7774465632590297	-0.5249054554550323	-0.6338426136123958	-0.7327975838192	0.8593854434225849	1.081205812043401	0.8758488375171748
SEC16B	2.294484153044506	2.3465479967926335	2.294738667277058	2.1194148383426104	2.365625836568661	4.471709142595676	5.250904309275501	6.252557523212973
GORAB	3.591573779011444	3.499446313784804	3.6087648739884806	3.670204800426961	3.7611788921362086	4.354295668321847	4.571275232016438	4.765628574449266
GPR31	-3.9104168811574693	-3.7978397630444136	-2.700418133747017	-1.9362059166534156	0.3209860609017101	2.8925574028273684	2.3538470221203713	0.48284045128878084
NUDCD1	5.352096337249286	5.325684168276336	5.546365144464539	5.792890048718827	5.895166949674607	6.937422423346058	7.1711320524261275	6.521507568047294
MASTL	5.4260377091741265	5.471878834643995	5.700384079140737	5.9251813595569836	6.031332687386069	7.380594000299345	7.381236652516103	5.922690252694192
KIAA1217	-4.551196259797653	-4.275658866023473	-4.55119625979765	-4.260144718255706	-2.85984094209162	1.5247813903578433	1.1325534633196854	-1.7035260205903242
MRC1	1.7404870754091075	1.3086774524701301	1.3909310870044944	1.2816275399911303	0.9277610743416463	0.4662324262618758	0.2070793266196707	-2.7843437596792437
ENOX1	1.4655712231521023	1.1718006997580064	1.2627422702805264	0.9193404340787353	1.0695941261586297	0.8957740423660157	1.4445728555884003	2.6121666213982433
KBTBD7	4.123994180211108	4.1634778476269405	4.061896621400678	3.6600618695130613	3.060696616974387	3.1427511947762192	3.0964769289782996	3.2533053729130557
EXOSC8	5.1678704573546845	5.136306644152199	5.1990530477720664	5.30894458655427	5.308234714888137	5.074818566890584	5.068358458202674	3.691211626961153
TGFBI	9.033536887609264	9.08679242454066	8.944790456013207	8.912235428073068	8.886762818961605	9.08499659437474	9.22447534075895	10.461359115767294
FAM53C	5.633280914241824	5.734454442175931	6.078450411549646	6.3163883463461525	6.407126930568637	6.142919780667544	5.959975375881708	6.744826573510956
EGR1	2.055848225300315	7.714862606068884	8.40520528536163	6.640659279397094	5.746157544620129	3.434907489268314	3.1457395823806755	5.067033944743686
ZFP30	3.230570664512129	3.1183299575329313	2.8453873054906107	2.342360176703739	1.7908944902233415	2.439367402641283	2.493036627315138	2.4219489346781224
TMPO	8.401834270302434	8.434404757414613	8.51287461929616	8.515179417687296	8.398910560813906	8.350021474180615	8.669837048701112	6.865328755810381
MTERFD3	2.35291163733615	2.060163915452288	1.9991301373868982	1.5698005742847614	1.2122800764317936	1.5961066349575304	1.839994338190807	1.056272434942621
NFYB	4.7247623561927075	4.624844477971234	4.6670804939545505	4.659878891831495	4.59886623239899	4.3734884525041045	4.305817844122893	3.430524741930061
DUSP4	3.927440739940467	3.902652902059012	3.486527533455315	3.298014116443266	4.982850063064377	6.952660992213918	6.129267901765944	5.217910915215176
CLU	0.9558578286448448	0.8995664730699262	1.1502761420287357	1.5094120421950992	1.838705371023682	2.441732943220144	2.609312254264689	3.904068140965987
TNFRSF10B	4.521840448739368	4.686813984693395	5.0654474651407195	5.392597839544111	5.744616346586643	6.148894340041952	5.539884780914303	5.070810890876954
SORBS3	5.960555917066831	6.05846994253038	5.9861238884331485	5.988940585235998	5.9851774493588685	5.586354310517719	5.388878826277335	4.752135113098598
PPP3CC	3.7225386095067394	3.682929581216176	3.8115570821991445	3.8449756429059354	3.92616966043408	4.443042919366141	4.97178928563876	5.053372110612802
PDLIM2	5.333602714921672	5.438762918388228	5.386220525758584	5.082776707594842	4.928073770658801	3.619282059049323	3.4526368668245295	4.235304419471964
CRISPLD1	4.228546582691687	4.316819132934654	4.828364126077542	5.109935574724056	5.329987800588153	5.99961748926359	5.796379105779939	4.061334517336119
RDH10	4.452856231222002	4.478292417868772	4.806912549101034	5.20774482948293	5.615116155467554	5.706653787527763	4.842941834476033	3.979986014455634
AKAP1	6.574383690867045	6.601463573829432	6.598393997762844	6.524267956924824	6.067591673121507	4.281348184538276	4.169851544556501	4.390672689574927
TRIM25	7.2138813153879795	7.447189570963916	7.968814760435387	8.533271102276622	9.125303865119605	9.74477748489672	9.384495283923489	9.047494501266527
SCPEP1	6.427661754631812	6.444311824559586	6.360527953213549	6.393262348748001	6.448427204115161	6.606865472880166	6.892223283008807	8.328564889435498
TBX4	2.3739342724059433	2.55573816324575	2.4563694428227736	2.0215522079265043	1.247512607252617	1.013171999117684	1.2730040924034465	1.6276893987807495
TEX14	-2.874820669727632	-2.2683536391677537	-2.13676243026959	-1.7614412940951758	-0.8891133946582488	-0.07985889665663876	-0.7554758299373054	-1.6597163931598367
NCAPH	6.138590276406277	6.170977429881954	6.212608685370196	6.156916038439938	5.831310090234187	5.5376836104842795	5.935000708896881	3.7051433977271184
MND1	4.393784510116719	4.274445495826324	4.34768195176804	4.316592358835523	3.9445013402510165	3.6434423405206666	3.985089446855632	1.8308325380476014
ABCC11	-2.3160432114705354	-2.1381197279712145	-2.032508890944632	-2.2451052183474816	-1.1712783352808582	0.20741427947222638	0.33803225714161833	0.11998362533906823
BCL2L14	-1.8757078531933464	-1.555680292667478	-1.0129305288862218	-0.11043737975498119	1.7828904442001312	4.305509018880821	3.9807646296446313	3.432979908418523
TRMT1L	5.435462978375336	5.246284824767978	5.223560965869694	5.217561197075021	5.1078520449700555	6.243234817504467	6.544653187893621	6.400049111886746
POPDC2	0.3699841817810759	0.25082369966415063	0.6831391689524946	0.9934258975929641	1.4756156142146137	2.0779399411518447	2.0360197295075526	0.9773590627646793
B4GALT4	3.4060283324352563	3.421466142988081	3.5834870839486817	3.7083427918334246	3.889747045886512	4.591879561911952	4.523081646536127	4.169612146174012
CD80	-1.8827751899363896	-2.1738572172856374	-1.3312627261327228	-0.1853636158232637	1.682880785786625	5.220502312699848	6.170969873080841	7.155539779681121
KIF18A	4.815143188762123	4.703615200193115	4.76613828329094	4.619752100368753	3.98023082261735	4.6447113957088195	4.860015408292611	2.2010358079892534
DEPDC7	2.3227546234901775	2.028205270186393	2.042106840034026	1.5814343426276738	0.9323128666500388	0.8065544240540263	0.9030466102043903	0.4815363614922805
CAT	8.189565154655504	8.27770326369047	8.293552121868332	8.393426153740823	8.435640420114833	7.9928771313752165	7.429866397090592	5.442698847286255
GJA3	1.1108752374835258	0.8086781012315909	1.1420054066621539	1.147397300455414	1.1810203033259623	0.8136900708000481	1.8911048862130824	3.263610806499072
CCRL2	1.1948471062079138	1.7720460695706892	3.327520444648207	4.0979585695599665	4.272505726748525	3.562633677173939	3.7162282069006083	5.182064694590482
CCR2	7.21271714346306	7.268633179101734	6.921746930927428	6.1979509253129095	4.63522485963807	4.688046316947067	5.774983911570307	4.4092532914505
RNF115	5.611476050082469	5.628414860200818	5.700158081721687	5.8119189309969865	5.913357399647185	6.4099574040341984	6.460296868402223	6.409361978871361
TNFSF10	3.164221554046987	3.384733751423304	3.1018165610601844	2.994665045251173	4.3105930083826784	8.849084617382275	9.40664269540935	9.675008030193059
TMEM54	1.731368238389645	1.7709077611804032	2.0169840968811013	2.1513499750545972	2.5490595534328238	2.6699025164813404	2.6369298590503742	2.951232812983592
ADORA3	4.088310453263565	3.914324108437227	3.4336744637585612	2.664523233231425	1.8783025937636153	3.2861176280357633	4.286735967419748	5.632552715676642
GPSM2	6.233662516350238	6.163467413829347	6.15588028701244	6.049443573117999	5.670923771441911	4.99236707944353	5.480162917463343	3.6490929978385003
CXCR4	5.26013625884176	5.422944577666894	5.111632403738876	4.627919444268382	3.6622217575559	2.810991769497706	3.2667977706520746	2.7212828085461966
ZRANB3	3.6190162480461185	3.6153191480308755	3.673849402721318	3.5505298788325543	3.4519480111861855	2.916235269459804	2.8244154824046284	2.2955280006457848
ACVR2A	3.858722934642822	3.7691755289836864	3.992808826446864	4.6845607466823225	5.218245934041763	4.357800491335338	4.593154656964037	5.335554399869607
FLT3	4.836673983495017	4.885467748742635	4.916992575507618	5.062424099206069	5.044366176655991	4.437564459334574	3.7174502264773857	2.8250090849121414
RASL11A	-0.644317993541914	-0.009493420703138605	1.3336707475789626	2.0657218256574126	2.664656224113408	1.9648868473992454	0.642226124285673	-0.5482599678377075
FYTTD1	5.864116927621826	5.728771569061524	5.728503619916813	5.790933427815935	5.920316508581818	6.782133778052012	7.233222944506288	7.1518935878308465
SASH3	5.901431571580435	5.937274991526191	5.726736618106537	5.393622361760935	4.800895204945577	3.2140290260490514	3.991752412459241	7.28066369351558
OCRL	5.470559054308141	5.476020968837146	5.430923656313695	5.525172847874423	5.52150973542562	5.116709145673344	4.750585760182911	4.222107112856083
MRPS2	4.89675725774922	5.069027924773085	5.0172216880176554	4.919056919437683	4.748942950133051	4.201715980768636	4.114346461261478	3.8819620116410998
LY9	1.0194589745727534	1.091646292130597	1.1352793434638782	0.660310518064106	0.41265417935551185	-0.5617914956114451	-0.318859758158681	-1.507782522087311
RBBP6	6.671258210268015	6.814385144385828	6.96467386150527	7.119257593636691	6.998992772673293	7.707906777122508	7.642964124156572	7.097334778009444
RPL5	9.678352076579301	9.661446343662124	9.73670868447018	9.883123694742057	9.928362594913644	9.695037030270708	9.425763377844698	8.549505628302146
CCDC18	5.926074615889382	5.8009044642275285	5.835967175403928	5.921549149191539	5.720071821643562	5.537201237087356	5.747584733820967	4.841222039697119
NBPF14	4.3035554859830984	4.3797966652968015	4.355513145226022	5.312965566616331	6.247045849639239	5.233872828217686	5.082094542361595	5.719256365047384
ZMIZ2	5.718219032557173	5.846979330662675	5.956898242583662	6.200473352483639	6.652668493859525	7.475275053058676	7.693079539738702	8.492935372362027
EEPD1	4.416504380091951	4.4420822279532945	4.286207296212	3.7762727617763514	3.092310910359142	2.7992102539130688	3.871452031793428	2.940317895713342
HERPUD2	4.695288936131371	4.716793037335675	4.726817118697873	4.787469267542441	4.956831834712624	5.943049055063084	6.0554967112560005	6.185092363139009
CBX3	7.668080439002072	7.598462500340933	7.683000735145118	7.758981255579238	7.739449862068767	7.161934686659481	6.9521740118466395	6.523368932319579
FAM126A	5.866459614117376	5.658211427858703	5.706366053131507	5.809412000774975	6.1145066877731296	7.10250711368777	6.9027071557529736	6.043100903641183
HOXA7	0.7333018024637846	0.8394348502124742	0.5233486855212224	0.6789826198603729	0.5306265309111424	-0.8504526199837096	-1.0297655285987797	-0.8145280604878626
INHBA	-2.475287211553778	-1.6849269727494463	-0.6717158816013087	1.934691836877394	3.4420023530103947	4.444988471115643	5.222199043767272	3.100911004370656
NT5C3A	4.661984542455837	4.650172151189494	4.611647168476297	4.548075718105869	4.558532618070209	5.543298117227424	6.659332820910615	7.667076366987804
TWIST1	3.93939508898589	4.48119163116226	5.719805414465128	6.387020479035388	6.75857940701124	5.316859127717533	4.830973494896868	3.8520701705213183
GLIPR2	4.99509354565917	5.050592441077706	5.129589463360726	5.254118446368905	5.412155589184309	6.417687546275811	6.8062491726869006	6.241262278216608
RECK	5.135265633100732	5.061481513134639	4.99947672237346	5.023701781728037	4.885120759823655	4.481349757958933	4.249870365272434	3.979359992306342
KIAA1045	-3.486184164683724	-2.6320994491680114	-2.753306787200091	-1.7672975090519008	-1.3782133945330672	-1.5644005921352835	-1.8097610067633387	-2.519716086727111
CALD1	-2.6935077530918923	-3.1566359846493577	-3.5494048982082695	-2.8231128128679703	-3.223804997095773	0.5696255775200767	0.9088026106842803	-0.14905276059752506
NEUROG3	1.970055802975502	2.119697918179175	2.338074800155754	2.08148327453897	1.4667433417050235	0.4342755417480916	0.6027105410896343	0.8243248502020608
PLAU	4.434322038897433	5.519515439747217	6.983879718343581	8.019474987441932	8.264476924194845	6.713100860119145	6.257616684376906	5.505390562909147
CHST3	3.062116213183578	3.1331340732249475	3.229491572667423	3.0823198229517206	3.207164560579207	4.23643908037695	4.443916165594639	3.633571023675391
EGR2	1.21662966897059	5.260099552006513	6.028755559086492	5.350415989372079	5.4485076029331365	3.1961020590132696	3.166711314390551	5.025347548444405
P4HA1	5.557032560099307	5.5243765473391475	5.585400833154109	5.743324740530443	5.858482171859068	5.87505651920385	5.671858972242768	6.577001566430893
ZWINT	6.989469545433351	6.990051317645573	7.074921748601641	7.185380897378224	7.200351419520323	7.03350968532384	7.050203049918517	4.913481350725188
CIT	7.217458211716372	7.2244771646215185	7.262827665620579	7.257978827945195	7.197006541600152	6.341315317906869	6.21802227387535	4.520607757831658
CDKN2C	7.970454781657701	8.010093140247772	7.97949669796497	7.917356834334861	7.8015041508590075	7.773338954634736	8.074426960624852	6.461914596781263
RNF11	6.773519774464093	6.705000799915412	6.796394979405652	6.89897560819116	7.152776628421192	7.996541835286532	7.803470759198674	7.126845651071104
RASSF8	3.9637105126825416	3.85331939721571	3.8422676655614256	3.839004988006146	4.064231201798005	4.779777512637061	5.059360098466141	4.841326127243789
BHLHE41	-0.3907703366694887	0.509135211292113	1.4943418337343073	2.7334192114715146	3.6051259896819676	4.009590276701715	3.665700160637797	3.45488355637795
SSPN	-0.9796136580269061	-1.1083869221065008	-0.9326181811202339	-0.39098645004693106	0.4894812102885824	2.2688035905724897	2.660622416877815	1.6744253337415658
ITPR2	5.437307925052038	5.364919371567345	5.324322938238461	5.277597525190979	5.365314706410805	5.45863687440183	5.728276280225233	7.874997609743074
NECAB1	2.9047259485922208	2.7380649129881918	2.8101774168368325	2.810293654856169	2.6645892735624193	2.177347577132	2.174844940249095	1.294270918244265
ACOT9	4.200198806921245	4.222454815570785	4.236213809625212	4.2278906921871275	4.368485414374541	4.883450623489351	5.488593061993175	6.164630552066794
CD97	5.957801290117656	6.098132735304436	6.318305618352083	6.360782906999004	6.459290185338322	6.820419501460851	7.033746127665937	7.733700631650683
EBPL	4.295641132600499	4.325560186804674	4.312398775216945	4.201701707596339	4.284451575801649	4.142421713112041	3.7095457763250677	3.0843431273324735
ATP7B	1.7405823393526576	1.6453837933068147	1.8175584921808539	1.7365555690208452	1.394607445365322	0.5171683075637645	0.36820682173022257	1.8347453356851158
CENPK	4.828383223160662	4.7794774466649965	4.871709080480137	4.830636820932815	4.828099927152447	4.584911000500108	4.362416824166511	2.9865132582861427
OPTN	3.869862504891201	3.925851701758367	4.286620252351783	5.1236859539200115	5.939070504790327	7.520492332411005	8.125362073553351	7.9993247211665
ARHGAP9	6.060477696647444	6.055114128529818	6.0321746387702575	5.92221697549911	5.69407527759224	4.66244605969201	4.867967063027651	6.150397708705821
MMP19	2.871836015235391	3.2177937533766485	3.6723121058981745	3.966093556882471	4.277705675312074	5.089095957354573	5.188724220220836	6.656237329153223
NR4A1	0.057499272986773736	1.9689112681446028	3.5536175525508935	4.19901946007855	5.084559191361645	3.691644762239685	2.3493901552955156	1.4856882865564915
PDE1B	4.85081090716087	4.97652115519181	4.758649188673289	4.66483756373119	4.435469247260525	4.575296894241376	5.042197170186604	6.157898591328538
CDK2	5.594507919541643	5.684499420988212	5.659786346430025	5.739575903554371	5.703451831485934	5.737329513551343	5.646338180603333	4.167645644168013
NFE2	2.968170258993297	3.0754810597945754	2.5230450351512026	1.5615969475133853	0.015851433830513323	-0.21268041560761225	-0.3874288949260216	-0.8477073009490461
TUBA1B	10.133619185431538	10.204581901360463	10.234241519464128	10.32017660084133	10.396308933463413	10.471326802511314	10.333055567714382	9.03730928545287
METTL21B	3.8482280417871992	3.7414682930549654	3.734508418547196	4.162251730509196	4.8732317520854656	5.688740580157639	5.205713513636512	6.086210810261846
ATPAF1	5.643071703732197	5.655654241412922	5.688016511098815	5.701326655912501	5.630680680514512	5.421040012180898	5.227598566124319	4.551114497781357
STIL	6.844717333281498	6.818408215975446	6.808769538949633	6.7395253254628145	6.51579446686878	7.289045062455866	7.390826012410557	5.48716623358729
HJURP	6.102409764685197	6.071809168485654	5.914879119431254	5.37530137810397	4.548162056881603	5.3043251106645934	5.689777436957793	3.193073540322682
RAB9A	3.7661340495641404	3.8189143965437657	3.6563220702722097	3.4624930763208317	3.3100738617249563	4.286383392406645	4.932540101577746	5.660663110570831
NMI	5.9871569107822555	5.921786154728881	6.0667757449268915	6.274683266342573	6.604539072331429	7.659712137359158	8.008569164634821	7.481515612298709
TNFAIP6	-2.331123506435189	0.24301269342223103	4.74503988635999	6.602530701746266	7.7575421264939894	8.022087613821716	7.428720970768055	7.35733202764774
ACVR1C	1.0680779236333144	1.035367930973154	1.2708268776103768	1.1463732983817427	0.9352520250368481	0.026907245907441077	0.7924437888295051	1.362182942644596
SLC36A1	5.898653225507475	5.8593857647192396	5.777622040846728	5.646965453888615	5.5720339207568585	5.11712059669183	5.469337151267818	7.290138468408325
BATF3	1.2476573541959275	1.4932609681145603	1.7522796351813779	2.1052004185567643	2.3335194086850533	3.226747246702385	3.303444393396413	3.2068474441308807
G0S2	4.027585477006918	4.2529320166910445	5.475907994018284	6.13414898171807	6.479135842014445	6.104925759213469	5.1573586146084445	4.4652992212114775
KCNJ2	5.0628192491314525	6.501728754197163	8.1983825801851	8.88882373173995	9.214391302071991	8.46369912453278	8.659381685633864	9.212389631850318
RAP2C	5.871846520777273	5.798536119531288	6.338389313247925	6.75204958866902	7.238316935932261	7.449113192795009	7.315912484827722	7.050523208595639
EXOSC9	5.302668712477741	5.29552544649253	5.411031370975416	5.519091793942174	5.646644164430849	6.506471874234508	6.793255454943732	5.3454520588718655
PFKFB2	3.105168830991675	3.055066553730877	3.0101662370385993	2.949009691746163	2.7606945942762726	2.8138725058205076	2.7275676741449772	1.6868921969859727
MXD4	5.373068578766803	5.511400342731381	5.4008042916911325	5.142181222403215	5.002002450187261	4.16835630999285	4.120287585822783	4.725996543447135
CKS2	4.997291360653603	4.987611705897654	5.110806720589259	5.066683199108255	4.768190877418794	4.8444021148722785	4.90859549805322	3.5170609819966274
DNPEP	4.722612254573912	4.862054346190148	4.8679967038927305	4.908352116852182	5.08067468327749	5.730928600334211	5.975604192410978	5.580571052802862
FAM124B	1.772021077744462	1.729912009972733	1.5331869798757727	1.0873598215887108	0.6458628283942465	1.4072342164857932	1.571440904607382	-0.18488752735132882
ENKD1	2.9011009936069687	3.0261603050582195	3.0219286518460553	2.7936843041317756	2.6447281922658656	2.050996560780309	1.7855387207991513	1.3835288032197803
FAM210B	3.7331918022613992	3.6168302202483087	3.595487443118735	3.5210151242686485	3.586100679561275	3.185819989495527	2.6063328933271204	2.6893698455390007
PI3	-4.551196259797653	-4.55119625979765	-3.6563793674350817	-3.5544170987383357	-2.289436588618903	-2.165789140319165	-1.7741150287389222	-1.6266802298916385
SNX21	1.5326044726673276	1.7256489598205746	1.3791315274475409	1.05198069286741	0.7479412343720591	0.439643555082211	0.6584903463973766	1.7436849176832883
SDC4	4.545671975393665	4.689175678426043	6.674143828627516	7.974098424862827	8.711614762474785	8.785884894844376	7.590486825464541	6.200771372106944
NCOA3	5.895280018155336	5.900891004423524	5.859009057483613	5.753666467845368	5.475979216704774	6.855460635240277	7.300515923639875	7.8261039540175314
MATN4	-2.3160432114705354	-3.0479529780961654	-3.086036938042547	-2.619852487379564	-1.4503296670300188	0.3521973961418274	0.6252385121692117	0.8846262275629463
TOX2	3.305403184503576	3.522757752538575	3.34754542173518	3.301804708746874	3.080760394873751	1.4718985163103269	0.7124464608184494	0.41745120432082156
ZNFX1	6.443347251656857	6.4602932258373205	6.665745882373171	7.457972167204427	8.374911005113578	9.755797668871631	9.793799471671365	9.738723540798688
CSE1L	8.04340806548263	8.005783301096688	8.061105649568818	8.146696339041167	8.104258218363588	7.783304777642004	7.693334385695707	6.427144207513026
SNAI1	0.9558906628911046	1.6779577960095966	2.8147153413911745	2.962012338792631	3.0915290834403555	2.530022974543069	2.794231339464698	3.566259930348811
PPP4R1L	0.9132021911190178	0.9645599806706111	1.1292123682226125	1.7653330707906552	2.291638966760135	2.5939098764041812	2.4965193652197333	3.1201994424577375
PMEPA1	0.7100145382224639	0.7833964048936798	1.3138054688273244	2.672336071730286	3.985034327098136	4.040312678452134	2.462561581699621	1.4857402165827662
RNF114	5.746826940645062	5.721472270301498	5.5377100738464495	5.400635336031979	5.289652494181448	6.464509755833212	6.910986442127747	7.356785761938358
RBPJL	-4.308332239710236	-4.272272353668981	-3.62324074998293	-2.251943507081844	-1.7275126270692103	-0.2811291204327888	0.03965988116001168	0.26758300893222187
SEMG1	-0.874112663420092	-0.7386715256544051	-1.0051549410805252	-0.7085605973393448	-0.43236968494205763	-0.6870321047481412	-0.8697461922353904	-2.776380700187844
ZBP1	0.09181158104719832	-0.0588641397119605	0.23950110701776048	0.025904634388522065	0.2560514007203444	0.9523788402779803	1.6104403585124272	3.4903862492620785
NEURL2	0.6116340244119495	0.5021264575386997	0.2817906504378745	-0.19022707055309185	-0.7162060320351313	-1.4540051632602689	-0.3780010638429573	0.0523871295786574
FASTKD3	3.360844488671943	3.2781589597635317	3.0443766014173095	2.545763448080769	2.1318706935629876	3.1474756455146737	3.4456187657487023	3.287291981023114
IQSEC2	3.631949757679952	3.730989791196556	3.548038604107209	3.27744147996878	2.782330140962385	3.096627771991452	3.798948011571156	5.193186969493922
IL9R	-0.18312975438983636	-0.12631507517805046	-0.2069400339211711	-0.6381081173437866	-0.6844981860177036	-1.5459637021282027	-1.4008944473282026	-1.7100420694740928
NAGK	4.394263093124406	4.346616559318226	4.127170672729514	4.033542541565424	3.867434347393289	4.388011451044321	5.088194911430725	6.488125698509284
MCEE	1.8697575771825372	1.7576123512226176	1.6364790439493473	1.5649557908229836	1.6273954870237342	0.7013244250134667	0.8868474017274331	1.8266052159631703
IL17C	-2.251308164741939	-2.1168027109811383	-1.3061391796277375	-0.9104919043327033	-0.44233514920671896	-0.49593908228130007	-1.5803476740125357	-0.7020096651719503
F13A1	4.89001451476414	5.003581913904073	4.861324744756347	4.865913030109667	4.776815603775208	4.214737748685615	3.7131163024050053	-2.3346767852981913
TRERF1	5.989367384520904	6.129133951806802	6.119137558393749	6.066816392843661	5.717311104011457	4.346149045301862	4.014506416098523	5.290352288982341
HIST1H4B	5.634503252312068	5.405378719503977	5.041285608026401	5.052152659952154	5.274666855010896	5.844711469144174	5.782700820978242	2.482747944428856
HIST1H1D	6.730560870369642	6.7219668082787685	6.261367085015424	6.0471080147221565	6.034378126090722	6.387476020651336	6.788732133189706	4.044204352070466
PEX6	4.960273967551814	4.914699938463631	4.930781239168541	4.7845078994295385	4.709348015883233	4.070429859764614	3.787905735421011	4.599399160827673
NQO2	3.235657526101349	3.246570061473432	3.162855659754266	3.167190907203321	3.2687764518912212	3.313885318975162	3.5066320355079945	4.315651709786106
ZNF391	1.5785616309401203	1.2509024390907109	1.0204435735404236	0.5917258281178599	0.14085546941220956	1.1940579037136128	1.4265926519989556	1.2763589028341156
HIST1H2BJ	5.995119569973903	5.980825247917807	5.761578747416206	5.807151079304863	6.148292408702939	6.493678735859321	6.727727888771694	4.4364101036247305
HIST1H3B	7.259016185054471	7.4235402961018675	7.333361008776798	7.2096992100241355	7.389837971163823	7.63460501819089	7.633492655334376	3.629728275033291
KLHDC3	7.098083410082045	7.130177187031092	7.140056563273706	7.120719605767883	7.119948041840803	6.626077510698391	6.1643595237734425	6.041165691287078
DNAH8	0.9208277892394915	0.8123097686241696	0.7613447303588793	0.7547233450557224	0.5041573822029882	0.5009277891650417	1.590930494860372	1.641259498315799
TREM1	0.45462595573899267	1.646073712794685	1.7999992584182163	1.6739755183974245	2.1166020040939717	2.290024955226727	2.284615568216231	0.8607924492227691
KLHL31	-0.5197038593054346	-2.377554204149651	-2.7557517777558447	-2.9782922463948953	-2.981986198894088	-3.687014194293773	-2.2674254630112483	-2.021303900303497
COL21A1	-1.3932458653021516	-1.7483896103986778	-1.4931614110864544	-2.2896401079529354	-2.396412362356356	-3.13715072122353	-3.9714981408481096	-4.23802104991916
CDKN1A	6.891046079959196	7.882137819936423	8.967383164028554	9.360623011785378	9.604402622892993	10.018659053699864	9.955464752689199	10.040717713123037
SOX4	4.412243998904268	4.273314555165242	4.1961878743474905	4.0125357302838145	3.8172566178444365	4.617813175953383	4.7050392028577175	5.482749003049161
CPNE5	-0.32410949792088095	-0.01214749731941872	0.4641636253979688	0.8426496057181662	1.2287495553454613	1.6927992576324489	1.7694513523233588	0.6063594146167576
NRN1	1.9489609865252338	2.0147843019036387	1.8199250145372716	1.6721197786972044	1.7649682037180532	2.591650294347061	3.38874191263341	4.277451566674047
RPP40	2.065574610236623	2.08959325287849	2.1572629274694775	2.1598564370007445	1.8967710479655584	0.6977342651569746	0.08388710649183923	0.5528582064982125
ATXN1	4.516284578960965	4.5598473070978995	4.542257557093125	4.432437667085072	4.312317760835096	3.707934967748388	2.784830991795776	3.8825392199621875
CXCL6	-1.2880498765386499	-1.548324558211105	-1.1343749903804967	-1.4027663484819934	-0.9887267067096754	1.004632558884374	2.6556604885145996	1.8463076382665997
MYRF	2.159512868571227	2.0020660614495194	1.9690497567938097	1.7653891870475835	1.8096141620266173	1.4475483946109409	1.2523176372616334	0.7945542270636714
WNT1	-4.308332239710236	-3.9967349598948045	-4.292657397817268	-3.2964988589473743	-2.0354843559035984	-1.6782105148738369	-3.3895293131705753	-4.551196259797647
SH3TC1	5.0889646780702895	5.126449342808604	4.837707515733877	4.257645988533801	3.879632189838129	4.47446552035332	5.390946048283585	6.5839604240885485
MT2A	4.510138009597891	4.929674462245613	5.0684844907643765	5.433863686361006	6.500233925547125	8.221546279325597	8.719058184064178	7.816323963772898
C16orf70	4.1065587293488175	4.155274593627235	3.821675881249033	3.0310047266162896	2.316084170769353	4.43564354608532	4.75944740197653	5.501381429883985
GPR18	3.567936253533766	3.4431130770486877	3.0894059488005254	2.5626183940171097	2.2535897030456393	1.2817676091613084	0.9984359679280095	1.9615153644830738
CLYBL	1.9150474685393535	1.9550364569950431	1.9987924703153295	2.1297020117036265	2.0077398104550097	2.0322671155973064	1.5239466542088569	0.4239826005824287
TMTC4	4.216084082822558	4.277869489307552	4.320499049685455	4.308944128358922	4.168421594099673	3.8464211617528656	3.3710511551447784	2.7873840145358795
ABCC4	5.25248914995292	5.152321900920514	5.251625952621993	5.275530253226595	5.327433090398168	5.357959620955526	4.9844233879728055	3.603839437777501
EFNB2	-1.4765791071481895	-1.3131689278408971	-0.9134753503842965	0.958559005204408	1.6013169901640594	0.6241690922652113	0.3307777995974408	-0.4137988984791521
C17orf53	3.3132788466190455	3.320368890901966	3.3996291538415786	3.468193856732968	3.4168276743299497	3.765040100421933	3.6552909248470886	1.8452112064805504
IRF1	4.884722345972566	8.295590895514554	9.978928126890843	10.34727640162766	10.363921171635486	10.220515501569633	9.904107875254315	10.075357513734653
RNF113A	3.524276073656754	3.587592179827671	3.2554448092806947	2.7655199252790377	2.1211858428607466	2.5216969119148356	2.9222449332324913	3.4737422810300504
TMEM255A	3.7867148003986966	3.620728291545771	3.457658913754723	3.2733146350584206	3.171417011349083	4.38148769089017	5.18946307682477	6.306512422376258
BMP4	1.3479739689104504	0.9641129182035397	0.6144985257558455	0.2434667875836326	0.032872397222560204	2.921883481989724	2.9790088970242192	2.421965749741145
PTGER2	0.590090453924231	1.5099911196621656	1.9419479738065428	2.126960524353426	2.854811872116567	2.0151112256563075	2.0947643337598083	1.9837110781171607
HS3ST3B1	3.0064072973632703	2.973092177041665	3.6430091512664973	4.732115067955604	5.934375989002762	6.574828556658973	6.357179808455151	6.458636737798179
SLC25A35	1.9334977640788882	2.108027791906268	2.1444600738523882	1.893456512701752	1.739100902036023	1.0589879193958012	0.8698495583516033	1.2270210555282075
ARMC7	3.375518453872936	3.306755728644365	2.769848406990979	2.350077954294455	2.0879159921506196	2.9635732027309354	3.15737257796954	3.474849277484656
NUP85	5.822098112953746	5.870095318357706	5.844682964789042	5.754774259276459	5.6023029110105345	5.2324890644628805	5.3030033388288835	4.442168404018981
C1orf61	-3.9821570036993927	-3.50640688439156	-1.0406769689768316	0.18073257966188422	1.0881211397049082	-0.17950693230430265	-1.1700223451114158	-1.0601874346968143
GTF3C4	5.962796896563512	5.902631914625873	5.773052372475917	5.5230281639601095	5.272047971187549	5.449203794528774	5.1366186688043864	4.79373112115122
DDX31	3.9242043915055875	3.8683462342592323	3.8388596337820142	3.7685147034886954	3.5568212987781878	2.7407221026821587	3.0032293007046587	2.8202261605017065
MBOAT7	5.2059093962279475	5.382825247874901	5.491197324298606	5.398182646589218	5.545356905646308	5.643466906857022	5.646727633966712	6.209411204117666
OPRL1	2.513193294724245	2.6468716914596477	2.460991302384925	2.2594249544639293	1.9816346253386374	1.046096229829549	0.9460268807887275	1.208992374111597
SLC2A4RG	7.202158351458257	7.398553376562189	7.444337424111181	7.347461949975927	7.340007812942388	7.076263304978712	6.87046962690464	5.563503289952189
C20orf195	-3.027277478429717	-1.2006813875633573	-1.4377336375455663	-1.488618228886549	0.6079639736782023	0.8871041708139713	0.2685937507902375	0.3771893761562497
IL1B	1.8342669324216985	7.199552770573371	9.945123573207336	10.94619694763912	11.345370618860489	9.78161711678679	9.089304180028682	10.413604906594799
POLR1B	5.441677621441028	5.274175443078066	5.266280482034903	5.043399368383733	4.725462415054154	4.279187420785127	4.66841854497231	4.854476003747992
GTF2F1	6.369406168174283	6.412770900164597	6.356831040959301	6.435717846122396	6.412531001191372	6.789448006457565	7.127151014819827	7.688913544213605
TNFSF9	2.5376063011117584	3.874128433765832	5.250207208699246	5.2143163734104725	5.203915876709502	5.117237958372973	4.0562046231995135	2.9966793238092038
GRIA3	0.14400325040655582	0.7134496926783367	0.5778177352512553	0.891939661055623	0.8038112547301973	0.5087164979299008	-0.14774104278774397	-2.2240043102096205
ATG4C	3.5335420588787025	3.5002221899599713	3.423967604766152	3.204482334392826	2.814378641503582	1.812914433515633	2.6866742160380697	3.4939155369638057
CD70	5.16881025032483	5.45186328235161	5.831877622296487	6.367509747120366	7.126728335556427	8.422998416685234	8.52076904453368	7.089573568137249
C3	7.42294207177639	7.492370551997302	7.549440524611827	7.873664746309335	8.389454049891327	9.480753182346524	9.519942296091857	9.963912515313357
SH2D3A	-0.18937464299863557	-0.40052422459487724	0.17256082528403338	0.8493826813954128	1.5078167300801741	1.9078998123391007	1.1760757566056181	0.8146212692911002
TRIP10	3.945740807279359	3.8949274240570384	4.381609943325948	5.223674974535772	6.103454021439672	6.4533944330317095	5.604716462975736	4.965700150200634
TNFSF14	4.055875030517445	3.874107767781262	3.470836701017507	3.1864906628777065	3.206193923921831	3.249587852595732	2.797840489608183	2.877892316789297
FOSB	0.6173820440179476	3.794242791943031	4.868703265349273	4.592079900352879	4.046984968338858	1.7424580841832316	0.9546642203542824	1.1033234773746183
SDCBP2	-0.9361239301700978	-0.26599760093534963	-0.12397034348586225	-0.13617989652306595	0.20910871739847253	0.9484389609144613	0.8476097126410296	-0.8145280604878626
TGM3	-3.3413776250592093	-2.9535211051404815	-3.5276579399225945	-3.3249948073306177	-3.667573737994398	-3.3743565107932714	-2.255758674172281	-0.6442389565209052
NKX2-4	3.9223989310438183	4.096440859408703	4.301669290779657	4.3239951852077	4.543797322297426	4.66814810655963	4.952155916870725	4.534852755098106
NKX2-2	-0.20083601735829665	-0.23893692380173928	0.4287303634929312	1.0189635858069954	1.5670032685387194	1.4201082622954557	1.2228042532565833	1.4349131459080695
RBCK1	6.051260926704894	6.265291090025639	6.326610647519901	6.309528866159823	6.65354207391626	7.722426076908682	8.020954086944947	7.872005123260854
TMX4	5.526821424785873	5.517913579369966	5.667757877460531	5.717611671677808	5.782017302619938	5.907630645982563	5.84013340073855	4.31991702381973
NRSN2	3.887229133256312	4.101653977081046	4.1344671083717515	4.1972057852202225	4.310749227854799	4.762791152196774	4.6846820669055305	5.009666625459925
RRBP1	6.192534545315936	6.267713588423364	6.315710398859746	6.461064594760412	6.527656952040939	6.880352809843188	7.433210424533982	7.625866564870202
OVOL2	-1.0459272457178854	-1.1470749248561765	-0.9161558232120148	-1.162528999768825	-2.117187149291561	-3.3096090136629197	-4.247323298958339	-4.551196259797647
BFSP1	0.5171819201814032	0.23054547446172735	0.43376734799984074	0.22191281881007488	0.3205273688430091	-0.0977528584453283	-0.40478517491381316	-1.0051301347941701
LAMP5	3.9202339442426295	4.172570628158084	4.222064152852239	4.371780647173335	4.358510750819542	4.117582149097145	4.174874203585315	2.550959767764792
TCF15	-1.2333041510362135	-0.948030221337044	-0.5027553756741487	-0.9013784781485432	-1.4124459850395215	-3.3754763763715667	-3.4544773353305356	-3.2962147165837132
MCM8	4.705893330589006	4.731794613415454	4.723307314169228	4.855878687010351	4.760280839275904	4.579674953224073	4.631681721608044	3.408827638122963
SIRPD	0.3830437148054574	0.16615609558053868	0.3601594481269922	0.34273589544210104	0.14563252466108148	0.26491799883353395	0.5584093488216999	-0.6937976341029541
MRPS26	3.2381511142017025	3.2717447613107336	3.145696445059987	2.918915335840959	2.47800334041228	1.6012060221022657	1.7888798211091368	1.9539429918514162
MAX	5.768793618679372	5.728276972549145	5.639108501603906	5.64706276262501	5.499166398428268	5.712548885684078	6.275539786601576	6.958267049249786
CHURC1-FNTB	-0.273707034374839	-0.5915892332742022	-1.5410373653849014	0.4793542851153736	-1.064302561543406	-0.4638862465143747	0.24210863097716637	0.15644998361050655
NECAB3	2.9078708501859314	3.1203411545944157	3.0623284747949726	2.9652294027448534	2.9095938216864337	1.8775710268084036	1.4795451458506839	1.596981703030123
ID1	2.920375004041471	4.421461878985877	4.9462767314290055	4.465671741255701	4.082747554041921	3.0775183204715715	2.4807046731954685	1.8949603576101604
CEP250	5.85910298820761	5.798818902305978	5.714742819955845	5.6567446567447375	5.3332348609815625	4.497388380132753	5.07360489300145	5.780698617104683
PLAGL2	5.584912856208213	5.759971368055204	6.219089608942534	6.645508498363617	6.777569870390287	6.115091000316297	5.9424464627027636	6.317851544245295
AMOT	1.3273499785056357	1.4129310046167538	1.4366260263526986	1.6882779574929412	1.982620303856574	2.863091349329732	2.9659413111283293	2.348279261772591
ST3GAL3	6.0889426067679295	6.225372543432826	6.337928456306319	6.347650113452397	6.162879025470456	5.199409223149436	4.697896565689463	3.165066716280324
HECTD3	5.335502246275325	5.311320224805897	5.224768492315108	5.1776961972099595	5.161822055564384	4.923259023154996	5.128641745676695	6.327898521782221
XRCC3	5.101032951009755	5.161487776974398	5.107043330129536	4.952117283018353	4.8875175197824845	4.588126510533364	4.428583282342796	3.673821118933824
PCID2	4.66619712758224	4.665549845270512	4.687870060553967	4.759315637151138	4.693321812531588	4.145366874591909	3.9909675329130847	3.6127398715190777
IGFLR1	3.6798446470088955	3.8851624786444923	3.822588165387632	3.8353311235045133	4.059925812052163	4.714091632428437	4.871907641953916	6.056774170699683
GPR42	-4.551196259797653	-2.216179137136405	-1.0964253596432774	-1.9597493363769778	-2.546328709838095	-3.990805895354905	-4.0341754542800725	-0.7267105982617443
UBA2	7.592657061663232	7.566059116117885	7.634227831636299	7.756285450085334	7.848547537264709	7.562861949563925	7.172766629849688	6.413109958844133
FFAR2	1.3236656794320973	1.961659970200901	2.60006616600103	2.4710872433888165	2.3677934949568047	1.9135801699800976	2.3087605333585115	5.281445059730301
THRA	4.447068251706991	4.496790779924748	4.4545967225526	4.395768145622586	4.149192370053159	2.4411342018467126	1.8486692620334317	2.3923297491929123
CCR7	-3.007477342021934	-2.918702877712532	-2.354167459916381	0.041640823547154926	1.801524320802707	4.89206556455329	6.790601518430012	8.679441251258554
NR1D1	1.7564973392853396	1.8679939377850814	1.6661947801341532	1.4567903708914831	0.8569418153854839	-0.7690622973416388	-0.16963691636181127	-0.11095729839247026
BCL2L12	4.571721426287547	4.662046616220935	4.664280678852666	4.662766431766736	4.705196388986559	4.398540270300973	4.408097604771838	3.530360191158505
RRAS	2.9313961742684205	3.028059995310552	2.842953254326912	2.9707874501379146	2.796581178014102	2.4750367895418344	2.4643929713276354	4.486487004827529
PRR12	6.314549350694313	6.408053097030136	6.330168299425141	5.846725284012772	5.193835738763898	4.39459777203721	4.8214506453969435	5.977126668672882
FLRT1	3.8208080830989237	4.142524683828907	4.088695266616012	3.9912096446959664	3.7084566237814083	2.4458118779177127	1.3871093136201096	-0.10347878640436359
STAT5A	4.002624020226858	4.112255971480988	4.445921703597753	5.2525658534818565	6.377365520544355	7.395490735506239	6.605835302366393	5.788194601895471
WNK4	-0.17107579726730432	-0.6911116988166282	-0.3260329399457464	-0.5187504697195475	-0.09060305781620812	0.7539176226775239	0.6133526477254495	-0.9075975613313457
TRAP1	6.550126102335991	6.621360527563877	6.701641994396743	6.802111398562289	6.865599374841015	6.46820935168555	6.041525889462932	5.2229438545547
IFI6	7.535173338183958	7.623070889605034	7.532296051803977	7.443184072216672	7.617604436667068	8.699127626333217	9.276874029063407	11.02799062259867
ELK1	4.21683012147003	4.209686319337385	4.329438783656954	4.246131256476942	4.326832467071512	4.954973273199261	5.172412633027178	5.517977511942558
SIX1	0.872169946091586	0.5372428623889972	0.752075154396814	0.5254119421099529	1.5674047502664794	3.351704314098776	2.9519950907475483	2.3461524250664487
DLGAP5	6.614198762493036	6.53376504487556	6.5628175883037905	6.599814242788797	6.38352431436989	5.662168934099924	6.0545263824415185	3.744146888307134
L3HYPDH	2.2263227613776913	2.178131443848689	2.2020100819051383	2.091210045711139	1.9639043356361383	2.2581718377286837	2.6493056809578515	3.5577698326132374
SGPP1	3.3015194619593	3.22744553537456	3.264418707913264	3.1364500107086437	3.1516909517483844	3.000331358857639	3.3734710457870616	4.8028693766087045
PRDM7	0.6494300257140806	1.1526406551053445	1.419838020119178	1.4496616917813845	1.8945304997145866	1.452817507272678	1.2885750677408065	1.3570363679206305
EVI2A	5.336718591928388	5.26909826948141	5.055775695548135	4.788446027017474	4.208894718425941	3.0583614856945776	3.8525102758236853	5.274156745173457
FAM78A	6.663204761093143	6.636265733697747	6.382042959090752	6.034769734151123	5.6732438547486765	4.699789858499641	5.478547883919221	5.931678486833313
AVPR2	1.4121272766227988	1.1879131893533708	0.7637097626869999	0.6522724140957279	0.17694401324186396	-0.12404377579800799	-0.24401427787602492	0.39280149012273263
ARMCX1	4.084310338790846	3.943942816442351	4.007022368332344	4.07368179234933	4.101565673273813	4.6505027771116865	5.025590117356641	5.44042868678212
TIMM8A	3.4895047650416045	3.43363712843482	3.3647023665795683	3.238710559797288	3.0984378706504287	2.8186474454445523	2.7165602940767632	2.236313489617211
RGS13	-1.095165657197291	-1.386664210269161	-1.4543865038195787	-1.5733601794613636	-1.144068996961995	-1.3338771526473323	-0.7367167592742704	0.28524107696384415
FGD3	5.2008348325715605	5.378994329846323	5.162183238018412	4.632797199286763	3.7194493839230556	3.2103611046506932	4.310352069566322	6.0230057879051975
HIVEP3	6.668952676870473	6.7067612268562264	6.848931025621807	7.514056418606733	9.028050507884398	10.49798852600201	9.619246673798202	8.830372896796995
BCL11B	0.2495289479861782	0.4871592964876692	0.34919567395666273	0.15929011091233	-0.40910656720782634	-0.38804621996694194	-1.1759710282891147	-1.8450556748907316
TRAF2	4.796939512960517	4.6867240155424685	4.625559113924107	4.569834401274588	4.757705844570147	5.34467532705857	5.5619426197913295	5.894178611250431
ABHD8	4.484171358915029	4.594966628380231	4.570355211827761	4.217489999380319	4.156524966721676	2.989049212858875	3.24565389042398	4.985213434644302
HELB	3.9246418282477142	3.9900221855768176	4.651805808883042	5.395764591321447	5.955296623151911	7.455022845340354	7.47729261610737	6.419548616472744
RAB3IP	3.494782764228531	3.447042512528186	3.6590153485948265	3.806408352797269	4.282678175673928	4.630730488681341	4.231658134149671	3.2513133925346063
YEATS4	4.7455898022678795	4.794843457506497	4.887969415727946	4.839924091685543	4.378099064310076	3.898051379710084	4.049402440350874	2.7139521293466227
LRRC61	-1.6088164485999967	-2.3104344962396097	-1.5142127353917036	-1.0559764144090684	-1.1773920175385468	-0.8537353673435475	-1.1345082701347047	0.7333696808223287
FGFRL1	5.900587782403083	5.994591692036488	6.018250619288719	5.982176980556604	5.975891794133588	5.4062136505885405	4.892644033831978	5.299150353873971
AUNIP	3.188608869793103	3.006437971808185	3.0524534035879847	2.6931799318332907	2.3242846493979306	2.3450700183667172	2.251857512087768	1.2868508591262864
HP1BP3	7.909097697891347	7.946280881766223	7.9541092072866455	8.045905830692675	8.01987513874898	7.819691397163527	7.672183739342147	6.730582658903751
EMR2	4.457252644654856	4.4482838968333915	4.309569788890035	4.333871770907061	4.4833057112824894	4.578006401685878	4.58504667684738	6.197793646256597
KLF2	-0.1852208258866086	1.84193529948215	3.08497356456742	2.9676773165742967	2.729201667494574	1.7042204570931017	0.08557289139725813	0.13272840329072644
SYNGR3	-0.2861338543726484	0.07742773211168467	0.20961266054189032	0.45745496424015053	0.5185082648392338	0.13133623515216403	0.07912407782992308	1.987948489696679
PKMYT1	5.618629954213242	5.841822634385722	5.960055937643525	5.750432438365856	5.83195731494472	5.563134972995187	5.449737385659041	3.518302299256921
FBXL16	-0.6485488990185408	-0.6373336342074449	-0.462802120851174	-1.14396879811089	-1.68561333745708	-1.6782105148738369	-1.3199498395612053	-2.612467177866052
CHTF18	5.583095581927244	5.645643873328876	5.595539962191187	5.520633543121618	5.610844229128738	5.479261146170199	5.234851707843448	3.3005903782224104
TICAM1	3.5347026471408753	3.732778735037731	4.540240982005061	5.040630681714132	5.479171682935062	5.64140983123617	5.549120082225775	5.827872869264237
TUBA4A	5.375449836977628	5.421109964034706	5.413338659894307	5.432398905648813	5.301419686617173	4.239654697907053	3.907242743905562	2.844677188176161
VIL1	-1.9611455677174112	-1.8273666335257561	-1.77579911208467	-2.482995760374939	-2.041964744845117	-1.6738416962977918	-1.5321253731008864	1.6655079505465333
PNKD	5.045464812230972	5.224964482252685	5.116493145392829	5.138182735812597	5.27512699877376	5.519097463116918	5.290367958813469	6.926316731739501
GNG11	-0.22353050091605914	-0.5123758809133082	-0.38311682716874473	-0.8180033354373459	-0.6583993721792628	-0.2658320281366807	0.4652783558299308	1.1652253194815487
PTPN12	7.611374479400382	7.580306515692364	7.622507631283187	7.725984549057331	7.771566448810683	7.8370462574999955	7.971151989428034	9.025269964759028
FGL2	3.7660955815378028	4.068792823811046	3.9972786551583877	3.815572200292485	3.9534460244711864	6.724696203789959	8.014033812966634	7.655139687176394
STEAP4	0.9187677993935764	1.6812618172889335	4.954536999878856	6.44992698445367	7.191658816450138	7.908813096572247	7.124271191095858	3.416049690159727
ZFP36	5.488921299388972	8.654005726270498	9.809789322706017	9.051244551621119	8.301547280130858	7.557106268744683	7.534454320302979	7.652371324394723
RASL11B	-0.69495915898375	-0.9411787656057644	-1.1636796911478378	-1.162670229390888	-1.6842374569139187	-2.199932075527359	-2.608315746100054	-2.6198313882066904
PAICS	7.941790102292584	7.932540213079342	7.99216624942375	8.066231914239154	8.067396550814028	7.718403360648123	7.142034239977139	6.111586034110061
PPAT	5.177574564516306	4.920202410420034	4.8377797943463	4.613627649317675	4.179124253720851	3.3166151835314133	3.6196359821989095	3.953387221977943
ASPHD2	2.0668513789322835	2.2131001005729862	2.1908258026916974	1.9320114444168839	2.446663741274471	4.949762169887542	4.920771056362799	3.5972027466933856
RFPL1	1.1670969260807826	1.3162479752471739	1.0182700297503635	0.6160440186789589	0.6446437922844197	-0.6326525433430835	-0.741279970893741	0.8441206756698731
GNAZ	1.5608179758347358	1.7269568569181968	1.999940772216334	1.85350554040023	1.7129688281325945	0.7528533744728492	0.9017979586601255	-0.2612122416379629
MGAT3	-0.6946862193744219	-0.8177199799347727	-1.0559348388641963	-1.2443826652399004	-1.1298511087162217	-0.14031068575266273	0.8325196835367796	3.42424367289121
ADORA2A	-3.356944968721133	-3.7978397630444136	-0.3964794546946243	2.063768557877523	4.54659617255559	5.712503493297263	5.493474570702437	4.47372685481565
CDC42EP1	2.307205838348679	2.654613990326214	2.6139941295443805	2.5900637240362423	2.6322195884831676	2.350903490596215	2.5083077588477463	3.571109300120824
APOL3	1.155901571256223	1.3378950247090304	1.3522802035511692	2.0845859802897073	4.000736476319579	7.366531027089566	8.57913234401564	8.899601274917792
TPST2	5.329234145545781	5.268906064568501	5.3042776547619255	5.1775846012157265	4.988983060054035	4.2055338081476155	4.173191917778962	5.276256393608698
MPST	4.7167615430839565	4.809817762028918	4.8608717372354935	4.715758074145711	4.578955303596494	3.6179425791333513	3.377059241172351	3.495869856860929
TST	3.9831352351789997	4.038106291462798	4.1140163966004115	3.8862960683957195	3.734493514421354	3.0712153918577743	3.0680481246877718	2.95413380430517
APOL2	3.6752779560241815	3.659370687359497	3.6346364270020945	4.18089012425715	5.679136650450943	8.578459779008647	8.724413041295954	8.101964378811967
LIF	-3.825113330146893	-1.9866927767890794	-0.05657950164446171	1.2953910721865747	1.947808906488118	0.3056077673347424	-0.9744366036432389	-2.8483117021886843
APOBEC3A	-1.083410052846416	-0.9411787656057644	-0.8391683455575643	-0.6593473383187876	0.7790807130209976	4.896561543929651	5.985444899155874	7.1335376826508305
APOBEC3F	2.6488606954247946	2.4628961959169526	2.2513355407349716	2.4354937367441996	2.8648903222257003	5.098114885517846	5.6416458082774135	5.532822321574646
RIBC2	2.6003375901255668	2.561376553333268	2.458580105148479	2.35950492651895	1.793986234947322	2.472301726892778	2.278475318114127	-0.6225314980656024
KRT17	2.6321584978145336	2.463910473212156	1.9967585097547969	2.053594977990026	1.7920617957955058	1.292032904525922	1.5403125610450887	1.079489612625936
DOCK4	4.305203206353173	4.268255331953164	4.282038512765837	4.166062880892346	4.0243368468466745	5.21706276722473	6.2601991783701365	8.116837562967472
ATP6V1F	5.882749574209484	5.876222512386039	5.805705814347092	5.856460883881322	5.956681663035829	5.918566579755577	6.036482399011932	7.26177408822509
STRIP2	3.8285312463549253	3.803718083394954	3.831800427228324	3.757289724844145	3.754584993266234	4.027675841576438	3.9093662834509075	2.8609308161721745
RABL5	2.511795234677615	2.450863475379672	2.4885684806473005	2.3614315399303814	2.4811477111626328	2.515987591582686	2.586814714115645	1.639367745843472
IRF5	6.860219380096853	6.927611491419155	6.914032485496815	6.919531108879094	6.908199177748193	7.8970229084014205	8.438070454816465	8.594393909807021
LRRC17	0.28047655820508144	0.5597444318028004	0.16234278872100513	-0.2672387429567552	-1.0589964134456002	-1.8918650095697838	-2.6289114412976473	-3.8221342219132
MYO1B	3.152187172098444	3.062574767557975	2.806889838045273	2.8809455570331357	3.004501505623974	5.057732219401242	5.325411637312497	4.5024313801290186
OSGEPL1	2.56578723611509	2.4610752839354544	2.2328624659245158	2.041059833050736	1.6672136563207565	1.6647441812658426	2.014355117780547	1.2429076534874608
ARHGAP22	1.5377002066077665	1.5049716256843342	1.7477784314517248	1.467666243599796	0.7545949971095721	1.987279048709119	3.1265376844961263	3.6909008751544765
C15orf57	4.546875704025295	4.541855286988835	4.568038994245011	4.583749877456819	4.798836675098411	5.09195354259696	5.070476463007647	5.4792361972357675
DLL4	1.9324491885058894	1.6044349076266116	2.154175645180079	3.019823832129812	3.9397545417878677	4.24326891081389	5.212745987064393	6.38850535009051
FAM63B	5.9297297827911075	5.805983076932835	5.881202892961995	5.77221282647171	5.557333613488313	4.629932094785433	5.000522849861156	5.6287157002596615
KNSTRN	5.258716100554052	5.265108689106809	5.29533092798331	5.212391763072695	4.752151723982798	4.268524307420906	4.831171932822604	2.9858472664820193
DUT	6.845080569685587	6.852123216268993	6.996479428767515	6.938847109559692	6.981935125634552	6.821724318998445	6.628315723971322	4.618927971920256
ISLR	-2.2558869316013013	-1.9294961571532472	-1.5534273907306964	-1.1373678053586214	-0.29476505508495643	-0.4629339205945738	-0.1711182848998819	-2.9888422004626323
PSMA1	6.516924361374066	6.519170719291511	6.566208646877673	6.684568329105231	6.805277837845848	7.178126906410373	7.34792309458495	7.474245059341411
BBOX1	-0.06020661363286828	-0.7864415672047338	-1.2343350815785943	-1.1174853723014835	-1.3541667954067167	-1.4287800063157183	-2.3204070340567107	-2.776380700187844
E2F8	5.244306573077534	5.243833272898062	5.1479704892428355	4.851267708639656	4.244592402829321	4.932900864087998	4.46893267899792	2.0823822988331018
FAM64A	2.952127183705818	2.9606169545915697	2.9159038063640152	2.9323933548484447	2.747409381557862	1.6708002864667326	1.9765112625587609	-0.47582064069198293
PLD2	2.4820709665706913	2.33617052936068	2.2130528414198825	2.2250872116591056	2.197520154792797	2.4253457715786486	2.65822995040324	4.274819112495985
CD68	7.651864419892662	7.855246245507935	7.718637457314859	7.823946387330709	7.916977314449172	7.961069961546651	8.078211981255919	9.598359156897677
CCL4	-2.010312666336996	5.105329280723366	7.22931534341571	8.311528156875326	9.122209585422475	8.732744825315969	8.313863870876094	8.368919856370702
MRM1	2.5031390837476333	2.1177100320664586	2.0644934080529644	2.025844260787715	1.674330730748637	1.2307352674296417	1.5167733882451548	1.3836256168804213
SLC44A2	2.238269585510918	2.303473985164284	2.200201070291296	2.029040429496423	1.839712152319744	1.592638309291665	1.5710217385279002	4.298353323187479
CDKN2D	1.893290240059444	2.1070786486356172	2.131255868697233	1.9955775818747914	1.5566487973674312	1.6971734920897157	1.9888803022289214	0.16426193227232488
MTUS1	5.740051434742417	5.531783417952932	5.279155994581048	4.891650240001633	4.319827854817411	3.7008977021128553	4.1686575169935125	4.027757041890801
SIGLEC9	2.2226366275985736	2.031875563094937	1.4856241514965312	0.9929759758041266	0.5283094553697939	0.05081804263334827	0.007916268676982252	1.3319338042260478
ADCY4	1.831040967191314	1.9524619845254099	1.6741676414935178	1.7412296057808976	1.8620706945064298	1.994004833394971	1.9792360775964892	2.884329413188257
RAB2B	4.057392112786876	4.0028955114670826	4.013270682556259	4.045448864869938	4.180645815841573	4.564406072501013	4.945289452623238	5.582771986097585
DTD2	4.016263615934305	4.06528027565293	4.074063284419533	4.055662580020577	4.101447368233982	3.7526142816508656	3.449631857284235	2.8806784856663294
PARP2	4.59072932857875	4.483428849030455	4.401743442169378	4.41511759728226	4.2311999008735395	4.1963877665947	4.428023988517554	2.87300090797461
SNX6	6.384562604603481	6.236292076172487	6.207417817085921	6.2020039720146345	6.271362482565708	7.241268330418208	7.521513150618724	8.293329425935637
MIS18BP1	6.9754072298923555	6.942961214193434	6.95373101045247	6.770738190173324	6.123395722995305	5.557782595531204	5.84508563660769	4.657298089036467
RNASE1	2.6700695504158456	3.1265677402417245	2.626301938223229	2.571740163643479	2.372075642840426	2.1890074135655904	2.113887535127596	1.0372056248736619
TEP1	6.044089313580388	6.024981138158994	5.905533349203038	5.6615157530710665	5.868958854365562	6.983040131412264	6.945126500018656	7.293523659804419
FOXJ1	-3.8456261987442164	-2.4573595259687533	-1.1954507539118961	-1.3896101419408848	-1.9070617486217936	-3.6792680774326985	-3.9007439160563253	-4.551196259797647
SEC14L1	5.574775853436284	5.477974732329155	5.373761015882313	5.414672565680933	5.278502200813749	5.911306301948828	6.196421707243017	6.982849334874507
RHBDF2	4.909974968865088	5.093231452836552	5.204353025980046	5.201814317143848	5.499514487533385	6.6896774939792785	7.193656304785826	8.534237004289373
AANAT	-1.4906077881730653	-1.315006577864335	-1.377175500415142	-0.8491836155410084	-0.208538219529257	0.1441851873265214	0.1472719959120612	1.2241941130189757
MAP7D3	4.905881951635137	4.916098512868581	4.934676356531635	5.072448787687271	5.084301523922544	4.304390820079021	3.8693597078999016	3.7711956118892282
CDKN1C	0.2378937156852019	0.5715639283757219	0.6924327608137671	0.4775497149539857	0.49436188367005185	2.4969077758696856	3.8252345468513655	3.1107318428140895
SGOL1	5.183467102845598	5.142475906618426	5.1685357029358805	5.171457642096533	4.953098370188689	5.18434476265807	5.453620348025176	3.6876527181063414
CDH15	1.1673442891262165	0.9534923383367295	0.7637097626869999	0.5082550730522648	0.42419602173577153	-0.2782291032171915	-0.004885462855949367	0.9702276827988392
KLF16	5.910495607588768	5.978433643950016	5.938080792265062	5.556800506917398	5.038398813430669	3.5649957984509717	3.645038351079791	4.760239257057674
SHC2	2.641878303972979	2.866294407880777	2.8362255854882115	2.747914235375335	2.881028001405713	2.860367161181133	2.523258397561976	4.043054232762911
LPPR3	6.768445583615964	6.967727192625666	7.169052987445459	7.015160345714978	7.107971837992514	6.441492050286371	5.6895547390347065	1.927550121924063
CBFA2T3	4.735727127919637	4.89232875112905	4.824008615432339	4.374576431181285	3.6245056142639718	2.005067405514662	2.3857525780168087	2.9074667957175384
GAMT	4.990829662813245	5.070900842465811	5.136377900002428	5.005312319443998	5.090732095369065	4.851207586932246	4.54968416826086	3.0525731339312716
PHF10	6.876026199364989	6.912044991844001	6.957280623070308	7.101619155141432	7.122382613797743	6.4995890540623495	6.1529462133077235	5.619977533723593
EFCAB4B	2.627861629667666	2.697855343746642	2.791252179738945	2.874579669518857	2.557117152047311	1.75492425069063	1.4820074373976848	1.6883511251802321
STARD8	4.738670840427982	4.823064786502269	5.491459467810058	6.09007826472417	6.4472174293136195	6.427066161264432	6.033614987093635	5.4377159829241775
FAM155B	-0.024572284090087826	-0.23331467955635507	-0.03863563934572316	-0.2095185492380432	-0.6334629905243713	-1.2116318396445607	-1.6920528806430903	-1.1890200222862384
SAT1	3.773604948020635	5.5927709528313745	6.158315303552595	6.143883705371987	6.652522551800557	7.5937190136246455	7.730513869844387	7.78688898428007
LDLR	5.082265586373771	5.350651354606095	6.252822921039604	6.413794536421252	5.661820532868914	3.5439716728490147	2.8373980236085785	5.305671346653468
THEM6	2.8983624699179824	2.9229264547729605	2.7475760587857594	2.1639207356261903	1.7544683473083789	0.8786481715500223	0.5826278009703914	1.096642789333722
PVRL2	5.385336055527935	5.466189232365596	5.680869228798489	5.896463170434452	6.385525643576118	7.625897484940519	8.03482545353271	8.337744999430416
TOMM40	6.686617280334634	6.755212918678247	6.835002377167459	6.859768534689451	6.935841150900168	6.2240606779870875	5.719514267774088	5.4584347219791685
GADD45G	-0.5539815176709377	-0.282471830040817	0.07133755903626669	1.1280659136088294	2.0921223912524605	2.7372872902679015	2.0528661278156277	2.7134592024310704
ATP8B3	5.021951473748015	5.155955410174824	5.142855569204192	5.126692001915118	5.128551932568622	4.4411480076578815	3.8758364416401463	3.361533182896559
GTPBP3	3.5900530397805808	3.7389892861631435	3.711060125807783	3.662801131350226	3.5827212136343913	2.923626163002225	2.6837647159452436	2.330803290712628
BST2	6.498941367986896	6.551294584358418	6.528441544482219	6.606884312110829	6.748224647452052	7.202751172365224	7.621976771609813	8.8432537747703
USHBP1	2.1134773483594174	2.0066425354782904	1.994725558290975	1.870430296961957	1.9727823012029981	2.373109387884725	2.370273520432451	2.577641228707366
COLGALT1	8.257161379598521	8.328572305381645	8.291951565346292	8.214101891211925	8.150560374693821	7.463098507771747	6.862758258644612	7.1460771044303275
MRPL34	4.656308544831648	4.610451829521217	4.560027877756359	4.351733799456899	4.065118659241493	3.1218293543719406	3.239588917736036	4.400158481553112
MLLT4	3.563753651273208	3.401389510907855	3.425172091735149	3.4987593597684112	3.5531368673151174	4.574392264454019	4.948741537845924	3.9683690359309187
ZSWIM6	5.583393549481022	5.669944853605488	5.786770163183678	5.7567830510607365	5.794867493379508	6.120579279575256	6.266221173108204	6.890813422591929
KLHDC7B	0.1210601275188497	0.8010662831574344	0.8083617918309183	0.9857308986444222	1.031314875584246	1.2014417131841273	1.3841923301977779	1.5636568914720712
SCO2	3.85580177420906	4.131161930119831	4.651464160297691	4.950555595678287	5.490713242581451	6.132541236187247	5.905502970860995	6.248306847787565
GDF15	2.5116574078916925	2.8471238975321467	2.9189336464514763	2.597854998776597	2.421951320644287	1.028214802318179	1.2585708209906465	4.012213539821651
PGPEP1	6.26873325937347	6.271924715290643	6.116994743096823	5.9086905770502245	5.616847056596557	4.8157462306884256	4.8746551048423665	6.665265174939111
LSM4	6.241218211112905	6.30759968571553	6.267188171041134	6.200609394428362	6.169501927505321	6.047113768418704	5.896048937828363	4.892507097611931
JUND	5.864860415286273	6.604539655840199	7.366382555847326	7.516742348433432	7.702672060674859	7.243341842432772	6.986605778674395	7.228161607127994
ZBTB46	4.40425400731727	4.390524548121549	4.2674330899785105	4.051365362065895	4.249591897202903	4.362463222785273	4.430073503361955	5.691782656929318
HELZ2	5.927600568269918	6.259910106064717	6.509801380855601	6.757062493307776	7.7296485043109975	9.838241848412329	10.191274629771607	10.195347295933544
SAMD10	1.7183831503678961	1.9626648731729222	1.86397472930519	1.771036296977429	1.7500561402859982	0.4411371901467182	-0.22998596467039858	0.5681639438549968
LSP1	6.567188562359898	6.571422572124826	6.404405941020221	6.378137629107174	6.373456699481361	6.257722723401071	6.599759801978774	8.263711003038889
TNNI2	0.04320149511303836	-0.309079875613389	-0.4898329566326619	-0.4294911986109703	-0.5393807824000586	-0.033455329182584606	0.69160526897976	1.2074020723080636
PNPLA7	2.628940629228085	2.6836047471720086	2.6236423324062095	2.650414351967002	2.652675043586693	2.109757019728204	1.4054379891073963	0.6353647842059301
MNX1	1.0941010116852108	0.9685696454446031	1.0107259688089414	0.6967375424500762	0.1563176606968421	-0.5847593584260009	0.006543385692639153	-0.9222753471839441
CEP85	5.42020071152156	5.421997076707376	5.462441580890356	5.303063696317071	4.876632820933885	4.541445408922181	4.657543344811467	3.6999976668190317
EXOSC2	5.499968193367156	5.4082878912427	5.3824350663107445	5.431734347106702	5.288218125077063	4.6488454665221965	4.504263304904816	4.016746917220364
FIBCD1	0.6187873119879537	1.0463467584779114	1.0355607140601528	0.8765233011590516	0.9094365751932001	0.022647570706576775	-0.31191575414842354	-2.061085934107515
TRIM28	8.180401217556412	8.30305752975775	8.405419633394052	8.369150121797807	8.389978629622703	7.883039460023464	7.695766646531231	6.962293172429753
C16orf13	4.8317136117999855	5.007487656674117	5.070906613967848	5.030255474116729	5.047562801332283	4.876055514384112	4.713327044855744	3.6502160348776513
TMEM160	3.920959044307886	4.054871017593285	4.291496041991872	4.01709700719682	4.121058755133329	3.9398663550712247	3.7521658180148987	2.740880718712588
NPAS1	-0.08225383021269167	-0.3851701497706189	-0.533781038222821	-0.3174102165261326	-0.7332299423444072	-1.1254474272647483	-1.5859467142527333	-0.8943773803313777
MAP3K10	2.332954531447741	2.375527420615401	2.4938443211802204	2.440578592970298	2.4928732286509514	2.9546604325874473	3.3703557619670272	3.864860727497157
ARHGEF16	1.7937560266419568	1.9017101194201893	1.8733371004714992	1.6793859964677844	1.4640174854940853	0.20896684245421301	0.015361356298836504	-0.6129857612307381
SESN2	4.101627351206422	4.278936318632812	4.774629578815601	5.179321421799974	5.488883746351723	4.596395230817755	4.493310070360704	5.778431401866201
THEMIS2	5.113910678257738	5.220493066941024	5.104939661564075	4.859674006397702	4.690524450241626	6.531949752741071	7.0992573667248235	7.940845905481662
HIP1R	1.9631811898295437	2.0359760917215706	2.256804777486301	2.7847768753409783	3.6837329397085616	5.139824928409575	4.823156321218752	1.8932981308018753
ANGPTL6	0.8337586675259789	0.9284252563363918	1.0623864921514201	0.7995047685658976	1.3350868245195198	1.6454334850975458	1.4948136588027066	2.113429879418682
C19orf66	3.928453280342829	4.19704115694547	4.073536747338059	4.202123317056566	4.715350982977771	6.671976387782907	7.102198280743043	7.0513056323988295
PNCK	2.731599776898407	2.986739856583949	3.0606539995250275	2.9836026959279405	3.396128685351014	2.9733613747471423	2.5602307723233837	0.004026320027331706
DKC1	6.6045621063646784	6.547008781091565	6.581618888684923	6.718909871005756	6.653352526747126	5.668381456758176	5.50648657265865	5.3779464733251015
PLXNA3	4.309198872780857	4.394360318811236	4.381961228715675	4.366655194633864	4.646796427154251	4.948179484073729	5.007275912952039	6.3087275640239096
DUSP9	2.8807961472033337	3.0322215232529315	3.3641839519840473	3.136285109419547	3.1808246848235306	2.8437282034877462	2.1630238684188443	0.7674877887788727
SLC7A10	-0.17107579726730432	-0.24283499916167947	-0.47677580539273573	-0.30131196304553187	-0.3770064749848542	-1.1439266932306715	-1.2554738959258542	-2.287659835834537
LRP3	5.591496053545338	5.803020544946351	5.877593927705825	5.668766466505089	5.663892711435324	5.046142804223296	4.683965488096906	3.789226887793721
CASZ1	2.3710126420465665	2.305510742409691	2.4810426037869995	2.3697322455386436	2.657115770560341	3.8847709752909	4.327626963402248	4.556594540318088
PKDREJ	0.2699095098784858	-0.026081598666601005	0.1099250704193345	-0.1391078381427251	-0.5768350815170995	-0.6980108797825599	-1.8097610067633387	-1.5997002845029318
SLC35D2	3.3084751680814444	3.3113429992039407	3.2131832498519586	3.2747336776646154	3.217256316013234	3.186119002632867	3.3178263750485666	4.740817764612499
ULBP2	1.6519808978595503	1.6588635094851159	1.7458564222749249	2.078580482489011	2.30263368469948	2.5391880043293735	2.5612776179101258	3.288568979538865
AKAP12	1.6565203279155338	1.6646786036237413	1.7043354646017037	1.7885277405627016	1.9363140828650383	3.1898429053044604	4.236496056180526	3.9092894776060825
SYNE1	3.249786875391562	3.2430687289965263	3.1746769594831346	3.0433423815718754	2.731477448431441	1.505372836005998	2.268911276164996	2.3718916100491487
ULBP3	0.5906299812713037	0.4867329394537108	0.414209168122261	0.4854775887069473	0.23906752817727994	-0.28088260387458996	-0.22721567801403728	-1.3614452041256955
EPS8L1	3.120636698398244	3.2375937381801916	2.994868520913149	2.9466936543119817	2.827886865722012	2.0831528066515865	2.0769702768067235	2.9404758508300306
LILRB2	1.0836240920569566	1.2442564673004095	1.3135960668504576	1.1493784031889318	1.257129320004078	3.667387964469844	5.022191104349428	6.8565248889403065
C1QL1	0.07485093541170865	0.09875581778390288	0.22886469172259347	0.05206527841114267	-0.11166203355897042	0.1771974715435643	-0.12240581871687414	-2.021303900303497
ATP6V1E1	6.405672941851531	6.390593335220472	6.405415596558855	6.519859014667105	6.492479941294622	6.327650445698957	6.45813514657157	7.458592142902756
ZNF227	4.140344303346644	4.0302906894442305	3.7905057212284543	3.3065490229341954	3.2465255463567204	3.947824279859338	3.9807751639100832	4.088424302988512
GSE1	6.914153657321527	7.084398011737221	7.138377716927112	7.006793919225334	6.579142583302792	5.353343730460551	4.990689994654224	4.95313118656826
GINS2	4.705557108158615	4.768365931452175	4.678095904493513	4.8466559076280324	4.669909659734666	3.972787450290755	3.737220903664052	2.5259410708671046
PRR7	0.5652788039047193	0.37631720522747103	1.0381391367330322	0.7736989422546542	1.2852333482377711	0.8346907077926347	0.20299922943548765	-1.2015607672676738
NFATC1	4.662991248586688	4.807171403070088	4.942168435936623	5.096052554503396	5.524815060980746	4.5319258729546625	4.1019274496009785	5.431309171991521
IDO1	-2.609369770143087	-2.16783050810798	-0.29360204262095446	2.874491830606236	5.544424356240928	9.825353474400716	10.66598338868069	11.29545545543745
GJA9	-0.22579687569934778	0.04380374119903939	-0.661764639748062	-1.3365479513525598	-0.7736495013845629	0.40720897273583445	0.8495952980987576	1.215718478074896
TRAF3	5.915325309917965	5.979749545732723	6.014350157648437	6.458926582644077	7.09966332720173	6.851075104211715	6.503143409083798	6.851583632102193
HAUS8	3.764995585705121	3.8379100046429424	3.7587346885901898	3.7028835644280376	3.4476583389284126	3.572000572746604	3.7625680989515766	2.3214165568394325
SH3BP5	3.944314889329443	3.985600165963625	4.008310397212304	4.135717856854281	4.37397515518003	4.442420198198511	4.2259528197510186	5.215772385881024
RFTN1	3.7010664855958524	3.6393540793985304	3.631346415807192	3.8352510117156813	4.1547102088987575	6.143221015675767	6.938929815470706	7.294609286725526
SLC6A6	5.36796360050346	5.386376300121145	5.269328569123509	5.048490352458282	5.1000961088387164	6.264904544849406	6.487788410602265	7.206952130653679
NAPSA	3.9718519407445623	4.086668423467727	4.019666188247595	3.9817175630335235	3.9688905136753965	3.727256934867151	3.712288309529721	2.7268513360997293
NR1H2	4.665534344645655	4.978806090661733	5.287530703395439	5.493311012676692	5.6533082125901	5.770159241767818	5.5743825387305455	6.03008565989059
PDLIM4	3.0675379972625008	3.312657143499056	3.383218041938744	3.313457001985233	3.530140396121075	4.279901227437447	4.662332994714341	4.126220472606109
MGAT1	7.483503389204219	7.596854298397869	7.488189810081696	7.257575624828863	6.920662204900653	6.687536451384577	7.56071233701244	8.602514634932382
GFPT2	-1.3222027172725492	-1.1825455933764664	-1.1184862405603688	0.5169563808791421	1.8955693486403153	3.223580591843916	2.8512632859602323	3.102920392312186
PSMC3IP	2.916974368098611	2.647409443182352	2.421729750962028	2.471164614214587	2.507800535563625	3.4176097902654936	3.2234061879892577	1.6742051259119095
G6PC	-0.6290508709844957	0.6167927184724804	1.2021915738862645	1.097255463296624	1.399718177835788	0.6835035890487244	0.6745526584860027	0.7533978652229458
ACAP3	4.726250174897825	4.799670175381206	4.840440170333467	4.697088874157582	4.858435657360736	4.176991592209969	3.69089399793702	3.225289895560583
NINJ1	4.884022495773735	5.201685219691537	6.217615121094163	7.031572763512791	7.870365620884574	8.635939924083932	8.468830085948365	8.193054680400055
NPHP4	4.678792983575079	4.79927917058737	4.8286241239702274	4.772823579286113	4.961337609076557	4.491084399380445	3.9759108271510675	3.121626571491344
TOP2A	9.470894470279102	9.417852615479699	9.425874057657403	9.45712257334187	9.3580936450139	8.900249706555194	9.00190666549318	6.624965216419543
RARA	4.929091160663246	5.271498186712979	5.336545254839406	5.015178311634589	4.7231975718758665	4.431887176404166	4.423793990284148	3.8158932692432206
CHD1L	6.927413185060427	6.936389414915345	6.998788797457858	7.0874178318013366	7.1209335582717035	6.960179209093845	6.794343295872776	5.525118919425679
C19orf12	3.5333739512705518	3.612797173979808	3.737455054479401	3.779728457383557	4.055204064004643	5.3533173164231656	5.180309565541059	5.568399598175533
ACTR10	4.7505023335198375	4.710213449103577	4.796002341751581	4.81969203239556	4.818706031405698	5.057061537528593	5.395440932850873	5.869187369915377
GCH1	2.5595072701880333	2.5812735149052015	3.827081511423317	5.593618523234375	7.067726842723952	9.560073870669202	9.555024840528613	8.797404154380864
LGALS3	4.616282015057237	4.64233965614577	4.670370361168722	4.888164649130812	5.2215087063085335	5.878341411129666	6.255031596465882	7.087049099751176
ZSWIM4	2.1422052693054554	2.56092267548914	2.671621619633063	2.678370053139767	2.9080994013869628	3.6665607443148396	4.112307541620719	5.790195449699629
FBXW9	2.4111534260042635	2.6268914856591197	2.705714863410001	2.6276803176795065	2.6872863940758838	2.1474940929708506	1.772966107570884	1.1129150789120683
C19orf57	1.5664074825573318	1.7255796504333052	1.6576577816322287	1.6663609666463404	1.4753852142869053	0.8984709697424729	0.5538951428581504	-0.8337742759751728
TRIM21	5.110725215425333	5.2894623652802935	5.598617510493756	5.836358659343154	6.040804994616146	7.214531996605162	7.364182706703165	7.099330647247595
SPATA6	0.5515674350428524	0.39665808568585836	0.36678725106034576	0.4107822028890294	0.5953108474560935	0.17719747154356433	0.34207842819311174	-0.54738833966236
ACACA	6.692844624917242	6.745622227338403	6.796329814643553	6.838335655830354	6.893341695886106	6.287175008557341	5.602122921896358	5.261611523764405
PPARG	4.881715863813215	4.876165668832179	4.835616504191714	4.773282098159125	4.613299673118528	3.942292387777467	3.5377538167590616	2.744023405177888
NUP210	8.753408848668744	8.91069192231376	8.986440485302868	8.958541838884575	9.09491342717481	8.9094849193194	8.69319250382657	6.795678041040499
ENOSF1	4.537235967892115	4.4677929031088315	4.490349919131294	4.510258074576303	4.4916048034518745	4.206776996132012	4.015416174931659	2.9083982004407796
EMILIN2	8.272999472568367	8.27527961380694	8.333813969153297	8.421664321216003	8.595905737561715	8.799689742201782	8.96138736423158	9.438640611684015
TRIM5	4.094410793524147	4.142634502899951	4.206496154499609	4.330627060194207	4.712818057077364	6.531599563874093	6.8523808388054315	6.580126878565685
TRIM22	4.614602375773661	4.769333581655406	4.896159122623026	5.140649790251598	5.626597330303634	7.9014093172659585	8.707136756591037	8.715989438610084
EFR3A	7.016184193701385	6.951578182628438	7.034903744547631	6.996759775893926	7.046965147076545	7.9946829672225	8.27932534956675	8.253912994513694
RAMP1	0.26108387360307755	0.4867329394537108	0.3050822182646576	0.2934098477035496	-0.0020999627864626558	-0.026860596527051535	-0.10833618937553167	-0.9788887073726826
SCLY	4.162503094311908	4.226433230360213	4.155018081222696	4.218124733897325	4.050243556603448	3.376818348601679	2.441273120241119	2.7885237992535346
PTPRE	5.639744283456077	5.818319726158425	5.971916012188334	5.945787831433776	5.765852274034451	7.190668073593196	7.831418803594838	8.163354209881811
CARD6	4.4559754994465965	4.4448551747497955	4.201623011833278	3.9940973161241855	3.720923202074422	5.4731069593843475	5.669634176684209	5.345021225503617
RAP1GAP2	2.838186893388519	2.9294661395988464	2.9121703390352227	2.7814543407216474	2.5641279747342356	0.6811074031346491	1.242028344775992	3.0938174090430905
MYBBP1A	5.663369217327812	5.725450282161416	5.768243924597196	5.749175477482298	5.752209901203502	4.858686841046384	4.5835035655873835	4.820435762110394
RPA1	6.3911724146959585	6.340829086844426	6.395983776679476	6.404023522427739	6.29151838362689	5.938734142094966	5.757823953439182	4.801994484159422
UBE2G1	5.501682480708495	5.46368815101812	5.490903688471187	5.307491409087771	5.010752386258536	4.293727473094639	4.335148556511646	4.910234872321183
TBC1D14	7.187783527236854	7.26492799620215	7.2642290287532845	7.151140260082027	6.780626833495345	5.986304278106219	6.045308248501094	7.078625756103595
COQ3	1.8388846954321973	1.8750876315248686	1.9694070794111063	2.013575930891607	1.7997305849576217	1.4751089280886216	1.5202414873846588	0.7274229508875613
POPDC3	0.2319254111749288	0.21698392819437734	0.15844784399222833	0.002096982033619188	-0.3329793709770148	0.5003038403700588	0.7417209395534328	1.4427333900150279
FIGNL1	5.198600952989585	5.1020643831201795	4.926076557366331	4.436146256647792	3.7931458361928128	5.077697400908043	5.250621514366467	3.1691620803062284
WBP2	5.670474570847217	5.797637222128398	5.744335823642441	5.819876797789373	5.875714450337782	5.586609767307506	5.602231740102254	6.998827801730858
H3F3B	8.200021617167538	8.299575143402109	8.467685576142816	8.70038886472598	8.909471029293961	9.290208796597767	9.226080301498937	8.819011280682371
TRIM47	-1.4906077881730653	-1.7088213829086003	-1.4696003465795393	-0.927052622470879	-0.43426748737758947	-1.7162639745846728	-1.199850316791272	0.30090507224750496
KDM6B	3.3927822089629815	4.406098486964368	6.349832894377629	7.520289207388933	8.151019334048586	6.777029256885663	5.568244568331616	5.2162259323765126
CLEC10A	-0.675461130949705	-0.7573614062393113	-1.036491593393137	-0.8516311590192076	-0.31167863356698033	0.26053742158802745	0.8865279394740619	2.4124631689351936
XAF1	5.609296774437411	5.704337296103468	5.651358259766679	5.783320779571815	6.406440686589843	8.302982527622984	8.655558061113556	8.72265675422942
MATN2	2.888523010353944	2.8350258091482896	2.7391383035566346	2.8215442332025584	2.8182849309247553	2.6466607957293826	2.788907197291232	1.7764007409692106
MTSS1L	4.133126106789175	4.29007044518826	4.36582296451194	4.315751065809003	4.091833947588507	2.732888439161865	2.171221102222061	2.221451762918073
SNAP25	-1.6448946362929266	-1.467898719534921	-1.7642566532381365	-1.7954721402210523	-1.0236381624261088	0.2982294940984589	0.05330331983116726	0.1783484443206937
PCNA	6.442410314922432	6.424474726367642	6.515275973637147	6.510791933481416	6.384434576416444	6.021694747252425	6.001051013925059	4.350085466781794
NXT1	3.7075380235425244	3.7858785399352364	3.8895957706705353	3.869170461911697	3.582583580243921	3.1919284669544234	3.268681758355645	2.603905004882188
RIN2	3.700271361010569	3.653699272802241	3.17637669140342	2.899022498871844	3.0665299829150325	4.318919670367891	4.485101982583498	5.965370702104062
NES	0.6935622786999001	0.8066456867294887	0.45180584450375183	0.25705625040488006	0.2738309080299633	-0.1243519510932615	-0.13392621683871475	-2.2276960592818646
BCAN	2.254109933948874	1.9884594663235735	2.123603878132111	1.6735377910202733	1.81557520910202	1.4029289183285614	1.1499375607405953	0.08775843207692013
ARHGEF11	6.278094766434341	6.353973067473831	6.384612868263481	6.465136305106979	6.567678899394476	7.355624168301973	7.644280602595845	8.376173525250476
SYT11	2.6817772172309233	2.5357059326005373	2.466586798159077	2.5550096050648565	2.544082100344215	2.581005977596176	2.5577277953116475	3.8408909886787654
MTL5	4.403711133757135	4.424346595148572	4.382627625604	4.194403743863412	4.1598819348279275	3.3408994540057133	2.7451039064933846	2.3134435759969043
MMACHC	4.159478940243964	4.111736100764013	4.0057711023785885	3.746588838640008	3.4381373098240404	2.54482491690357	2.9518851492681835	3.136335344974566
CTNNBL1	4.8693131388143165	4.874773034339425	4.844308070391877	5.05406450649281	5.04080363026487	5.590499025444801	6.213858331125294	6.444193498450524
RBM38	5.235154477750019	5.373965636778704	5.290825672859301	4.956067589793843	4.682333651960993	3.636938925733406	3.4848123848789516	4.959639710473621
ZBED3	3.3762290467921305	3.5393501975705837	3.349690625068224	3.1301173600148746	2.868575409556442	1.8174124435428232	1.4230288654334466	1.3938997711651067
SYT4	-1.2759360057009441	-0.9715512000597708	-0.6522117722592543	-0.47529965545155367	0.5861076213692684	3.25372211788508	4.081043587878007	2.6624705809801847
CASP9	3.0756491358140865	3.227224807094366	3.1740692155227848	3.0588656041314595	2.981938627323667	2.666763129926978	3.056278096939365	4.035533138943105
POMP	6.138498628135575	6.059933030765992	6.20425561640703	6.316414796461771	6.425391928106736	7.069734369448129	7.263179301232064	7.349932214074603
CHRM3	2.403057640541471	2.2354608169539407	2.061881479566958	1.67556459061892	1.409810329804445	0.5608572378332345	0.5667488658286395	0.19489655187244664
MYH10	3.0311390869250228	3.066039846456958	3.064379285312744	3.11653125253424	2.9881566635430508	2.5666691482589497	2.4121928574967875	1.4352424469068048
PEMT	1.373372734211687	1.393320971955726	1.6452019136526506	1.3852847588782797	1.477602250277274	1.0945723664842526	0.6394032569250241	-0.46207519570049393
SCO1	3.3478514263772636	3.268359068412071	3.3214427621010882	3.3375902980499905	3.2638079188535025	4.027242848393982	4.46707727098538	4.145379858618027
MPRIP	6.420957707165597	6.430637921677959	6.430067289099618	6.3354882282287726	6.332020022723098	5.734175991935999	5.424361096068464	4.973592548292392
MYBPH	4.281139791808059	4.354289925333349	4.320418644913386	4.21900807545315	4.015590806854667	2.8874845952640538	1.8980956057458194	2.8218200539110647
PIK3C2B	3.679368325615357	3.6263333630259718	3.689644311056147	3.304736192891205	2.9209360660660826	2.0724901533700812	2.045495809096682	2.8073292716859175
DSTYK	4.6101022107251435	4.5878452596302575	4.4698912576429795	4.126435933800995	3.6342945017971524	4.0427672710215194	4.01957536073631	3.3695155643026347
CHIT1	-1.9007926375333877	-1.358788207944208	-1.5410373653849014	-1.485272019826105	-2.120138954733961	-2.0802268373260375	-0.9842524380551516	-0.037685666547891794
TMCC2	-0.8739355413144825	-0.8827012075334104	-1.0773930883344685	-0.7751693339537782	-0.3383874857615554	1.3229994247589687	1.2219759145869225	0.07252138173100164
CCNA1	3.095572851062667	3.3116672479935065	3.327714496498421	3.457254342406471	3.602804793098458	5.908544549666896	6.007534777637595	2.9257088996416707
EPSTI1	4.499904408131924	4.713223357758551	4.594045208901878	5.188499401398715	5.796072593628878	8.024006582376447	8.6886556897594	8.915596617861526
RFXAP	2.4439248327669625	2.481182411208482	2.547790891526254	2.2725885698506545	1.666283055566198	1.3691176211161995	1.7323356311832163	0.7908659120977101
KL	0.9624367848061042	1.1203198279985207	1.2604114978708445	0.6224143902207351	0.07923977724539309	0.7441290658709636	1.2315225076691332	1.305992294884973
RFC3	5.921530294375346	5.897785896230667	5.9516900721805595	5.936328593315762	5.839682483193474	5.510112439051517	5.451157717594204	3.4745581448449405
STARD13	5.1026421959519634	5.162146816921387	4.983236447490432	4.62682051303914	3.910735742057531	3.51458470257072	3.8434191112711185	5.00833617256675
BEX1	5.06412496418265	5.029086301370187	5.076529364993791	5.269684058083591	5.245844448157716	5.032804763870952	4.8060740884912825	3.3539477040689913
EPHB2	0.8386512131086135	1.0890937671928902	0.6621438466284377	0.5456871858255881	0.4256074405956829	2.429866941027286	3.861208337520982	5.546627454574889
BTBD2	5.9806646763127524	6.1830292756817045	6.206591742440036	6.101473103875156	6.137078764413229	5.611547043548618	5.228705941310679	4.861040837915311
PRAM1	4.664795286797177	4.739546699716017	4.534692744513807	4.199478773725507	3.7869400306857846	2.058021883467797	1.6709349570950915	2.8841150023666913
ANKRD32	4.459876687539595	4.354706799751188	4.311952154765296	4.237675773734974	3.8785404165407105	3.984665141951572	4.084432953671614	3.039591397255801
CNDP2	6.067995095825454	6.131030700451495	6.270655924338772	6.506932002255701	6.68253524903484	7.615052316799966	7.953473055701643	8.34090927645299
MACROD1	1.3134773208974204	1.1811664038517016	1.1999655664820785	1.1685518382313569	1.5501010204780648	1.3163333242231372	1.000876874305582	-0.6187059737594232
LGALS12	1.133827181740875	0.9971444909883245	1.077261197095038	0.8482478820924889	0.36253431703257855	-1.6313821225045517	-1.9379345876744147	-1.9743436666372693
RARRES3	-0.1852208258866086	0.07313070335117777	-0.1279359770186459	-0.09184491473795585	-0.33268377012481454	0.9073939568125267	1.6874514556881526	2.729038956380152
HRASLS2	-4.308332239710236	-4.272272353668981	-4.55119625979765	-4.55119625979765	-4.55119625979765	-2.6350176920243413	-1.8165038278477623	0.2075387072352104
MYH11	0.23628443336665292	0.23597620086206794	0.015367489921968139	-0.06839382717772376	0.04833563640489627	0.6661393271168364	1.3930399250918615	1.3162083918895362
PDZD2	0.7008026403144599	0.6610405237972117	0.6989380557048013	0.8892157798944768	0.982262330592955	1.5910273673965682	1.7606032170495602	1.648779626699671
LARGE	1.6539789230054818	1.6369200721366788	1.7016984004958018	1.7009938137151244	2.011269025167582	2.6365817570337082	3.0264472134186082	2.744857541062605
GIMAP6	4.530679693290684	4.394410655465672	3.8876736140327885	3.5252856584456875	3.2655637402728	4.683376118349722	5.453779586917168	6.702805574042744
GIMAP4	1.84916733034501	1.8110276004877777	1.3642225783927193	0.7759771274647796	0.11588870063841525	1.7502478155601686	2.740107729767331	5.841969737620064
AGAP3	5.545094432806204	5.640058179733025	5.669377800089443	5.611754776684047	5.677589534548892	5.155792996393443	5.282966099253599	7.151609425311658
BTG1	6.712765131844321	6.721763768546092	6.774768050112932	7.040146390643226	7.419485663734937	8.264066716947074	8.740956985174062	8.997973494332813
LRRIQ1	-4.026994895130544	-3.7978397630444136	-3.4664501529642724	-3.1640708306912195	-3.7105664223967576	-2.965602297951904	-2.5430257710225037	-4.23802104991916
C12orf29	4.306793385600057	4.143154597097665	4.188369121814942	4.09907648516532	3.953886614823338	3.5463612715074824	3.398515613473582	2.5239291647957156
SFTPD	0.06132678826898755	-0.21435334960183874	-0.04696393545395342	-0.21620450842960298	0.16307187703081427	-0.2258732319142135	-0.1274784166237675	-1.8450556748907316
TMTC1	6.618819790362928	6.665305544694578	6.689170053336193	6.715998505218528	6.819543059853296	7.391051018541197	7.982991651092745	8.293108999462723
SWAP70	6.261197438354303	6.2437726204601525	6.14731553387896	6.167757518403892	6.054806544712523	5.984532963582593	6.619536446838323	7.4834855378259935
AMPD3	4.265145847137088	4.253159572214525	4.2207184611796595	4.447167863972856	5.1242448307421355	6.064144150575515	6.356292976858118	7.873351779277851
MICALCL	1.1600856373941506	1.154563617782028	1.203531415911551	1.3194873590712315	1.0545327095368142	-0.8733944091572505	-1.4844036535230831	0.8461968962319553
SBF2	4.091472619379253	3.961107219997579	3.9666595839845575	4.061834219044118	3.8556962193753694	3.585244928608015	4.310719242233061	5.57700264532955
MICAL2	5.901323209286478	5.994102984150427	5.865605775613384	5.806908558419021	5.602090431790538	4.318212278303349	4.000067803837225	4.637489594925324
TEX15	3.2838205134458613	3.2142337042817295	3.4914108850968315	3.4272588181599444	3.1607835743266746	2.1658405288564486	1.234001514164571	-0.9940031956816489
TTC9	-0.03731125860498441	-0.1224128635263757	-0.402568244479382	-0.6128286999955289	-0.6556685089045946	1.0205148321071777	1.373555876461238	1.4553264435335835
ADAMDEC1	5.98058065162621	6.000918184897087	5.778124275122528	5.901019718289695	5.936788250651759	6.343350047662865	6.715684624343579	8.985067774067023
CCNB1	7.0986815092429225	7.126088636601345	7.2406096363232635	7.270539126486922	6.939959659601518	6.755914344159539	7.113471168667843	4.887616071289827
CD180	5.043185479511871	4.989002494297942	4.551202028184642	4.187386960927123	3.625473314542443	1.5818573074771236	1.6589644791749194	2.148675961037891
IRAK2	1.4458669827833113	1.4638378133761942	2.265061654431978	4.389531269782028	6.151842747400698	6.156631412753892	5.654402697454776	6.3356166310671895
BHLHE40	3.6590076375918565	4.654070367358351	6.182625989015298	7.0560469002631026	6.980441987125491	6.916769404388045	7.174509803863262	6.602553583965463
ARL8B	7.365775817039049	7.379498883807138	7.581273819367754	7.852110762103982	8.098281849666138	8.31814137479878	8.219290970501202	8.673072137218227
EDEM1	8.578295883391224	8.73097744151005	9.127393788355041	9.351951102650798	9.620352290380204	10.424476885979802	10.521885902996555	9.916748123281696
MEIS2	3.8370663556916957	3.6917599122520306	3.7304949332889255	3.8304094707643275	3.7661470228788003	4.921164115030512	4.4170153717625595	3.347863285997997
TSPAN2	3.0251547135266224	3.080928942683148	3.1046042090472272	3.0011494998293515	2.727069185351144	2.091116199651741	2.136128455067464	0.6791264828724337
VAV3	6.766838189347715	6.701892383777132	6.686459516408959	6.605297689164539	6.368191577674857	6.250191315300743	6.714511697196459	7.950991966976363
PSRC1	5.0035505228192125	4.936409732972905	4.769930304150757	4.482196698397771	3.8690922080584436	3.642184521999291	4.005323323051618	1.8782256312559178
SORT1	6.348016436618375	6.257491484023608	6.172139679677482	6.23324200742943	6.395298351379383	6.516554762236173	6.15628713171093	4.8318776893033615
PTGFRN	4.243516085178689	4.1651062241581345	4.11546094601578	4.051176655209009	3.977057027933707	3.5783866538839426	3.4257907052395566	1.734202709077437
NOTCH2	8.104384498428916	8.186306170191887	8.171874601346268	8.200138264833168	8.371622170611218	8.479715650797921	8.970059937248745	9.261429750602126
TRIM45	2.7740087984914923	2.4749664949896997	2.248180294300975	2.31615133498388	2.2051591518976252	2.2720853983061304	2.334604930003609	1.2455346231470186
CD101	3.0386222201559145	2.86865062231307	2.6767622006857197	2.6542065743062953	2.5157323503272933	2.3281008897539994	2.1325256792963847	0.003604935418279054
TMEM106C	5.412888070352036	5.465196140241944	5.429473884043992	5.577671579510336	5.598567471219215	5.692871169635194	5.4996395764845465	2.790490727615686
RSAD2	3.9877749365001693	4.044624333404757	3.9946106137732524	4.199666224636898	5.068840913338332	8.895758252440277	9.53458703984175	10.72121892191696
LPIN1	4.36070243075077	4.101945144083906	4.00784444198934	4.049892618280037	3.985928199976655	3.956389604918238	4.111461621236245	5.515795658267193
CMPK2	5.114761576064714	5.411998699156286	5.550106941664896	5.844982000144606	6.86622180432422	9.361479643775956	9.502412978043566	9.397371615161262
ANO3	-2.0943200915863502	-1.8565294177778349	-1.533651792295522	-1.9024074096288262	-1.4376012267894047	0.07453214317507616	0.17558552056497778	0.10254410180441176
IL6ST	5.9739986165792125	5.887378724701636	6.171890421018171	6.686554365304875	7.017262287786142	7.593701089910208	7.529381300576436	7.5637802387041475
FST	-2.346468768293253	-2.3104344962396097	-2.0926755081878805	-0.43497426291763497	1.5163212267742012	4.822439075856803	4.1612870602276635	1.6602175245953776
CFHR4	-4.551196259797653	-4.55119625979765	-4.55119625979765	-4.55119625979765	-4.27579220203401	-3.536701459909719	-2.917704206753126	-1.3721628519114237
CDC73	6.792450194481431	6.7521482756949895	6.847669393758542	6.98817600701414	7.019525738314295	7.984991274723011	8.15837664333991	7.709262211769232
RBM17	5.767732419156083	5.735359250073525	5.875309035496127	6.18006800787341	6.416476743890769	6.856164055477627	6.740364646357653	5.759534520803916
IL2RA	0.1872890932046305	0.2309372433662932	0.3909527002264437	0.7068540690617217	1.4435095616706357	2.419248887789899	2.2933949641455547	2.2755256212138946
ECHDC3	1.0910500051961514	1.4053407483882232	1.3409321090655668	0.9665025653332473	0.9088524241478695	1.5976730786357127	2.136617127848719	2.744720096898248
IL15RA	0.176223119183608	0.5846311130125685	1.0365988472107939	2.8536118338525536	4.951646722786796	7.033935612466674	7.295752505379499	7.316892071481869
KCTD1	1.8623499785831352	1.8473193953474802	1.6316283090170596	1.1918760844678784	0.49570256743788754	1.3210203449971134	1.3576726790623272	1.991537119718294
CABLES1	2.1699750521256265	2.2291377267427848	2.2068143759936514	2.1338561011900037	1.6963717456913985	1.4667749519160376	0.4154006137459956	0.28524107696384415
EMP1	2.411333825428491	2.5423602126199887	2.406693655622945	2.439083230803176	2.5357319652678485	3.1482759082680642	3.708748467070505	4.493227108436869
LRP4	0.2950213992331337	0.4933830101648053	0.5611349339269263	0.49945033830673385	0.8741383489277267	1.38294285426993	1.136024889703379	-0.7028196283546315
MYBPC3	-0.3874276988369867	-0.04153893082601841	0.2938453558603717	1.3978022294704018	2.6106357775559825	3.413746384496007	2.628531900385404	2.3432759934904435
ACP2	4.250787039918881	4.326626137658401	4.176506230028464	4.160229251846368	4.175762916161342	4.49057945963641	5.2109674355301845	6.991919502846628
RAB33A	2.489762414693862	2.659737651796722	2.5263401451377008	2.555081473591355	2.660788094947274	1.2926908187974575	0.7788930081832341	1.2493865132566944
SPOCD1	1.6997602456841077	1.9056891603450143	1.5152252026030086	1.5245612319598332	1.4376209141020204	2.1523228248528454	2.5487832515193705	3.536224719919149
CDCA8	6.018359585002069	6.023516380314291	5.922080261871306	5.70965193877192	5.184477795736541	5.6706558992181035	6.12669597127633	3.565969802067813
AGO4	6.400391400025323	6.391736458731662	6.453634716301962	6.34581410309903	6.150856477712536	5.2730485520707315	4.7610409391481046	5.198848952276768
DSC3	2.9594827407213167	2.9444797991165235	2.9786505414891264	3.148993488092886	3.0400447446056003	2.6361760586652423	1.8144201698475622	0.5424332153853589
FHOD3	0.25972251156158854	-0.011151439420431286	-0.0891368864188134	0.056518901831718454	0.20467093796288116	-0.40041827132040886	-1.249055472685551	-1.8217539433256376
TIMM10	4.31435400738256	4.328478457154068	4.306074419114408	4.4827259994782604	4.408111874527751	4.10248537186011	4.0181185689266945	2.893149651735199
FADS2	5.268213036732101	5.532525709565773	5.420152395299524	5.45398025159979	5.40930575943816	4.7457240926210496	3.926011580039228	4.406416474923507
TCN1	-0.07938741873796751	-0.055716912602188806	0.29408599435199034	0.3231087869714371	0.517513357218837	0.595605364297087	0.4339655059905959	-1.4192242882592792
C5AR2	3.2167097284102026	3.379713789249525	2.9933353695110867	2.670589992427483	2.3451165111200094	1.5809320352917722	2.013983647999189	3.6955248806241983
PDGFRA	0.6856371058434682	0.8495288447014688	1.8517363878140995	2.608488127957992	3.0114878886918195	3.6859945874444073	3.041179315452913	3.336073599433827
COL4A2	2.872795611904329	2.8800224182190117	2.840618220582467	2.9278942240022965	3.185568571537531	4.276494972914337	4.836830338867822	5.316953298211878
BIVM	3.8723171555681253	3.6535823828834624	3.5883509093033195	3.6899585470686374	3.4857919152262244	2.8661102972360197	2.735766017511471	2.4723942120733233
ERCC5	5.866331695777173	5.815800489475814	5.7135645162522515	5.675928704633524	5.231087135468572	4.64322218666419	5.029803664429217	5.359790059199339
KDELC1	0.8211715868607872	0.7826003297427796	0.8819009041350622	0.99547046830072206	0.8042709107714248	0.3085511346686716	0.4944282177388769	-1.270241226139544
ARHGAP32	4.805014653990135	4.87878389171671	5.007682742026766	4.926837160164302	4.739705519047446	4.259360826654385	4.375000566452991	3.5288415228633356
ACRV1	-0.09319782714606403	-0.25152306823380854	-0.4436258074683654	0.21668770618257843	-0.16415922357826934	-0.01785858278683266	-0.586138310058668	-1.3231126961993347
C9orf40	4.123997413804037	4.098371445640989	4.148331395543007	3.8865579403738977	3.6941713542668166	3.7215849219426653	3.680353697583673	1.9287036873729124
CTSL	7.6013097218526635	7.50824360482059	7.332211127968367	7.408115559966263	7.307540583670312	7.456715002686172	7.9246515995364	10.41406918547403
TMEM2	3.469621451230947	3.4335104976122977	3.8824364543550103	4.801703335055482	5.460578406290161	6.408130848185079	5.9036278760690735	5.736996427167972
AGTPBP1	6.001619626855866	5.942865324032621	6.035408300080801	6.1445634159983324	6.180638134475194	5.8442017793187215	5.240290837110377	4.589357031052907
GOLM1	6.824130125240306	6.804892827215662	6.8644740087173535	6.992828926799327	7.069415006289085	7.645365870886868	7.954805894339177	8.587214840315
PSAT1	5.903483440186931	5.924788209043466	5.855194720673182	5.893321378340678	5.790386286187345	5.105298136401114	4.378236693290001	3.743776048795252
ADAM19	-0.09191256090259287	-0.15931865917467503	-0.18017568590821342	-0.19550736362587684	-0.03154978415885229	3.8742916340842095	6.031471011047067	6.955328989014733
HAVCR2	4.785896277965655	4.752284830979708	4.333224711491409	4.059584944476855	3.7198668600617486	4.566711233717247	5.683998869214129	6.484284022197089
USP30	2.5999983193891585	2.6806882710528486	2.6690434296612215	2.255657102700421	1.9639995306486822	3.94814616204358	4.330994741443357	3.605027806371884
SDS	2.047116506964625	2.2015448915232705	1.685947222243623	1.2841769110217949	0.7535946265274182	1.421762397577068	3.2457747691062835	5.097528440921641
TBX3	1.5453412188548006	1.5678622903974941	1.6369622657582914	1.137727178686513	1.1048814970229701	3.704303556433743	3.238308420517865	2.578841771329065
OASL	2.647027577911114	3.180106542034241	4.7758999833022555	6.097049447761641	7.181371565564789	8.59839506299473	8.19601084348865	7.932084391976077
P2RX4	4.934979135330616	4.987865822297723	4.973367701021302	5.35342722534233	5.8553826556212965	6.519326516570288	6.673859025511512	6.971470790257101
CCDC64	3.3834378036124155	3.4056239699256476	3.4955081876879865	3.350422892028263	3.0137204513143265	1.6451912422850978	1.469846687514989	2.0931533527730855
DTX1	-2.9249146097393863	-2.5369724368874724	-3.4730400512863673	-3.445293788481795	-3.468747624195073	-2.8643405348893722	-3.5232755319803335	0.3969921979681281
TRAFD1	4.627644574590702	4.635892746626946	5.190544441399436	5.703310732532765	6.262307194858986	7.966678506842246	8.27072349447166	8.257086711119433
DMTF1	4.770477751013962	4.727705324489579	4.689232078051652	4.600013946349322	4.6898272684428335	5.88717156745564	6.084244805010626	5.845362141678921
TMEM60	3.69226987201698	3.678408784004529	3.594350915294547	3.3117990761266034	2.964454062216378	3.9581837090849827	4.400351085785684	5.023412542775112
CD36	7.65690916736995	7.505998452317537	7.401889620447374	7.322661627524413	7.210168055586607	7.151411097406792	7.639403984114602	9.443977866394409
PNPLA8	4.4970473632060965	4.485003238155164	4.732249142005072	4.9795630911889734	5.1064664428138204	5.168278803431738	5.0150481452264994	5.558375411560943
HILPDA	2.9402122278686216	2.7282439800270875	2.4960322625475833	2.1111934327980957	1.6808066936775967	1.2604298123841218	1.252753667789223	1.410632716940605
HTR1B	0.4076326101208438	0.13920400693831386	-0.13008564823247643	-1.4130594114567638	-1.68561333745708	-0.6838144951741759	-0.39991450199799994	-1.4262646513851185
KIAA1009	4.117605195352219	4.0106982887609135	4.135487398683955	4.470683442853852	4.200939949968069	4.7423270047247446	4.719378115200465	5.065504452890647
MRAP2	-0.24474940513513582	-0.3759209002752901	-0.43512562925373366	-0.1454462807269225	0.2835445379099184	0.11055726748203037	0.32318196795679593	1.5785323504194118
EPHA7	1.3064002196375755	1.2937954333000914	1.5321689530195006	1.6285692927031528	1.9176474600310685	4.490096114676181	5.588296478506491	4.065380073957728
AKIRIN2	5.918504652844127	6.016335434970788	5.768597391109355	5.4206124304235415	5.190376007226186	6.203226313012207	6.9090827572182025	7.354463859986874
LCA5	0.8434512523104989	0.7828945563188887	0.8582860708454831	0.8024187199921862	0.21189281734958804	1.959901397604435	2.265273248898422	1.4140412086898273
PHF21A	5.196844685866732	5.3423711094752555	5.19911940065599	5.154778705728147	4.7272443254677246	4.720387791414329	5.061371592759343	6.176223787057443
EHF	-3.3783971944356272	-3.0279034426944293	-2.0316108266483175	-1.5224171582498547	-1.5597312700703396	-1.9799150658292493	-1.0297655285987795	0.18295403616026856
FAM186B	-0.8178689069103283	-1.1779661927524556	-1.839637989031948	-1.4064991178401376	-0.37805501918228274	0.43838000095041657	0.4243772846984084	-0.9358477270382919
CDK4	6.687972339456073	6.78116663701147	6.792587343435308	6.882874860117401	6.888329904457455	6.431503522127521	6.051658531045552	5.50049237411546
PPP1R1A	-0.932292386282773	-0.05604859571277344	-1.4853440107837077	-1.649474586638426	-1.572060201005505	-0.4136023987900395	-0.05423170408128432	1.6347047314464898
TROAP	4.350392088188904	4.503734753453859	4.433191467028097	4.336302859725766	4.076641288782793	4.05523886092783	4.202596643381346	2.5184342488211593
TSPAN31	4.226027430880967	4.218870856582194	4.310132780030247	4.315225723334189	4.43073827980378	4.718734931336439	4.859030314688445	5.262969142559223
B4GALNT1	1.6351634477970083	1.7869523514616592	2.0073653461147956	1.9292681760037844	1.9762850587197014	2.072298935978183	2.2634910510016715	3.7194462780331676
PAN2	4.327008896331652	4.469184109614474	4.476198719171897	4.500300642630572	4.636440388619253	4.616020420425116	4.5624883160426615	3.3158644597642137
ESPL1	5.728645497505429	5.8559566950279365	5.878815448201157	5.789945047348028	5.8243051261946475	5.595877363545083	5.871134333363785	3.021288743530115
KRT7	-3.538313665107461	-3.405403400254219	-3.2285361522482017	-2.6071047740512148	-3.0042774884422867	-2.1171889402244357	-1.990461026402297	-0.9798796221076476
SLC26A10	0.5137310962794029	0.6523224253757536	0.5590678404098484	0.6577532961165149	0.7030168257589856	0.7500321123239986	0.8841836620663583	2.1131716576424617
ACVR1B	3.9145471782019032	4.051599022827286	4.243190026846873	4.513375761933062	4.520570218942235	5.233811909902593	4.7987623361056215	4.807033766907487
OS9	8.141728184215133	8.198374348284018	8.124115858052015	8.29094935218766	8.344336610456413	8.477699948167578	8.564550785629418	9.259499590173714
AHI1	4.408800167068222	4.276125801243914	4.270907241735716	4.401235740595256	4.213742379314143	3.8149313816339556	3.7362634189802657	3.1235341442066646
HEY2	-4.026994895130544	-3.6420997696154886	-2.859267937861504	-2.183782432303658	-1.1970944898348783	-2.0838146461879927	-3.278578337402651	-3.6808355938479043
STX11	2.5490255814850125	3.0725212995469526	5.002757718229864	6.132426801058459	6.675034849886214	6.933786006758691	6.925454095722701	6.719836537836663
PRADC1	3.5537391760693984	3.6045228780601155	3.7055696151142694	3.5293497889548773	3.609724396832375	2.929513363058858	2.73734969956349	1.7553480332726048
SEMA4F	1.1157577735805237	0.8395902815033154	0.8361007793894423	0.6871215274510372	0.5134284030347496	0.26425241158470697	0.7991195693066786	1.6211276957560754
EGR4	-1.6592240891051675	2.5004245851631772	4.2884773534913645	4.033934645513301	2.9552275532220635	-0.06481603121744417	-0.8281434560114408	-0.4844708415785774
RAB11FIP5	5.356987660039804	5.3285618723745944	5.178275934729346	4.889307024834508	4.305794290737049	3.233521022630661	3.5184167080661695	4.150730652183
USP15	6.611619076070195	6.584222121183039	6.673686482371026	6.786113075550181	6.811126311402779	7.6727003303445205	8.011475766579736	8.329045705602194
GNS	7.869387425037804	7.854363664045124	7.796642883362317	7.801482767513172	7.8269483498149865	7.889828880120598	7.998848465678014	9.507711347284776
CPM	7.167141278754407	7.1900052492899675	7.201653674093228	7.303184528434639	7.346910184810847	8.058724981265037	7.817107703963308	8.036101157595176
KIAA0513	3.0495968307833303	3.0222091845976076	2.8146786283537937	2.5344479216078524	2.2170351669499873	3.593984711202687	4.512359675052493	3.885908215683407
CCDC102A	-0.6958966400873516	-0.2719282538686959	-0.43113415927444715	-0.14159907120193965	-0.14162295104121994	-0.892015722429494	0.31370274183616786	1.3149939927879495
URB2	5.937594844920898	5.800697932621167	5.790163118469721	5.601081559832297	5.538881570745174	4.651122477164419	5.022562003345595	4.7263312103776505
EGLN1	7.639070614737549	7.641695703491658	7.769681362718828	7.570568922352585	7.3064294779692185	6.366612982732937	6.150645160647805	6.334556816357323
ABCB10	7.562944535225485	7.5819880188586515	7.6664239913456225	7.62969680905093	7.640442738428845	7.248524696925815	7.034560698750577	6.430762955668163
GLUL	8.277152883944371	8.570370358157795	8.673394358104076	8.84104866493644	9.06891880532423	10.62847055474971	10.732687223029178	11.407176582144928
KIAA1614	3.4981956458963555	3.571796596196748	3.4745887856121325	2.9935760109040466	2.7206657386226833	1.789663366940543	2.01069133529177	3.2707106302490407
FAM129A	7.851884200644249	7.774579949832097	7.7588068647791255	7.874329979358999	8.240630268780713	9.323858451327762	9.34588810234619	8.39574468622062
GPR55	1.4020733619802221	1.0572954028798924	0.8183104395433751	0.3484912465975231	-0.25579146750841353	-0.69801087978256	-0.3671347399460073	-1.6509631902812698
SP110	4.68944005064348	4.860503021582554	4.828402286426969	5.175375444176412	5.634818488405994	7.840249969387971	8.418357074406291	8.25574845997709
ITM2C	7.710171796084039	7.748367658203852	7.678635346615414	7.690040638422853	7.737627307657261	7.784105702125473	7.712496670621018	6.186287575378573
SLC19A3	1.0047220280206464	1.0226611237710328	0.9896626820655727	0.8656995241298923	1.0926289784771928	1.3516060356611121	1.6044340704599627	1.4872697355193434
SERPINE2	3.1840355390822306	3.3995501167452513	3.762041235946046	4.5225011478574055	5.719987454977373	6.848901470699529	6.7672268655877	5.063418396201281
DNAJB2	3.100913740800796	2.9290616028794023	2.665991308648127	2.62458978153494	2.5530323187276958	2.7107059191014438	3.0671611870658104	4.480387665671886
TMBIM1	5.2080599870200865	5.1476816053185015	4.912516990338892	4.916371358927202	4.902307432728633	5.513647537321235	5.813236956253486	7.120068631191913
CYP27A1	2.9489576228166943	3.1056111827587447	2.8633810146100345	2.8443262257054194	2.664946534484083	2.4139269383119855	2.1304272055848	4.404490644461073
GCC2	5.687165242231778	5.5064834207382685	5.524828526862043	5.511920611184351	5.357193291186221	5.5342127080213235	6.108643164771319	7.477731806117939
ANKRD36	4.922484035391175	4.911373875832865	4.9929232239614825	5.003332875553777	4.956082289103312	4.596835483690379	4.271775804669391	2.857425259136548
SCYL2	6.448708501152576	6.340967102056281	6.390307987266964	6.420565915988157	6.533894641304627	6.91302851084836	7.026955383856206	7.640048057435474
CKAP4	5.536626126835166	5.629334961738013	5.582892169762214	5.656625264688952	5.78394450214345	6.704996442957688	7.256985785148076	7.253862572051746
PLXNC1	4.465173748619395	4.469779590896087	4.311457017559227	4.1748824106530815	4.125094893101771	5.088031329849941	5.692051530068976	7.98370787994874
DRAM1	4.4015236005152385	4.44412267938203	5.196017491881122	6.488102334597521	7.552218868138001	8.45916698377907	8.390952776911545	8.592776856338958
KIAA1033	6.695863353662244	6.658919782432074	6.691184615417772	6.685318791242656	6.674988839953565	7.4278165565044425	7.760584835543396	8.539797273663122
SLC41A2	2.346553992888666	2.087299466513998	2.1737329597116006	2.267142070630724	2.832878800955365	5.318393378169934	5.741836837330222	5.5999768423113405
VILL	3.0024937503215745	3.171291031995406	3.3870853554269305	3.8306232290513655	4.133893717051251	4.018560319703941	3.8496294322875846	2.7581317465818738
FLNB	6.848614169252535	6.893547132877051	6.967412288330501	6.999188801874628	7.101148655194621	6.978283015866885	7.116927631436399	5.150733869753038
PCDH8	0.6543772129769705	0.7317050029837967	0.504071397868465	0.3392190152618291	-0.27837602451588966	-0.19042134451512124	-0.2112041389513532	-1.4875562806441907
RNASEH2B	6.652566015278178	6.665416877994975	6.754321958008505	6.810902891913868	6.703731665883802	6.3280113102325	6.495651436568441	5.370190973237824
CKAP2	7.31664696903925	7.243005788752285	7.215495787964292	7.129252471403152	6.690119482882635	6.883660195270345	7.339924723481822	5.500595020885445
TBC1D4	2.947967208071791	2.884112349909339	2.747567169546054	2.560480006970865	2.1230253191471387	1.247860652668089	1.910975640117786	4.132255949534555
BORA	5.196840468135111	5.213191225684648	5.199931310725569	4.985339356867122	4.308603088718121	4.536153215585829	5.08370364808515	3.9641973930663004
PHF11	4.033582853844861	4.0820565815027585	4.016643589957204	4.153731183797837	4.40918236219258	5.864705049775479	6.365319573197414	6.242213715490456
ITM2B	8.164833640162191	8.158550334803621	8.125678882146595	8.126201665748177	8.167363010915153	8.519468801155003	8.645081286430873	9.246685127650185
SPRY2	5.496541945148902	5.6566769297293735	5.300053105529328	4.378552025233993	4.377990432668385	4.893572496790778	4.718416536911123	5.267995897733401
EDNRB	1.6512723483822866	1.6982032725143783	1.4328347717042678	1.2336147449006343	1.1418802845359657	1.5903613152961995	1.927953869092275	3.032986940018274
RCBTB2	5.530753559790689	5.400856940360031	5.264147633517863	4.922026630214546	4.6802933615782845	4.94249180793051	5.924741141988886	7.726539164807926
SETDB2	6.042597654008335	6.030800308740785	5.993021851511956	5.798907096693137	5.295723627325377	4.419763880143739	4.728991458343289	5.693312818628723
SCRN1	3.565995371861149	3.5962152031264027	3.3914124631298037	3.3464867450905302	3.220860417586236	3.6172814108872666	4.427172460321021	4.887422340882334
C7orf25	1.4361188141540142	0.7901673445701398	1.0096218329232178	0.3274490843918747	0.2803565422356358	0.9073939568125267	0.7236423448172882	1.4798087911100555
TNS3	7.7819812208826376	7.781634468824076	7.697234934983749	7.576794372371805	7.410078334312344	7.862739216887324	8.315508210940605	10.259333400380317
CHST12	3.9914487454891203	4.1384951995198485	4.226075581777014	3.9730771441186947	3.906017587044061	4.544647649478133	5.388139692033668	4.806652143856295
IL6	-4.269858915217961	-2.248922107783561	-0.15335317485317235	2.2017092039920843	3.9273106208662707	5.33157401237238	5.09765061539297	4.52066153668981
BZW2	6.236881750531911	6.163179157707826	6.301744254631135	6.4368443438403045	6.507521288373815	6.2455222411491125	5.764002121111034	5.1979870997240045
DBNL	7.183591880637575	7.218470097271955	7.187194180704164	7.23224687665087	7.328269191811965	7.625423600207382	8.002061805658087	8.170910071096747
MYO1G	6.393232312231181	6.565277496495641	6.762550450792968	7.017390941999423	7.609186414223744	8.58802495301075	8.798975036170104	8.766777346340902
TTYH3	8.197682933019959	8.370755060687223	8.339621706018415	8.172557387042382	8.270155756500154	8.14628469924299	8.008692917599724	9.221104525569466
CIDEB	3.7961676611019	4.060375414155038	4.0402855797009884	4.039819061308696	3.963702239542279	2.944925940264141	2.0231472066340728	0.8224755453973748
ZFHX2	1.8002485289479278	1.668658537807624	1.5731555882583956	1.447635445632652	1.9423521974722129	3.5145685638414905	3.3541688958306484	4.575486178667356
TM6SF1	3.6805348015783617	3.6122421804062395	3.4193207461659822	3.204170588726906	3.1042381816798135	2.717603221241169	1.8760397947204863	1.8393593355631737
CIB2	-1.4339603277649156	-1.7075655045043017	-1.3622052351889613	-1.3328804204318954	-1.1267815776926973	-0.5165715269299849	-0.11470292478288849	0.4527318783504065
CALCOCO2	5.949603317660674	6.033290147541775	6.042851167500742	6.273863138575055	6.410389013517148	6.815599551869349	7.024375043101613	7.3214497487328725
RSAD1	4.026148025676742	3.9099601336694683	3.826627442846939	3.5238048752645756	3.261070581770716	2.4774482685017203	2.5126233655988885	2.0931070014161564
SRSF1	8.541505553871062	8.482815986542823	8.54791005735101	8.640829558323947	8.645646229382233	8.32316700950162	8.012082292830184	7.483217635250424
CHAD	-1.362424967562818	-1.1141796161372168	-2.594456983085604	-3.133576213298851	-4.55119625979765	-2.1080774165748206	-2.5068532901799365	-1.5852622007888804
TEX2	6.590714848086729	6.494435560454846	6.476534984746639	6.422415868561247	6.143446245996038	5.171009306769448	5.50337982458016	5.172087301222399
LIMD2	4.046732853048325	4.205419233880692	4.315545694939514	4.440632237413698	4.64642940849802	5.157405022883995	5.323534193077355	5.856815521750745
BRIP1	5.748481137953353	5.572524498953539	5.632710288245681	5.609178299826186	5.374528903574237	6.461891005470001	7.357333805890136	6.427516214876366
RTP4	2.3122715086257455	2.3055296257177926	1.983155778467156	2.264428040879672	3.306184983383722	5.16896374633035	5.301249304680935	5.445638192300381
ACTL6A	6.047289759787372	6.068609177689895	6.094462611854832	6.214391802412921	6.123092567057381	5.674774765961626	5.394710373402555	4.454258785800459
TANK	5.181251718586537	5.257311143795784	5.784028868054039	6.598323271382127	6.974327667732368	7.409687519688715	7.605978500164005	8.073895498286857
SKIL	6.105160784203909	6.291016582204576	7.2307398311947075	8.274314556951168	8.821471046426081	9.04057564034608	8.536776692151442	8.11039207926342
HLX	5.528010631449769	6.532229051483229	6.586924665147825	5.861782156862255	5.38624419667267	5.880336876429238	6.7450375169965495	7.490042671059437
RPS6KC1	3.96408363820729	3.9552469109804647	3.9539606788966735	3.9998077659643543	3.8076989328918542	4.887493125368009	5.0166431436614705	4.87763556943947
RASSF5	6.408069679325251	6.564516587576573	6.9255413513097155	7.800831165346133	8.52577742341205	7.57749594643424	6.958507515441029	7.907723641324001
IL36G	-4.067977350234309	-4.55119625979765	-3.7861968019029764	-2.9466929699507824	-2.1254411823083146	-1.6103973589612386	-1.0936327913786912	-2.6813381048362483
IL1RN	4.807191492442819	5.555541654547017	6.163899352080193	6.482110771292058	7.316942499145759	9.247939863972388	9.665200294119849	9.836653399345714
SMPD4	6.531683342491082	6.671715919251385	6.678454071386315	6.6496961071448535	6.73564093317121	6.3623866023799565	6.244720043956099	5.4070872753420485
BIN1	3.856753054187081	3.679498922183372	3.6852163402253564	3.823750953415656	3.914881803617021	4.968388206870481	5.223132400118031	3.7971849904351997
HS6ST1	4.3123353579727155	4.489342369026847	4.601573720864449	4.402727992139074	4.234401490649711	3.5823593355251737	3.8780683148839454	5.453728214450976
ABI1	5.879762996898637	5.811154439392169	5.865141008660434	5.906189888790842	5.827097965157112	6.0742237273484605	6.577063460964894	7.313051086542798
TXN	6.849858641416441	6.84145593245796	6.968903330132747	7.051691788553559	7.295091786449648	8.585124044524852	8.95637548333194	9.569864498414368
ODF2	6.639595640502121	6.676973844890145	6.662062706597469	6.83273781522322	6.9025337722390745	6.661300110521491	6.406504191832726	4.7827404287907225
TOR1B	4.29207737878415	4.285733306903967	4.056855980985803	4.075308622207752	4.6033125356674915	6.76048152170376	7.244967247771802	7.3509430415749915
SMC2	7.286172925206933	7.229121764368686	7.318199994265768	7.360777739871727	7.356126707675262	7.082302860026821	6.913625452746908	4.868197069064973
FAM129B	6.171720597855366	6.21108729550482	6.152175513249389	5.967115300379259	5.985049485512565	6.1415622693298975	6.489930251417114	8.31719244242422
ST6GALNAC4	4.704880262465885	4.821253036393128	4.771089244528615	4.605126285139338	4.460367966150721	3.619797595924302	3.213242904286691	4.465023741642518
TMOD1	2.842772335899655	2.8034399919889252	2.9295325750204944	3.220071524282927	3.157520634739938	2.083800541099997	1.1952063239512274	-1.763555890069119
SLC2A8	2.326944767586504	2.4849792041311796	2.342582540494319	2.162897607093349	2.1374236059104748	1.5235721248740575	1.2806347136613843	0.9944670830955888
CDK5RAP2	6.9540671152360805	6.9022058688809125	6.940153820869405	7.015101885987876	6.969260589429073	6.501012474400577	6.64174129122786	5.743452994325898
SLC31A2	3.0416546284679633	3.3108006909709475	3.943026171147003	4.687623700997397	5.300671058451838	6.393098967497352	6.7021575257839565	7.80332319670711
SLC31A1	6.307850917466168	6.265932437299071	6.1384222890062325	6.091394984187188	6.089571205807139	6.185011010400333	6.347849216790646	7.641129656741307
TLR4	5.880447118958133	6.125970162364123	6.173806410082035	6.043473237879705	5.943594322258856	6.721292787574684	7.4127723267671755	6.865254013700411
STX17	4.453244835028582	4.329051380189998	4.330082592787353	4.420187970751273	4.414573504012363	5.7918437594682395	6.2747384523572745	5.836882467965877
ATP6V1G1	5.7815204400541305	5.7580848720663305	5.771797021559047	5.875249561982761	5.823519117451208	5.656288778317288	5.87598535467477	6.917620402465829
GARNL3	0.3495894003589409	0.18358875887803228	0.13686213377077142	0.3170792807350789	0.030305919179277357	-0.9568626504764672	-1.1895105496143659	-1.2015607672676738
GABBR2	3.477030768425747	3.838640251530604	3.7447878818249247	3.928139614819952	4.030740815663755	3.507588401955142	2.513398061776566	1.60554855524858
ANP32B	7.9191947742382665	7.8848715407297885	7.815745968130499	8.048170845869667	7.940570574475068	7.244241583469256	7.083028011556617	6.181242628237858
CTSV	2.864291674953886	2.7587228841645954	2.8115527439942714	2.9960982703158097	2.9965501548314166	2.9134518922716666	2.844395594735639	0.5388737163545307
LMX1B	1.4102776826932815	1.372276412269104	1.389112027271029	1.25168861491172	0.6681001608838999	0.35996470975753386	0.49387486415857185	1.062812948170158
ENPP2	-2.623758921345921	-1.9338220651409106	-0.5485852138221519	0.4094762311476001	0.6780214655128692	2.5908023820189108	3.2253635983365534	4.171989388703584
DSCC1	4.81588743071387	4.604359633300039	4.781637961112447	4.705155595987186	4.403335179226656	3.708859881857217	3.7597834071884035	2.05175539841312
MYC	6.732936436000724	6.629537127590915	6.140926707993683	5.675759417208459	5.265104300971337	5.088898007901842	5.535043048900045	6.274394887660595
IL33	-1.085400822438802	-1.367643088199396	-0.8407683054637368	-1.1533983356200828	0.12025055133481422	0.8327612522381833	0.25410712599728735	-3.522296093322468
TMEM261	3.478115400081828	3.384733751423304	3.2878313052941106	3.5018731849289835	3.394058397647425	3.1766546174674666	2.9706912739650164	2.193038519946704
POLR1E	5.474095333711482	5.354145099082221	5.312351494318278	5.271289285986138	5.0310185802388645	4.255528986224219	4.210563855207311	3.8541798213466745
IL11RA	3.3304853106316927	3.343154443631722	3.0226608061757747	3.085001574057345	3.1377858046898686	2.983364550058428	2.6648489451856987	2.209196989240203
SIT1	-0.14044310789319864	-0.19821493516524738	-0.561695699539029	-0.855921533308295	-2.041964744845117	-1.8849985550421677	-1.7502160836921536	0.14939768161419853
DMRT1	-1.8757078531933462	-1.32666181648414	-1.406165907198716	-1.6640984628506268	-2.3079101745874784	-2.274589583954185	-2.772002178489538	-4.551196259797647
SPAG8	-0.3133434659203231	-0.6414581792165173	-1.185451888845166	-1.403913695002824	-0.9711616343388775	-0.9956470145064069	-1.4008944473282026	-2.6198313882066904
CD72	0.46357618984148574	0.24508389286013987	0.36537478362297526	0.24167965525179688	-0.04145026252017697	0.1698435424630807	1.2088320092330755	2.2249592332375503
TMEM8B	1.8341530053859776	1.9441689600391743	1.959903686547533	1.8641749132759058	1.805419378012385	1.5309930233577953	1.1472459530452719	0.3111604860594046
ALDH1B1	5.811684775035985	5.777607014150345	5.902326088349122	6.053836997833723	6.154345630946072	5.294582511801601	5.2950165984428335	4.540644273086432
HINT2	3.6077270721571137	3.6226599844321905	3.4954052933408892	3.7182298967795213	3.697537134232305	3.4568723796856444	3.3911429814692893	2.375664026646753
ARHGEF39	5.47200022574072	5.4017501229551375	5.327781459018713	5.122344704794176	4.665281761142943	4.328429549705743	4.826552940708455	2.824341113293197
IGFBPL1	2.265918080202499	2.317908583796088	2.5331524230592963	2.434564918190663	2.538461190028646	2.479422932219636	2.512205339561222	0.8611264752403625
RPS6	10.132920907204916	10.080655686923198	10.0775118651351	10.27396186972289	10.316926094092615	10.312881645756896	10.108796989607693	9.008913258360547
CNPY3	7.555082564415603	7.586129995745864	7.536702643743433	7.6074016240221125	7.63256902001531	7.290767569182451	7.174681932302326	6.456388071982143
KIF13A	2.4104249002762144	2.470370367049325	2.197329202841253	2.1167178517816145	1.915419236494341	1.880414064806246	2.601592257779561	3.9914620799322362
PIM1	3.718178592269495	5.18756342727143	6.135973098919095	6.47192304557047	6.42458396485981	7.075771275615582	6.625036097839118	7.341937184120487
GMPR	-0.12348469871349288	-0.15236281497518972	-0.3364780394276248	-0.40201227420845553	-0.6548734960728283	2.0182409948786515	3.494917725352184	3.9517920812361
CMTR1	5.882944999629517	5.86713525279813	5.766277581020953	5.839510048721624	6.057958559047246	7.543101032258637	8.020818611376603	8.195731330312462
TFAP2A	2.125342660374136	2.2683457925163943	2.764725312216191	4.521532601653439	5.952633138510037	5.44924357188853	4.805219864637301	5.246101997308571
TMEM63B	4.425303558771641	4.506448668697743	4.564966475799476	4.8545530124045	5.444028951854802	6.582025780937862	6.707248867497568	6.1780501755660975
CAPN11	-2.018441772868182	-2.4534838878518284	-2.2119927880234602	-3.0517637894967753	-2.343249868977219	-2.56118003234668	-2.4662865383643973	-4.551196259797647
HIST1H2AB	5.130617131961195	5.127039394635926	4.923318089243194	4.720907451597272	4.90543010912469	5.298404754108917	5.556810373349899	2.4623589119085305
IRF4	-1.1293821271874376	-0.9368749663804552	0.9300613445359918	2.629501380000786	3.87389009517252	3.8329718850738397	3.4124301540150306	3.072608749056969
TUBB2A	1.0109164335669574	1.2035289532644753	1.513192661312512	2.548143629427125	3.2027276079259464	3.7529595049042923	3.5178279974640585	3.698583747228173
FOXF2	-0.5698870683670524	-0.4782701124819522	-0.41088095598747765	-1.0559764144090684	-1.312334318352431	-2.1354984186943233	-2.009263462379233	-1.658191184817086
RIPK1	4.314690136010643	4.274553060679881	4.409505860061624	4.91441057362789	5.331895992269413	6.49236790654718	6.251940354402258	5.934622809979091
UQCC2	5.356044107786194	5.373925418574811	5.316739221281612	5.426935535808866	5.421919826313591	5.199470188277068	5.128003522525972	4.006893469536934
TCF19	5.632437281888917	5.596308333526419	5.584115316070756	5.583201448953495	5.486027771803471	5.449973035269217	5.40723341454763	3.1968624946477116
FLOT1	3.48262916270309	3.699699054348201	3.886743152364204	4.225867638341857	4.429093261203462	5.0390244522470296	5.1728455426115065	5.365323238488454
IER3	-0.41362503270612794	4.255859979712776	6.259240415515229	6.064776876160096	5.797652086478843	4.333876132106438	3.9747493642896456	4.719419853589501
MDC1	5.693904665314328	5.769064324270369	5.811578525622848	5.895353742264203	5.864224786737523	5.569077744956024	5.756555551929228	4.408343680897932
TPMT	4.145364035803462	4.1540533591859194	4.209278587434508	4.187771108001773	4.255831871249642	4.530706071424726	4.68850061397502	5.827895290713011
RNF144B	1.1909090927699566	0.9570987659332955	2.073172079231507	3.601938651754019	4.833583579884612	6.142509030491686	5.795882007744034	6.242682630819697
NRM	3.153842310945789	3.4478915378612665	3.4824571235502737	3.402630718230782	3.295657647732105	2.9876214170001028	2.949391881644183	1.960867598474502
VARS2	2.4432131896991054	2.455576247841966	2.372384808906815	2.415746358501081	2.4772216406579743	2.3584622204104226	2.019762213438388	1.0732911895558597
FAM8A1	3.588198994494963	3.5667932934372106	3.7026225910510022	3.6172949102132304	3.771195310484778	4.471656620077631	4.604379792216311	5.55397568373703
CPEB2	6.678959681142174	6.945275290515919	7.305708739472577	7.37299279889328	7.459488604425119	7.800318426664539	8.069592604486882	8.472091264273672
FHDC1	1.132477661216871	1.0681344943272375	1.0182700297503637	0.7807186059440143	0.7227707777732489	2.486796052816396	2.7951047519658427	1.697439240785074
TLR2	6.596416329537654	6.523736176678144	6.728258390849636	6.904395232395213	7.1170617858331635	6.919928191799848	6.955413062961801	8.717768037130876
TTC29	-3.2208367253587875	-2.870032556104837	-3.4664501529642724	-4.260144718255706	-3.1850650397549636	-3.162368217434797	-1.5074615660086224	-0.8532152678355238
MYO7A	3.0349783705966615	3.0369317810060608	2.8997715207662305	2.7405464475789625	2.5031267251725504	1.5151234475592477	0.9394628089342086	2.2795467699771734
SLCO2B1	5.058114783808948	4.987835413584994	4.625175068045887	4.146222628365999	3.678505562636292	2.4588752671527665	2.0571544691083354	5.417651618647723
IL18BP	3.926424362889584	4.067530205824917	3.8265511915900268	4.007736192753413	4.452905151166462	5.734383299411163	6.07633061181647	7.109358957460825
LRRC32	-4.026994895130544	-2.048818209866843	0.516167628298186	1.7419836839445635	2.4220918591718545	1.9601278616929672	0.7588912641434206	0.7576183406660788
NARS2	3.5171337230824804	3.5285811977705976	3.3958263471257175	3.3992560860808574	3.186652040412489	2.1774294234267506	2.240308861874509	2.033571615345073
GGH	5.652189435242619	5.558350133788345	5.680957396218586	5.7214782514801525	5.780230742830865	6.043279280424045	5.979579203310703	4.593920604928963
SLCO5A1	-0.7149988951088466	-0.6846699666671042	-0.33438312174643997	-0.4020122742084555	0.15860607808985822	0.3987335529107332	0.7265697905168069	0.7689879975045962
SDCBP	8.274051706965398	8.265624974953065	8.552581678535407	8.880529501336722	9.129815326929068	9.602245700702856	9.539877620773765	9.77319939669863
DDX60	5.689385536430931	5.6818715886058815	5.683530361179254	6.055565456711465	6.6324048729161085	8.626974202091287	9.097424645203699	8.499824487966045
SORL1	8.05081801931117	8.019163947604909	7.995230084186488	7.899773570819424	7.978987369461087	8.239256979870845	8.362765270943576	5.051684752763215
SLC37A4	4.691664300995976	4.6788975257536976	4.628389949381615	4.5316297755871116	4.5055950253352535	4.164319411168902	3.8546690525830885	2.9029074531687407
RDX	6.753993889868491	6.661935313129716	6.616976551175853	6.678484779126139	6.687715217043289	7.004349819523368	7.111604830338895	7.890970879646513
C11orf1	3.3681427713354606	3.3433073697932256	3.380176005736254	3.4318127951771737	3.403073201062166	3.3608169551851654	3.1559724304157197	2.9253013195461204
FXYD6	0.9794948001498169	1.078646621732636	1.3594077960249993	1.8835852474221708	2.5807470681053872	3.932516214919711	4.525696355953	3.9952321543294502
ARHGAP20	2.5044202958253745	2.4664182745465846	2.0208226249807404	1.378993833251254	2.0343302494243467	2.8266694657707165	3.0784135570002946	2.948704008295976
FXYD2	-2.0126990429554286	-1.6355622800132483	-1.635563001235996	-0.9981595259601623	-0.6203835376280612	0.6359445747034372	1.0696614966187887	1.139335107842741
MMP13	-1.6283991947681562	-1.6583505511274392	-1.6373365130785595	-1.465499151337668	-2.2684275148603135	-0.3826680349381689	0.9353912703697986	2.7958776800832483
TMPRSS13	-0.07730133962775487	0.36968585626867834	0.3896459816287732	0.32555390861080846	1.0854564976722119	3.4330797914568896	3.9572133562052594	3.7651366567858213
CASP1	5.544727322461231	5.548279543576506	5.524407915002467	5.664976490921577	5.8578140333160285	7.089002551500524	7.732784534799188	8.36561177310903
CASP5	0.37977484967387587	0.5906423081387684	0.5013076035661153	1.378322981545888	2.005756970890839	3.8917947640130404	4.016847114667597	3.8382884861610886
SQRDL	6.4875517364783395	6.506861818286955	6.596958476397877	6.849953537298107	7.177805818706588	8.25342342250174	8.657798948591655	9.039753687824593
THBS1	3.072484899860926	3.424592964258006	4.144513894007298	4.330144075380748	4.827622722492633	5.647538648793658	5.538501363374163	3.9456808416301143
NUSAP1	7.360139436383827	7.346812948806241	7.35752584482331	7.3822524514150025	7.2224714973474065	6.715054170958559	6.8663482737714405	5.001875458698834
KIF23	6.362763035830291	6.350813463497914	6.358112337666157	6.3194121102966605	5.855956863787818	5.611864106782579	6.138475068563957	3.378427771002227
ITGA11	0.9321360964917049	1.0342689969770593	1.1942844361304172	1.21796213366759	1.6177398464070323	2.220910250616419	2.203778928286526	1.3572324212206461
CASC5	7.343360160861675	7.2535868154000225	7.285652468640345	7.21844564340245	7.049322805942967	6.820136914629796	7.233448491893826	5.103207620387724
TUBGCP4	5.023759954771318	4.956636338549896	4.959041799476124	4.949417515635041	4.974003049578956	4.323885537101936	3.902278436648506	4.089174028545717
RMDN3	4.817748238486981	4.753318496372631	4.814561288623542	4.880266354434623	5.063274210047488	5.565134886101643	5.8780979246973235	5.2657145570353165
ITPKA	1.1222631038424593	1.097526754848205	1.198201376243954	0.9314059728270243	0.5928385186014047	0.2295729619690048	0.25074324555105776	-0.3081968697809184
UACA	3.110070007035076	3.1851325703606834	3.1274983480445666	3.130252856203542	2.8502545983329393	2.0929495517387	2.6491270686153006	1.7358330988318882
PLCB2	7.2172664850231865	7.234854366484804	7.096004947184591	7.037434159352612	6.88964585775069	5.954367833969728	5.618912926811705	6.660792039468442
TMEM62	3.7290462719709643	3.819013916786151	3.7152472035027277	3.5644748469173204	3.3823739150903203	3.7592473489436005	4.176637012560512	5.45969093898756
CYP19A1	2.3752397907981666	2.30219928309182	2.001630910740796	1.671251080817755	2.2291310028469544	3.2094690250603524	3.882010290136061	3.3999826391965335
SEMA6D	0.0729203085968396	0.19067560328226815	0.21708788486203945	-0.07772905532402571	0.8276318179893157	1.9930126601349623	1.1561237176198733	0.5287728578885252
SPTBN5	2.8735882065691323	3.0118524689014383	3.0817885525216404	2.827494422043296	2.968969393618156	3.691052835808472	4.1836171463195155	5.387742261080044
GCOM1	1.8474011446398326	2.180996007673942	1.9776452639403344	2.0113927573682453	0.3658790216865456	-0.5165715269299849	0.08254119811443199	0.09383214893320208
BCAR3	2.4854206234088214	2.4760017429420285	2.5157300690967017	2.5508521141498393	4.056192834869653	6.154171738439345	6.584661836072628	4.607537916893818
GTF2B	4.887438760873475	4.9665847424933025	5.305996922609199	5.674289067930012	5.878590565795941	6.997382910349378	7.036806384588944	6.959624897268416
IFI44L	4.0457899073247114	4.3399828686657145	4.116043650304623	4.097149256640392	4.4455440810637485	7.529554363474794	8.883561594282721	9.937690198981686
ARHGAP29	-1.682872713938382	-1.555680292667478	-1.7454002283470655	-2.327849385969314	-1.8559115319441815	-1.0240793727262485	-0.3129158039959892	-1.2702213646872833
IFI44	4.002241045462477	4.123256369155937	3.980190754357733	4.254709319600963	4.912428416036644	7.186328899191826	7.738952891894747	8.150777315820154
SLC44A5	1.2466050513606688	1.0338928101738887	0.8124283341545431	0.7856265314829274	0.7035235969203253	0.815329767694131	0.19435414754342784	-1.230633197611016
CLCA2	-3.8456261987442164	-3.0479529780961654	-2.954084087987889	-1.5199499034992263	-1.4323781602619396	-0.9887285387129521	-1.4343207244076825	-0.9415810221007337
CGREF1	2.914279340627602	2.8952850936634826	2.9304801390562822	3.00759769381159	3.1173278246984215	2.8714194425741297	2.790179912965684	1.1288766491441296
KHK	1.6417021219769468	1.617998515519301	1.5965374127369625	1.6617018517411375	1.0762024967040649	-1.3049770286759328	-1.6977764625624285	-1.5685124151736853
PNPT1	6.165694670748584	6.2004100631372685	6.359539777054685	6.502609782470383	6.688394382548829	8.02325362234257	8.471001005394442	7.6589076524580175
CYP1B1	8.381709665254256	8.440859884939247	8.378072175311377	8.26009821320878	8.244504159979344	9.88893607914564	9.756273111049738	9.463867186573701
RAB1A	6.95794296850706	6.978816654374946	7.0731988573329145	7.1625855527933115	7.1810988527191535	7.5786926095587095	7.845373177766235	8.377911157860717
EMILIN1	1.5015936245854906	1.4208948401519406	1.5548819350689982	1.3893427487706043	1.1492554719153036	0.3206462135805359	-0.048944240522515114	-0.21538857851196772
FBXO11	6.494575194632456	6.466160362857462	6.503681061504054	6.408134428775048	6.277703561867391	7.01376617481168	7.688893295978501	7.48923977017045
CENPO	5.637992977865406	5.577355060504646	5.606621883535492	5.5061944030847805	5.444277986014395	5.491211966764161	5.609450319902434	4.00419341324991
LRPPRC	8.687894236603224	8.635242756944367	8.748991504055585	8.846130086059086	8.874703230014932	8.504975566302509	8.040150778367469	7.581494461451001
TMEM180	3.7055880780796024	3.795599689447667	3.627300401112983	3.5966481411480533	3.6579002395736504	3.5300178808176828	3.6523143122846324	5.271003714589634
MYOF	5.984317543607005	5.806071045805258	5.828826644653423	6.038326527561428	6.175809421379158	7.716465474620117	8.601469124562062	8.619565487484106
STAMBPL1	1.3027029327980924	1.204360051357376	1.6982244665829271	2.159593260379385	2.552517467159121	3.424999050574467	4.042775767291008	5.989221602017281
CH25H	-4.269858915217961	-4.071629040213432	-2.6690465807550945	-0.07925509066237596	1.2153536585729279	1.2312433314852163	-1.19245839786719	-2.421279371827878
KIF11	7.29338238645608	7.2531284186565745	7.301784262924793	7.212891446440915	6.820776550283256	6.7678500857467885	7.155999686062133	4.735404506349354
CUZD1	0.7476058542419607	0.47250006194271765	-0.004263669438384299	-0.18476804699554034	0.36272365223334524	0.22957701936175667	-0.13611579234216886	-0.6003586668123585
TACC2	3.215170016683705	3.2741831081114046	3.1830180500805563	3.1155686088231898	2.6326391840186876	1.1552742650810173	0.9054347786869179	2.146249868806483
DUSP5	2.260778172786029	3.7647694095998467	5.111179395616881	5.541587208538851	5.742549386330074	6.85037332440011	7.152894357082282	7.466275575720198
CALHM2	3.8664509076442246	3.6364918739379863	3.3624487943013053	2.7611610140484646	2.1817453954879906	1.6650659234157277	2.5713688438957423	3.728712268275794
ARL3	3.6626962408284927	3.5536882794982994	3.5402401214704433	3.6907345389466935	3.4596004463357293	3.1956582414268624	3.0673545078600237	2.460205224919256
CEP55	5.9780256329041705	5.939505117085482	5.935540907871097	5.994236986743122	5.800386746936246	5.6830611696713635	6.15501116741053	4.0637316819494576
KIF20B	7.109884155707866	6.990421116494678	7.053919963982615	7.0696270213883405	6.765426463074162	6.289185185556327	6.749924842669929	5.07799813120294
ANXA7	5.8252399282244065	5.830390567746745	6.00880440223788	6.201769100799395	6.473030655874018	6.903853652992921	7.0104299836291	6.99717462752027
NCOA4	7.54500015330451	7.652766624939069	8.171242221472665	8.58425662018064	8.75315191125172	8.394467739753194	8.076671861527934	8.813824945423416
ADAMTS14	-2.5127150818912836	-1.9594099982029292	-1.6360056904945632	-1.5255958467583004	-0.6517202492641199	0.5193736066455223	-0.09769277251152902	0.20911024595191863
TET1	3.4158485290947405	3.443115288098096	3.34254754071362	2.9992688560683987	2.233337169013531	0.46927024119242067	0.42179238585905565	0.5742310756233583
DNA2	5.570533223627612	5.475971571243191	5.594186360022485	5.592391582665352	5.379892188096527	5.160724210018336	5.259719323557267	3.8011450805712697
STAT4	-0.26466130135532195	0.20284203990321864	0.6021102181396681	1.593577816700976	3.700996548291461	6.984201219661557	7.145905667040311	6.028690388028888
SSB	6.987576453013524	6.877087476562236	6.966982618142593	7.163462765367777	7.216150204436362	7.607170407510454	7.922808513547301	8.42991551267924
NAB1	5.306595207791252	5.304533607962109	5.638793518857312	6.256127638092272	6.907368714084406	6.954950056202966	6.524034311503643	6.69761826505437
IDH1	6.5807242353634425	6.509311187224172	6.449836875628902	6.284236985296106	5.746825275943147	5.49018154505724	5.7937536468350945	7.119885982752481
CIR1	4.594489149033228	4.504862984838802	4.382218173263692	4.417070484792141	4.195136258929624	5.281264074049899	5.559082844375395	5.862218072257103
FAM117B	4.400297609597047	4.4164569524739274	4.50245789527132	4.3672222215880545	4.167932793117763	4.737733879959324	4.007814352150068	1.8180707493497419
WDR12	5.821421413640479	5.749266477084689	5.855005575220726	5.8695150354937855	5.766008091063994	4.71605269368248	4.306319977028263	4.659189542476726
ITGAV	6.070248067067366	5.928584033096035	6.066327950258405	6.331391163888513	6.896238715319891	7.639744624823839	7.6555437484286815	6.84607144711672
SLC40A1	3.056495147371633	3.2884972665818806	3.144598527913266	2.921995271438467	2.48926848015721	1.7704823447918208	2.093353267926339	0.614341854263386
SLC35A5	4.279242071869505	4.209489897987223	4.2515076865207	4.26428683901831	4.133283237014773	4.620548542962245	5.002648971580351	5.30361916860315
COX17	3.9493979126702747	4.059200671038521	4.124658347947657	4.330206986623905	4.470968717146216	4.772081618668355	5.071153571702615	4.754441034374463
PARP9	5.837010673805001	5.984333317372705	6.222689119211512	6.817189425859359	7.38696508823593	8.8973576606966	9.223296151843654	9.306248296198829
MNS1	2.8120410126010182	2.656892690247655	2.624443426554085	2.8556615524462257	2.641883565265501	2.0649735914903804	2.2274971612303993	-0.21677440028979084
SECISBP2L	5.5583367062022315	5.487718137764422	5.49238481844168	5.4015078579101	5.241165197380061	6.025605128733057	6.355198554068236	6.765471488258445
SPPL2A	6.349900690141505	6.333725670359398	6.418764770481728	6.511152438007152	6.78129089733366	7.479247136551693	7.750231837224016	8.16854492861758
PARP16	2.2982882616165896	2.261953620829021	1.7556809274624192	1.2440239392339274	0.5788301278196245	0.17491951229129557	1.2126378191173346	1.2262700449931465
SEMA7A	2.822061225354817	2.8750871172909225	2.8387360315268624	2.780959151962713	2.962830738162656	3.816631762185481	4.395511375553962	5.3192262005960105
ARHGAP24	1.3118549069084926	1.51176447983223	1.2128775864254833	1.0650276936971492	1.0231793171366395	2.470637352514308	3.1145841653927926	1.5090723709605303
FAM13A	3.1088250092816683	3.1319141254127545	2.575080198414886	1.6680575132442548	0.45675675143042144	1.4360496681917634	1.8307024991475767	2.0675077779658535
HERC6	3.9832072738443953	4.1216502636296255	4.067144217634576	4.334670676651626	4.769280456455814	7.194263278613871	7.95701161367454	7.848032225048942
HERC5	3.6676169154706746	3.776754010777121	3.7459875798056217	3.9670521959369665	4.324988657945938	6.447693076863522	7.2046449687464875	7.230948310132122
PCDH10	-1.0234201705456298	-0.6872480257728818	0.11191848681324046	0.9303740825040538	1.1623065030061752	1.2331788836070914	0.49172085421164874	-0.6650597809214842
C4orf21	5.044148691356087	4.936534473088236	5.040842503440361	5.0762789523805285	4.899741291026619	5.15682225985934	5.161075094497397	3.654787076629947
RASGEF1B	2.0140370295518952	2.8777526087702983	4.85699188597176	5.639742774526389	6.255877727856692	6.189532768412639	6.312380544476479	6.405163046610677
AGPAT9	3.5552392564267246	3.377978648244167	3.2072222670206156	3.037945494790587	2.801991083062726	2.6091557423299045	4.086094107036948	4.717498353128772
FGF2	3.8016091270968655	3.7880390807636024	3.9717115195028736	4.034838028819448	4.773467589015411	5.669988749024473	5.133451545874827	4.552518401097945
KIAA1109	6.199425539918802	6.166293373852847	6.1711892342932035	6.13335400968034	6.1232675157241925	6.10159279650581	6.740650617448329	7.427989481322264
TRPC3	-2.1006964766254566	-2.666479801098354	-1.7720487271979517	-2.2499451666642925	-2.117187149291561	-1.3040970794523228	-0.5455145680176314	-1.0032851742054576
CXCL9	-2.788473635354099	3.5494816695892757	7.936354746817495	9.825356589803452	11.080655478501399	12.748426079234534	12.587814096592787	12.20449595624106
BMP2K	7.582973940058966	7.497791190294131	7.453857018013805	7.4314314012882	7.502568354438809	8.099628010620801	7.88272504162206	8.879974555298556
FRAS1	-2.609369770143087	-2.9535211051404815	-2.3147871365468897	-2.2451052183474816	-2.739556270791991	-1.188461202163901	-0.16766539786520834	0.8374361283228362
SCARB2	7.943620592240132	7.887913843573353	7.838546831687356	7.793486442584218	7.802598355242847	8.189455027991997	8.535355261231832	9.614412896280708
CCNG2	4.564957807223568	4.547126395506197	4.231911688137977	3.8396734007364266	3.017899518268851	3.35234200722612	4.288399527750007	4.9145813826221385
SHROOM3	0.38416737019590913	0.8885530694434387	4.019032232265762	6.14484897909791	7.149298438813923	6.149527894952771	4.733546527657077	3.6079388155416936
ANXA3	-0.6713808488116089	-0.06481238527164562	0.45383190216848135	0.9597382714109106	1.531146617460509	2.799226802746994	2.841484756754651	1.5347526311815454
CENPE	7.490500979645273	7.3734405318763905	7.457758420422582	7.592430394579704	7.3984537642616255	6.988712229885731	7.511090194313722	4.995676286854788
INTS12	3.965933879454869	4.01221412154277	3.9774331181912137	3.925349600173641	4.024483942776672	4.793413965491286	5.048738651696352	4.70825664689008
LEF1	1.4966737833581136	1.6644550852848403	1.726026138828185	2.0125037066281326	2.5347089166816508	3.322180372620494	3.1930509606481046	0.7877060816513286
HADH	5.78649250658828	5.791523711347144	5.79131628244105	5.794742601122711	5.867199237320415	5.597612154143744	5.246746684797217	3.26059084117568
EGF	-1.2782569691377401	-0.4431767653897441	-0.9498509421358032	-1.0163156212597595	-0.6827381467925115	0.6099597168348584	0.9256437783342775	0.8080745685928333
SLC39A8	6.121995762853624	6.057333247796871	6.198840158469045	6.320267668346611	6.535498762508928	7.138013478749845	7.180786032308507	8.753867227121306
FBN2	7.25843378915088	7.245663293414687	7.269266187819794	7.219530765565992	7.382174334768597	7.26259847403621	7.011343348330217	5.9162059119017965
RGS3	2.285598664243421	2.291528376364194	1.8431457785763943	1.4142947395301568	1.561813353141496	2.854685783660215	3.2457232115920434	3.5252024138187315
RNF185	4.368250583004048	4.448371103577783	4.359094566396441	4.508201693362034	4.481029586853921	4.837919221169054	4.976091256198698	5.873127151227175
KIAA1644	0.4029048708062333	0.6383703040126161	0.9585963041882047	0.985662141574998	1.201676014209305	2.6005537808626276	3.0224561407956614	2.3655919380312422
PDE6H	-2.4660079234853787	-1.6788074589907915	-1.1343749903804967	-0.938717836949777	-1.1460987094618764	-0.3452270631322956	-0.44106774955125083	-0.24830292697640982
ETV6	6.101171193480678	6.0923221314007225	6.067388161279027	6.134339801546467	6.366788307192296	7.436401045351694	7.501221654430043	7.590128619681921
GABARAPL1	2.459634354332234	2.479143254697421	2.2326303766495625	2.259424924618185	2.2378989461896017	2.111406121605492	2.199061388408512	3.894594333744471
KIF21A	3.941509930410792	3.85045314158445	3.8480393653136247	3.7542992994971494	3.628676993528714	3.5914378600190497	3.923809724489637	2.809218240945719
FGD4	5.837494543444815	5.627323448274517	5.474717285751713	4.856641374733806	3.9064341720168896	3.448070239311504	4.249054315613053	5.288420011216235
ALG10	3.6579170820804814	3.658136360912944	3.530091212512673	3.5633607217084893	3.5053073043465743	3.7283711823953527	3.7664248975124552	2.1669420498945473
PRICKLE1	4.746079316596901	4.705207818549576	4.762578578311292	4.424484899333148	3.548516436295215	3.8941349527997895	4.142951463429599	4.241636038334962
C1RL	3.0531727783475398	3.248164988972213	3.29328222622583	3.298559508565126	3.555710936916851	4.002001465876292	4.0688150669825625	4.562179802844177
NDUFA9	4.244141275189131	4.229693127842718	4.285517471669641	4.341685743994617	4.433263241261852	5.0372227319808545	5.341391996727332	5.176389481061204
CLSTN3	2.076309908620689	2.1707337103556887	2.130363662586269	2.3281741284336475	2.405247166924753	2.617924375394848	2.6605296139937904	3.437686307196547
TAPBPL	2.899055166132921	2.9722991222907442	2.906372768028371	3.0187831768986086	3.202165109950271	3.6200464350364276	3.8809250650936464	4.588091073221395
AMIGO2	2.208955442409753	2.357097170445689	2.6825593660153833	2.8821349170956228	3.1694185031914683	4.230915135301755	4.24790376583787	2.305843950350666
PPFIA2	-0.9331013280767995	-1.367643088199396	-0.9568052605686594	-0.9237333904032122	-0.8581107967627122	0.6369207248598565	1.3788340207746432	0.19466304459547357
LRIG3	0.5779119986610365	0.4658205156114257	0.7591864814052376	0.08194385773685564	0.15860607808985822	1.1651725448826873	1.9401083745386098	0.7945542270636714
MARCH9	2.6889058376250627	2.6936159636989085	2.70882615189889	2.699224614781818	2.663355584231484	3.598047565076342	3.891026555671516	4.659840608979733
PHLDA1	5.2463502118090855	6.413431733671787	7.412621118831177	7.69545576109161	7.392132304382136	6.662844880278946	6.618997726086185	7.564208559104758
DUSP6	6.957847435298305	7.636839646636864	7.673033109064079	7.406308593195606	7.532818218356661	8.404016566721802	8.707226841668334	9.59289662495863
TMTC3	3.962951516328083	3.7792723820999288	3.9656194278528636	3.919566759565499	3.7990871729217233	5.111605448966324	5.1099915494199255	4.709550924960075
SLC15A4	4.1210332695917256	4.19118510798084	4.030827487075629	3.9956711541871295	4.061561686673814	4.5709745393470484	5.07526430193634	4.904062536070345
C12orf52	4.762310310381812	4.818036357880878	4.830346436113812	4.701708348377457	4.395960839728413	3.2122119786064083	3.0101012506590257	3.638229277924972
SDSL	3.3492659012540864	3.5277836840495436	3.6979409047397716	3.5318046639691745	3.7678926830095483	4.456140444784019	4.825625404251742	5.279604695724769
TCHP	4.746286937414581	4.603055862108093	4.552350904428668	4.426999558434655	4.125533129333081	3.5658432445220187	3.7705729685082696	3.628481090893634
SLC46A3	3.1635817052254	3.2424097644860566	3.1527376416370942	2.931432187251864	2.673047118988777	1.5780699651279675	1.480024427909015	1.1704604263718734
SLC7A1	7.5917985853328105	7.639774831033643	7.67600005502707	7.7202874089305915	7.931870476255962	7.416632482791032	6.994315994530298	6.256646139371168
ACVRL1	3.2054363219344766	3.2989275020933504	3.022871556029301	2.83137177356626	2.677699355923046	2.973818473466064	3.5727881800171826	5.034262393121456
GPR84	2.807788950977489	3.44300351170473	4.132733233674008	4.598466311452162	4.915004275952107	4.745837635227874	4.612576835803355	6.775445408393936
N4BP2L1	2.912769689310517	3.0118508770743295	3.3735369834677496	3.7972314511657164	4.029204051609492	4.874875786138	4.7971996712191025	5.5288507786549035
CELA1	-2.6595671704144492	-2.453483887851828	-2.594456983085604	-2.54980849120913	-2.285414817853488	-2.4372029696497357	-2.3481796332421863	-0.5345160430288612
ITGB7	7.5908850634442295	7.595888746873335	7.467521379613167	7.3452998224301	7.386536837496294	7.537413417710356	7.719836067893987	8.940493587221916
GALNT6	4.70813103838443	4.725844697225563	4.615043005553526	4.578780182202641	4.462290998299483	4.346630345855077	4.626582856100438	5.709923131542073
LMBR1L	1.723133423779319	1.797399584289892	1.5155726593278402	1.164868617573007	1.0963666923566602	2.0101728118006252	2.2609240509973825	3.3555590949203307
ESYT1	8.02183075516399	8.072931200854976	8.082674604822365	8.163251889775227	8.248046773255005	7.904325841018098	7.484137068382571	6.961195526209586
LPAR6	5.3003385318211755	5.330094463410821	4.961767674201933	4.351000089350496	4.147233755234179	5.790801940959359	6.106326185171271	7.182680855897841
RB1	7.316997197002361	7.2645425388378975	7.327533175507213	7.4559380991059285	7.556093643710875	8.179259597385471	8.475471067247693	8.270020031716536
VPS33A	4.656657230706631	4.614957075898266	4.586388354505795	4.432941672995899	4.108621913595426	4.290276190307178	4.719378115200465	5.4481457807083835
DIAPH3	5.966968322849986	5.9446558297132555	5.982358773297559	6.094192086238194	6.0170908471933835	5.788400579842081	5.802412864090691	3.684480136385533
SLAIN1	4.565745761358636	4.539544945963536	4.619731941105441	4.660899651212626	4.485640311671698	3.2927899141695103	3.4073038001536293	3.3725011300667886
ZIC5	3.0750743892455237	3.2905081805475005	3.1691298669903056	2.7367544290215733	2.3938517398668404	1.8371089902085362	2.067838537909248	2.425266215648364
RAB20	1.1204554454451343	1.5353991706434629	3.0639014223509005	3.8799376620158728	4.079611320180113	4.032696066586944	4.31267577303025	5.0683854276890985
CDH24	2.131915128836952	2.157020707205582	2.1689198524709807	2.0329014935856886	2.2313536923359725	2.0746634698693303	1.897061372353387	0.9461111898007369
CBLN3	0.5173282855434989	0.3005045980905054	0.23444375602961565	0.536917122360275	1.465531579945502	3.1628376896282795	3.3795134403346125	4.194291619133477
TMX1	6.583186156914067	6.529718244636696	6.62593936996441	6.606039563449704	6.7438635110601775	7.475940209782818	7.705855125212516	7.244562039509532
FRMD6	0.3654332073169225	0.6136613808331706	0.42278013119854563	0.012422613337035225	0.007974200741782844	-0.5962474472222601	-0.26908358826595313	-0.22504519495610645
PELI2	3.4784658834161966	3.68649792210943	3.8597640815007175	4.009482089675915	3.797438348839653	2.643247830950279	2.3997146241045897	0.5736400838259987
RTN1	2.148149696046663	2.1641138841243404	2.023008982394278	2.161681513756804	2.021785650979759	1.8868418435168328	2.5410249163014647	4.499931236033435
DCAF5	5.546237382927002	5.606413293650792	5.4779532637441655	5.325317551121378	4.8908414705395815	5.499732676088465	6.0065727089653524	6.545595231562716
STON2	1.2407092159581312	1.2577283345282724	1.068244830414816	0.7141200171558395	0.6176513819157371	-0.01164477098043288	1.0307333712783424	3.1923422432622397
EFCAB11	3.2159140859426607	2.95449192658477	2.967729909506117	2.9277997817475665	2.931578535525082	3.0068698569715497	2.917680221316485	2.6150093747899783
GPR65	3.9548975403667876	3.9697885057812403	3.387820823928798	2.418642873104743	1.3511280176103764	2.509904041744859	4.082462029994354	4.887138509959852
SLC24A4	0.7241382369316287	1.2361205148160546	1.3914370174478676	1.1856719069899047	1.1273658976355305	0.5643169521164205	0.1965736919933425	-2.169467147931779
WARS	7.154774151059733	7.319407166319164	7.616483543369909	8.61488302424534	9.838344571646001	12.054243923998854	12.448408540763864	12.525703452849031
SLC25A47	-4.126963543323908	-3.2047600867986707	-2.346690324687464	-0.988651277807153	-0.5099446484865419	-0.13478974346043854	-0.9563370040098681	-1.0393507578632155
SORD	5.502885428748112	5.465184253472348	5.466640953051444	5.52791977952184	5.4720092848249156	4.843257041318002	4.192121812166674	4.454633503268121
LYSMD2	2.887781262807716	2.788498192320797	2.893403104585012	3.0327445736842726	3.238306329091441	4.177548247254505	4.756265206833215	4.817524383712337
SLC27A2	2.4804465055065243	2.6686971976971914	2.730614208326216	2.655513838724173	2.70990380413976	1.6364247262943232	0.9214273518882803	0.65175626979026
CDAN1	4.867365883413609	4.735837888266924	4.567133026255497	4.38241243451473	4.331539803184226	4.447171093932585	4.372145456308919	3.6472120113283357
UBE2Q2	5.942475396901086	5.93538604612729	5.946698642499632	5.940449410065392	5.8473039612864355	5.6336815098239725	5.442799343657033	4.96563564209515
PSTPIP1	5.2665050727832785	5.349637988874415	5.1636880432704455	5.101939823471645	4.768905236169467	3.2737268426273634	3.7371594499367635	4.435979479706695
BCL2A1	1.755465543289724	1.8084852796705122	3.953787603674342	5.6715859452214925	6.79897542218308	7.507886975275319	7.239246753017078	6.67784538568263
SCAPER	3.8400576384462384	3.8746302606386847	3.95219007353256	4.083235027708365	3.928986025667859	3.7785763868871065	4.523730093898073	4.623127456188275
WDR61	4.935591895907868	4.930418426131219	4.960283490083034	5.017498858011747	5.010888443853478	4.653541114815441	4.492507596805829	3.768329841574048
NCOA2	6.58797472680817	6.596961742703461	6.5629841339841	6.492611695091656	6.517808156624096	7.085515370195296	7.772394640452417	8.157260230859855
MESDC1	4.9335605206165845	5.0494767354954	5.479304292118076	5.527908649881329	5.7901674708630555	6.327017622578728	6.698004494372906	6.521130428031828
TPM1	4.716579539535498	4.737195076642937	4.614038786726356	4.726622513014595	4.637449914617039	4.103315871872059	3.797812727313403	3.45293909845905
IGF1R	1.291145285868369	1.3218550698570826	1.3567912127925366	1.3976813771384466	1.2847311659289087	1.046096229829549	0.6557930956311353	-0.37272022130351756
ARRDC4	5.039473227053108	4.864304141752308	4.656913959296297	4.251374805779925	4.471567527816491	6.180904147270303	5.2235437178314825	4.817932105320677
PIF1	2.7124553477959115	2.8130545467121624	2.6721821730175144	2.2493158206452075	1.4448828974490384	2.0341182018688584	3.023752598935983	-0.30067410208126044
PML	5.734148890984056	5.9161413455876755	5.945886786391524	6.097743474759104	6.719855007987151	8.758997012185969	8.992780751898728	9.184903120831317
CYP1A1	-2.0682225045853553	-1.9865506634577463	-2.2787089175549604	-1.6959933958425912	-1.2244384176023257	-0.06879778077749607	0.12334332370256751	-1.7050649897549648
ADAMTS17	2.1914217157999136	2.2868005170134587	2.242307682948627	2.0110537998601226	2.099622846829794	1.8436911758400005	1.4412218007400752	0.6132431192484977
HAPLN3	-0.8764976287967826	1.9332181274263194	4.643277728552487	5.801917949786309	6.706238659809237	8.183890366882972	8.39307508999552	8.27255580796285
RHCG	-3.845626198744216	-3.4013514307999246	-3.4664501529642724	-2.84181159261938	-0.8391735718316029	-0.5350360427965644	-0.10119530602676326	-2.168436151246731
FANCI	7.051302481304575	7.018868282442327	7.052819397057604	7.103828758235888	7.0801588063117045	6.944583304658366	6.848144488064525	4.850996101116688
TICRR	5.856292291357889	5.799272083096226	5.630122629796803	5.185836899392852	4.7281076148741406	4.849926435156979	5.079408149441587	3.1508061848777924
DET1	1.7609162227185673	1.637320395238754	1.5433401419208372	1.3520107742281406	1.3159257600536858	1.7821965003718683	1.6998571892287924	0.4457744023472602
ZNF710	5.432186658177462	5.471595623893358	5.355903171910294	4.902367317252905	4.633664969745083	6.97716039371142	6.868196764113838	6.7263616029083595
MCTP2	-2.4151309316845433	-2.620765825065397	-1.8859843784068713	-1.892178629760695	-1.2573974876396605	0.8406070444996878	0.831916317532764	-0.4137988984791521
FURIN	6.301656964013979	6.468818947061397	6.577899011532983	6.677631867258637	7.013044256152787	7.640968335698259	7.618206375909756	7.5582319484522795
ITGAX	6.339279319688377	6.362654446428994	6.242299392677753	6.159203383893315	6.1745651573665175	6.093450420716694	6.023837460875818	7.377719486828422
IGSF6	4.247637923886579	4.617875094184102	5.277756234308782	5.841517760229114	6.044456657929173	6.182934064518024	5.964959208760229	6.235160391165032
ARHGAP17	6.453631705776573	6.5401617881632	6.616949965961078	6.580280263022239	6.248789507073349	4.621870708741762	5.485921421705438	6.3247995176530125
TXNL4B	3.6441332142717457	3.525775222969954	3.4729114841990913	3.559777021891172	3.8793753509856197	4.892929926643111	4.634645697995758	4.223990257496068
MARVELD3	1.1522295529506894	1.4853389028789743	1.4016103483532718	1.3431686214164174	1.7083722207007663	2.6390717530435053	2.79722614336856	2.7081676215619783
NLRC5	6.052466259448982	6.230692859076725	6.522108451965172	6.796599235456126	7.413439610445249	8.403962881010711	8.622118834860558	8.626145361399843
KATNB1	4.253061316767729	4.42287702323346	4.431566698069144	4.397685623801564	4.389495688240446	3.8158471820261326	3.4093420106558106	3.0767661049583213
NUDT7	4.177419427644744	4.173008820030786	4.22503168967538	4.236182178098575	3.868686246829213	2.248743421125637	1.3829146438368038	1.4525938360172816
GCSH	4.548814297811074	4.456669591213943	4.599593827359085	4.5991833181102155	4.59131288167736	4.382289563196821	3.625549288729316	2.4728719740527323
NOL3	0.5266736998898836	0.5340812894411255	0.29335219756709524	0.27935101435752163	0.2755192750766066	0.8783288271738665	0.974049593917891	2.0777992196065656
MAP1LC3B	5.467608954380742	5.481194205133311	5.693973305356964	5.883158061982847	5.983734909468575	6.2603297832581095	6.194486480631724	6.753992437550824
OSGIN1	1.9493975243338442	1.9954563317086143	1.5211662308702159	1.8697285120648126	2.4669385355269577	3.4906352641365848	2.9773998275771643	3.7836477076246515
IRF8	8.449566092044883	8.636325721790545	9.032196577047557	9.251566986065093	9.4223675966333	9.448408805236937	8.373928702899342	7.2608783442769536
NDUFB10	5.981029644325098	5.985060355132653	6.034967455732942	6.111590921811096	6.103761075827162	5.863927531109681	5.786844387704003	4.965540397514517
COPS3	5.286232402231832	5.335754191293824	5.35644105492638	5.4618901461049365	5.441094829211984	5.118338814944338	4.977328405186828	4.031955627978876
CTRL	1.6757573189424395	1.5497092281294413	1.5269211008815384	1.9855805976162877	2.8538267000006825	3.9731561300075864	3.447354978856967	3.199592306469283
MYO19	5.762549150640199	5.900767522209808	5.974366050121935	6.02675949502075	6.008198350940605	5.34659842852187	5.095706166229753	4.548703194690553
RHBDL3	-2.6996765562392273	-2.9535211051404815	-3.3162494542677097	-2.434821483697521	-2.895615021276249	-0.7191790489385604	-0.1509952949782486	-2.1875445343549575
G6PC3	4.802327600316706	4.89509004834555	4.892696763765457	4.899953568837962	4.923457122655526	4.763928538275895	4.626839872869641	3.6588990052446873
C17orf64	-0.7162260582772779	-0.43219087861928884	-0.5532847867600664	-0.41978492983797494	-0.44267929067017925	-0.8002464384520015	-1.468627149191806	-3.2727753736390235
TAF4B	3.8545740387540164	3.9009663667943384	3.9945867114363787	4.377387667738565	4.817663348818384	4.4357008129231215	3.8126875890270298	3.5724776595739325
IMPA2	4.963240067712579	5.0795693210126185	5.07600287577776	5.0419520224824845	5.006795566900118	4.281843025340221	3.748050583870757	2.603748002084722
MEP1B	-2.9234699167725795	-2.332715495961485	-2.848122937326476	-2.6346514249759667	-3.497469026795066	0.9308698831740364	1.9255174820108545	2.9817913716638555
ESCO1	5.16357364669328	4.949375519640091	4.831576790920556	4.473960340954006	4.087831450760369	4.383513241707131	4.681086652643548	5.424111815134096
OSBPL1A	5.573463128545493	5.565357009637239	5.547021353361513	5.541702912036809	5.404210458364897	4.724916151424866	4.4360759598515465	5.6018585250401465
GATA6	-2.251308164741939	-2.1738572172856374	-1.1121770540111784	0.2672354060566184	1.185095884472775	1.5351207952613564	0.960266472119297	-1.0826949985822223
C18orf8	3.9641830552293458	4.105170918543486	4.3010776804955135	4.573945555581783	4.6575193129850145	5.002105326632308	5.287869716288801	5.490492071318224
NPC1	5.1395529701732805	5.2639167053703515	5.7960966917079295	6.2329024472851895	6.584691025913724	6.898403876561227	6.596618571339718	6.451635472388428
ZMYND15	-3.027277478429717	-2.918702877712532	-3.1919980887039596	-2.47390261232166	-1.5165910664665283	-0.9932637556592564	-0.8080534976580923	-0.3722929933928185
WRAP53	2.7095759985542713	2.8092446319427453	2.8678702340289557	2.7930513072473513	2.8465858015906456	2.3276332788193823	2.4245183473601233	1.8216840236583387
SAT2	1.8861246788026218	1.8949784243483756	1.7016273592752045	1.779742436899525	1.4630456108843903	1.683356960889252	2.2840135521362286	2.9042023488254642
PIK3R5	4.068751853172959	4.225960717614454	4.148733075458513	4.3410007361362615	5.16099274583003	6.734169661217104	6.911999024390373	7.123641407462977
SLC16A3	7.56289951605777	7.596627106788809	7.65184326033315	7.610190078854446	7.8056231878205455	8.210566233853294	8.22197865235407	9.327651962425877
CARD14	0.38643224470569953	0.13159022840410217	0.09292954761767816	-0.4934128390444007	-0.06586264328768968	-0.5449641131880713	0.03306065979471968	1.7512061073596408
TTYH2	1.4212172006376274	1.6873807371849288	1.3250311691659173	1.3961433207569813	1.1722675362112875	1.1135540624385278	2.1341716684757857	4.089023583658454
RAB40B	2.643869749409901	2.7074937248840447	2.7605803277772374	2.6065499907614296	2.3207149121558555	1.676130881611567	1.6309282369683846	1.944895705864623
TBCD	5.712235226664568	5.761174925736892	5.823559002938202	5.883347002699013	5.925454961308926	5.691206886310198	5.3944795416921565	4.468627044677307
FN3KRP	4.8536923908464065	4.873239025641023	4.8558794593218675	4.824682324105838	4.698111938616507	4.271784812085498	4.459111669227251	3.674257301175278
TRIM65	5.14653140426517	5.035997104605634	4.987397441296638	4.656339847509066	4.197364072403566	2.975176761362337	3.0688300536752737	3.375242845095695
CBX8	3.6025836453663747	3.331481989185769	2.9960581757916156	2.0799235906888915	1.4503608293392152	1.7067128794494617	1.1762429613681924	2.1212840907349544
SECTM1	3.4248473323857103	3.7915806629589	4.298602241968553	4.579276125641761	5.216221908493919	7.130879956797072	7.684136378581604	8.509338071055783
RNF157	3.3308448808186566	3.472728046380597	3.5491058906596784	3.6155187682699106	3.472637798488713	3.1964335905790486	2.944132018213706	2.097051574594033
AZI1	4.281805595337984	4.2564943176359815	4.35803471422315	4.4168153098733285	4.3410374559719145	3.582069304723423	3.4971665625020583	2.6973737999032807
RNF165	0.8577673078837649	1.0557337344348077	1.0649744377027266	0.7620359970969637	0.17897507672001664	-0.3771548734445654	-0.545254777445167	-0.4153662242921742
MAPK4	-2.1940119595911685	-2.870032556104837	-2.954084087987889	-3.723723134781568	-3.3182213707906105	-1.4227886983889366	-0.5228524535169267	-1.5963587637500187
TNFRSF11A	3.938273762741849	3.9817659863159065	3.7090060477797038	3.382430900090852	2.9723337054901644	2.5171302440564967	3.029465283244697	3.6520489152650404
ZCCHC2	5.74983783313232	5.813692420949578	5.583441858282462	5.222907441513199	5.418382193542456	7.246692260205707	7.465348364294977	8.497384153587657
PMAIP1	4.585053667255153	5.837362028026453	7.35047251978408	7.9763994449314	8.124103004384901	7.077639178105149	5.996488764917061	5.199454995949633
FAM134C	5.202660075617659	5.176324882143321	5.037853152381699	4.791156623098364	4.5499753266027465	4.79067995909438	5.245192363024954	6.458016274527338
IGFBP4	5.5604923586329	5.525932959348541	5.397184789976473	5.123199381137791	5.272770409325684	8.056722141846661	8.92243245616337	8.535739343718797
CACNA1A	2.6470013026759247	2.6573141016402237	2.5320527318114956	2.4732215743027126	2.6307332836556663	3.633607960622352	3.8888644217317867	4.384805432232583
SAMD1	5.58400635696894	5.68101348861779	5.744297727307565	5.6413597333915435	5.597343718861593	5.090774776408791	4.666278246102863	4.36141744392728
SLC39A3	5.333725696317105	5.440332772328488	5.412658368204463	5.233950377044987	5.13204379455196	4.115656029392264	3.974968314994576	3.990128092581087
IFITM3	6.201460550127716	6.575927730715261	6.353865785894834	6.535887933710645	6.873708904452879	8.109891315523083	8.839247747121803	10.514333958298819
COL6A1	5.759233258811875	5.913567680322606	5.792331126534204	5.76802377155626	5.878515987423361	6.06215537816011	6.241370529978141	7.8584034863764165
IFNAR1	6.758611550797294	6.692322495618474	6.706126923102785	6.752918752548328	6.775016455993757	6.869308419289403	6.917389600291683	8.509074588920996
COL6A2	5.431949076847488	5.581364293440972	5.545129383474075	5.526813492917039	5.743190961088384	6.002168782843448	6.08520530562447	7.2710195764950925
SIK1	2.766209497255991	3.1162238007721927	3.9768191240312216	4.5988211081709	4.7866971329055135	5.310529701794495	5.32430993573678	5.486394868890399
TRPM2	7.110359540525135	7.19266433520311	7.1836691447543615	7.168581189472288	7.1790560994556305	6.828546857645315	7.037711134040155	8.395295668546591
DOPEY2	6.269669560407021	6.264370852151769	6.284781232313952	6.181557546971921	6.043091549527759	5.041376114964159	4.928421173732972	5.97552383419304
EMP3	5.26428273049014	5.445491931286848	5.5813963297558224	5.845556816150365	6.289590479614115	6.909771079439416	7.232429614671397	6.550311871272122
SAE1	6.828303089534892	6.808087397082065	6.7869393780535745	6.834092335280612	6.716850866338366	6.3127899735406885	6.348247953012784	5.604936409318794
LMTK3	1.1615986134540957	1.1055917316659944	1.2938409520933325	1.1446797307842105	0.9847441264398968	0.07453214317507616	0.25304983022807537	2.318489175079584
ADAMTS10	1.386355159468832	1.4048321931295433	1.3508945409242812	0.9550337938895815	0.9790448760772233	0.5975656868932743	0.36761727261432664	0.249295934294974
NLRP12	2.6913702497286787	2.7569750176457375	2.576465026745442	2.246086315502752	1.9040694026583194	1.343492708646271	1.0471017475758992	0.05001691852974364
ACPT	1.0296051021667267	0.6921377919438703	0.6104188607455977	0.31231171473522035	0.5501328510932227	0.1153775004927628	-0.19153084400548817	-1.4536807226136161
RCN3	2.579952665640933	2.5258300493779613	2.268048829476239	2.2838448153353568	2.139088465165802	1.8868566732411054	2.3549901795849055	3.48938369960345
SLC2A5	7.03189076588464	7.085143510274474	7.096714597734896	7.022396632020618	6.984258452192341	6.627458690163965	6.756340717988904	5.951726633923301
RERE	5.311794620990068	5.391071060960369	5.334049699240925	5.405270528915256	5.460889325583748	6.717287981627575	7.059739419777782	6.617686125028605
FHAD1	-0.2195594913223132	-0.289271458226006	-0.3003471694923133	0.35277896834267075	0.7084738301097555	1.2672889580842526	1.4604130109796412	1.1932325676110023
EPHA2	-0.6199428731874541	-0.5105015203387112	-0.15395659887714663	0.5190405464076471	0.834332665105793	0.8275953190846977	0.4836786252996513	-0.01586459378577476
EFHD2	6.957485534863018	6.968908055918348	7.043416329184556	7.096220252908813	7.231289326115943	7.356895965375722	7.470014111273132	8.067215565158936
PGD	7.545413785603863	7.600994221306593	7.52446274289323	7.654773012784659	7.68210676035328	7.94861507767315	8.228080790850221	9.216792171506881
IL22RA1	-4.551196259797653	-3.996734959894804	-4.55119625979765	-4.55119625979765	-4.55119625979765	-2.4372029696497357	-2.608315746100054	-0.9423336721569364
EVA1B	1.3697531557674778	1.5541110145082428	1.481046248177456	1.295515446625949	1.3976149827265982	1.9094288721942758	2.055826777325648	3.3565556998933186
PLK4	5.769963136588221	5.802010437003	5.818582000660982	5.813934257612454	5.5561596801977124	5.679546954273842	5.722392452991551	3.5026618805687386
MAP3K6	4.480252699765899	4.6679466448935685	4.608912293624795	4.418843334774358	4.443534140896011	4.436379450966002	4.158869842100964	3.4797234224610687
SYTL1	3.294761884398106	3.459647340713431	3.404017864187424	3.12712458521285	3.243632069735031	2.767799879896522	2.184170932427318	1.7238107730102645
HSPG2	5.096837313321789	5.265934436765843	5.3973167535933975	5.229662400668383	5.473288804940552	5.044121866592321	4.810590543350467	2.788007546099726
ITGB3BP	3.759488833499429	3.6599422140088755	3.7286835955056183	3.8011005448986515	3.722835215342717	3.681531586995167	3.579246815843249	1.362182942644596
BCL10	4.6246017996866176	4.681571129430189	4.727675436983287	4.683149908184969	4.414925875465977	4.643747100750219	4.8812719815843115	5.811891827344182
CYR61	-1.1297334639074017	-0.4490437171139231	0.41258672565383986	0.3452786076228719	-0.03157310838500063	-0.9038078490308934	-2.348179633242186	-2.7338561735822458
PRKACB	5.599909598744704	5.550222233095651	5.551823346699198	5.4194464794734785	5.152332443645121	4.11799931026114	4.1582648138781675	3.734161215086281
ADC	-2.3912797863044233	-1.6970385538771149	-1.327551545739602	-0.5150331838685027	0.08309697588090777	0.23622489095209465	-0.11307942350213236	1.2927322449972536
KIF2C	7.225781021185478	7.232895942585371	7.216239006437996	7.2493092941622	6.991029554116567	7.200437274954576	7.311811467910003	4.886997070440613
PTPRF	7.459973981044616	7.634751313490574	7.7859802666928974	7.8494257138839245	8.002927639421175	7.760209011915215	7.457288489493429	5.845303639828211
MOB3C	3.22810973551527	3.5600589958230113	4.050766853126884	4.5784008785651205	5.346656030282963	6.39705978765749	6.485401514533013	6.686396935270267
ZNF697	4.055109822064987	4.104324444070462	5.457659164963593	7.173635716029581	7.8232453155547645	6.318374771225303	5.4737906457488466	6.064572797452438
CTTNBP2NL	4.513454219786419	4.276931614408404	4.023325333821753	3.5341812500670216	3.3622424088644225	6.440582259863103	6.778463295513952	6.643526069888166
PSMA5	6.660493117478744	6.631576677797719	6.73403459518379	6.83416456991966	6.910009415007799	7.320037419057602	7.6773738972615195	7.58953395460039
CD53	6.806090649322931	6.771978985180384	6.707623136163108	6.83365104822173	6.98114188858337	7.581982089668033	7.839763765767572	8.708592988202096
CELSR2	4.296999267007271	4.412087309441619	4.463056169444288	4.355566981771191	4.3708171127697515	3.8536883825840675	3.27138240708026	1.9771050433321986
ITGA10	-0.9331013280767995	-1.555680292667478	-1.7231566818933564	-1.4027663484819934	-1.0582205491535912	2.063550852735654	1.8781352122573938	1.863561363387731
GPR161	-0.5147772045498631	-0.45294471295913064	-0.5015158571282616	-0.15174822415347472	-0.28719118248594805	1.7317577046360302	2.342466337960647	2.0924485797068195
ALDH9A1	6.461273117744584	6.440026982593338	6.381262159388797	6.355076263428966	6.288333706527008	5.643086977777254	5.246561652361182	5.0303566018483545
ATP1B1	4.99143546116747	4.986548738309168	4.841881981040665	4.821377977153233	4.885656594152799	6.074790014174676	6.613227543720045	5.796033253652857
CREG1	7.614977128279158	7.663102129916883	7.640227610242144	7.669270043531729	7.694766712437292	7.890013291620253	8.086717546716791	9.542647582642235
GPA33	3.652745561124653	3.873619931142761	3.7107122381524293	3.6261149428606076	3.540684914330595	2.7108888127211546	2.689893707479282	0.01882154795944252
TBX19	1.0327871257497288	1.0979691483968044	0.8693082710040295	0.9742536024470985	0.9264173900477415	2.7031571361641857	2.681352915200737	3.6093371272417123
UCK2	5.697824620168746	5.744248103337061	5.796558485589531	5.808995115909788	5.577920750960206	4.147841076718491	3.900543921196609	3.576987667309419
ILDR2	1.5508503699156564	1.790625325012945	1.6984383106260128	1.5606786966077286	1.5535400738206375	1.3901418013781053	1.3489652674249624	0.4079926902093479
MGST3	5.362599774855725	5.426348719186159	5.41713328399956	5.489732173668292	5.573292948620784	5.665536409414588	5.4863903962215	4.183217175577619
PPOX	3.0101002114728512	2.9022112179223107	2.684491788119251	2.5016389320514483	2.439861685353317	2.2150746281214833	2.048707040051352	1.434610078254038
NUF2	6.105215280043753	6.087252586854243	6.190888306164286	6.218181607016145	6.021214002623276	5.487686197832254	5.82821696386808	3.346481547898746
FCRL5	-2.436775554389394	-2.105705075030216	-2.1593916377193807	-2.3425289349512344	-1.7698262436616687	-0.05251881197283429	0.014038089446753763	-1.4008083803109834
ABL2	5.406012886127488	5.408747580663952	5.9228501972629966	6.567772469020024	6.932268759935521	7.120251259503021	7.278112217676995	7.549168717508621
RGS16	2.9765634691278136	4.453468150870956	6.265060873581959	7.205994415719239	7.604844468037234	6.9667398956411155	6.209084365416122	5.546326672669888
FAM163A	0.8295003085083361	0.5375403091503537	0.924448600667197	1.1091875583298685	0.4268240435479509	-0.7690622973416388	-2.0884273686444947	-2.551076535637864
HMCN1	2.1587546194169858	2.256893970980685	2.201293366296965	2.1031388380219593	2.3345977142691097	2.5772174651533097	3.1578726611383705	3.623876705001234
RGL1	3.2233551352105456	3.465640528705314	3.9986283038802837	4.43412052844644	4.804187293277968	7.481674515653511	8.051165274401395	9.012942873293113
LHX9	-3.1848379475065567	-2.222790278008817	-0.5050107643172099	0.06354473184245711	0.4625383530247026	1.655378259844473	1.1735078480831382	-0.7941662474466451
TUFT1	1.6571388102655793	1.722436698201443	1.9220783681506384	1.958070261935017	2.1853882526436363	2.4632474009948697	2.9769962570063635	3.0050143698261884
CGN	0.2614468482535378	0.07224009591058288	0.6328444605083403	1.6422204390252835	2.9948975962392583	3.641183195102327	2.622571882960516	1.7906242298082036
SNX27	7.038650426314773	7.019534878012856	6.926339656602799	6.917821932458148	6.77650321145801	6.930428088835192	7.462947151155735	8.076334849506326
MCL1	8.267033015445307	8.648028335379937	9.3541767091862	9.65976149477494	9.737125640212035	10.055931049232203	10.045111464896504	10.184178440455657
RFX5	6.473597681428615	6.485478617472403	6.566667962189474	6.776749452413091	6.890573265347932	6.895792584744495	7.451583823137563	7.265597497984377
PIP5K1A	5.006779116479704	5.167334953881186	5.318010234015157	5.405207338786158	5.331408890890302	6.226097595397099	6.425556297172204	6.676344541147589
ANP32E	8.432059963933625	8.359925489826313	8.460707172002826	8.555926118257954	8.525300733640115	8.25563552045674	8.084386218504864	7.146637478023744
FAM63A	3.63390317096985	3.5974603263204723	3.4318180076343197	3.315394472447273	2.8452227065836997	2.1830943392776567	2.5949808020887075	3.4492016569200334
ANXA9	1.2235499783252233	0.9323439238586466	0.818439622724215	0.5706787706757483	0.12486338021231237	-0.5288491986037873	-0.6025139709447731	-0.002821421236510274
SEMA6C	0.2703940935591963	0.3004733892701573	0.3465574182129152	0.11928783133056005	-0.4797657490757369	-0.5572264424562798	-0.6389403158135463	-1.1804122360282803
HORMAD1	-0.9502999480414784	-0.8679184606072288	-0.8210682539277316	-0.4563007146475936	-0.6028692122764691	0.8744504906228893	1.0761008852250573	1.7597140547013073
GOLPH3L	5.592218648244613	5.503741638673068	5.364514708526583	5.290194685648222	4.823543816991547	4.845106587720853	4.833947391649829	4.236956128492831
IKBKE	5.317292305167738	5.423798570649944	5.529519563749357	5.653611681273212	6.086348154978095	6.921081214885538	7.402065763635967	8.068154841580846
DTL	7.029002385772509	7.0222720708771895	7.008569578390222	6.947539908569813	6.501883038346374	6.525978780339518	6.142383554541453	4.70022482238914
DYRK3	-0.008925870964162808	0.25744193214781924	0.8577940156140204	1.471600780728229	1.4668851268451846	1.1622412130366266	0.5754588453930027	0.3672394441942053
EIF2D	5.2733723168130435	5.19363085410085	5.144866649595672	5.32771151458622	5.371837724041664	5.135798376980059	5.059114778419872	3.9943717608014575
TAF1A	2.9523170644385552	2.8236405772212416	2.9025373891400887	2.8296521191920307	2.666817732849687	3.3500128780291085	3.8231258044710823	4.007977745470701
SMYD2	3.9630417053173357	3.9799130112881085	4.010136974373425	3.9913029401805273	4.032081262277847	3.925073854063343	3.586891630553417	2.730331689279613
DUSP10	5.066694517892434	5.4010545150516744	5.928890023149526	6.290507769158095	6.09092334823684	5.919814194377066	6.333292877658691	6.79691981768589
TP53BP2	6.998003856834909	7.0619139710293926	7.612409028901081	8.259126847607506	8.562264302022083	7.868109170568745	7.623307788473295	8.482013120903918
ATP8B2	5.7240226292181795	5.745854645088898	5.769306364764427	5.7218290461233625	5.716924892947663	5.8345785568834545	6.261820045741096	6.8167063517542985
ADAM15	7.4527011896260715	7.631752761382648	7.669500097296771	7.60433051750543	7.712225720132068	7.625585430885048	7.427807531590594	5.803065350632901
S100A8	7.029720387188965	7.05552048945901	7.002805931334716	7.133350451700473	7.149807751886259	7.212206596833054	7.396163084710782	9.018103908435968
SLC27A3	4.100910858536761	4.225209017421947	4.11548816163044	3.906123677894877	3.97659782161032	4.592040555373603	4.9874954116793	5.198861862339795
SLC39A1	6.944402602337011	6.958702364512135	6.851651518844781	6.837388214009519	6.829928962235929	6.678628500742036	6.842899476625667	8.218949353706765
CREB3L4	3.075352426389605	3.069051847261762	3.019987132469849	3.0325671354921493	2.8986756868947046	1.8868566732411054	1.8890434020989149	1.5474097834362226
EFNA3	-0.5253443342675626	-0.6850332640062763	-0.9924486872357356	-1.5224171582498547	-2.3940772850195255	-1.669144098800776	-1.8278361234690474	-1.2705378929884308
RIT1	5.357955672013631	5.1065554930960335	4.651481161032141	4.547158680726167	4.777924282196201	6.002458906046284	6.301883807051393	7.894000604484308
SCCPDH	6.5086035116428835	6.487649109404229	6.496157755521324	6.532150820963771	6.543883508580755	6.395346611154224	6.0040566943962155	5.023687893223048
MLK4	5.001972276831506	5.061828670152556	5.044009709716894	4.7234782935063295	4.267738172467929	3.966580336106351	4.033881953951068	3.296308016687152
ITPKB	5.56523073345774	5.666397859559742	5.5252957510594	5.13675812077364	4.246649748559097	3.794025866791087	4.244217052747114	4.210236173375597
GUK1	6.842372827245422	6.946639335699135	7.002652044988755	6.9704505844042295	7.127680058319472	7.374601246971905	7.5197627105506655	7.9137351851027375
CNIH3	2.0466663119825292	1.9257265387126246	1.3680505074478957	1.0911185708616558	0.7490169549894152	0.6096860023187693	0.7647470892389858	2.0892761676303717
C1orf35	4.485624271356308	4.456747792503761	4.412189260633646	4.249281673294698	3.896902770558533	3.2924101951864646	3.5933636997369156	2.902320455616631
PSEN2	4.573150674162014	4.471430353927973	4.381153198993692	4.260627234536727	4.090211817265647	3.45496825804854	4.255595608303255	5.471770234212505
LBR	8.071457862402399	8.078850959434074	8.05423335029937	7.960732526303024	7.785229316902475	7.098316576989378	7.251280877900216	6.942654613968729
WNT9A	2.557247585044754	2.448493015650892	1.9120248930165844	0.9744812093475401	0.8128943145518799	1.0776576145848784	1.519771689284731	2.0096765001757158
PPFIA4	3.7848792722791096	3.3857102913044503	2.8626055390546745	2.3669550575523317	1.9522255101664006	1.2245303293011864	1.238477221272384	1.6502196595212077
PLEKHA6	2.634794212310158	2.7837520599692	2.647286331024434	2.5202686804084946	2.428631548289983	1.4829714322643412	1.6959652517445785	1.8452112064805504
ARL8A	5.150197780122976	5.167213204457428	5.042873244270174	4.966384437639787	4.706866823997741	4.986792755543045	5.678305194221162	7.140672477171602
RHOB	2.8357892670625366	4.017798535871734	4.968601173301896	5.194304946489318	5.006199335666528	4.1931127931629755	3.804247879088436	3.632302467841028
ATP6V1C2	3.2623486950004343	3.162233095371294	3.0149093333273633	3.0129808139415726	2.929662571590103	2.7504896723380936	2.318735936460177	1.51142112139308
HNRNPLL	5.6861904256407225	5.628726182856191	5.6433972294365375	5.63479812175024	5.513205240907997	5.72266387816954	6.691832245784017	6.329118135055344
GALM	4.887437523148485	4.9290749044681	4.617022973822323	4.457665788732169	4.187115368951577	4.21117208373219	5.418026757964239	6.537870363462638
CHAC2	2.515138323135279	2.3009972809975454	2.4821554241549197	2.502768403005023	2.474754908273023	2.250546695626863	2.128579312820934	0.9574560841465278
ETAA1	3.2258947733306598	3.2223140132502284	2.9541463089394737	2.2364283103451683	1.8870198982716646	2.8524262717356987	3.0226685822746084	2.544455751717252
ABHD1	1.0647580721253445	0.2276050446933819	-0.42764487153648845	-0.23317340221906085	-0.19878960926149358	0.04137769063487298	-3.8440108896083125e-4	0.11273639748388575
TPRKB	4.215905373950068	4.130260664846505	4.2002573664463485	4.372180925601057	4.265378207442014	4.213006711869911	4.09750648700588	3.071279871032792
NAT8	-4.126963543323908	-4.275658866023473	-4.2723250389197736	-4.0022264784647446	-3.554868685452691	-0.7047834181429671	-0.30424286609684176	1.476868115748994
RALB	5.970922728660663	5.871962366329608	5.859194817166374	5.964852285425822	5.986029159859875	6.780515201072287	6.864038864654484	7.084510208129236
TMEM177	2.8543991290376276	2.9469520743868065	2.7122858399941556	2.167508001384185	1.8495917121355623	1.734538707217621	1.98109645667569	1.2870832446090223
ZC3H8	3.7244039178380657	3.6077871040547	3.5680303484421225	3.342070733424312	3.2923345827203527	3.0628679229679623	3.1729825131636407	3.273533461408036
FAHD2B	2.0961648255282466	2.1267963627203303	2.22447430267441	2.2447547759973574	2.3270180884057643	1.8213588179133149	1.7324283099231121	0.6866890180161556
LYG1	-1.6409670951647528	-2.235614283188055	-2.77547925165153	-2.4126923197361507	-2.1914147322273987	-2.2319645508154444	-2.5430257710225037	-0.3889392737707613
AFF3	4.986681371025426	5.1083328761452815	5.184971133856937	5.178144191403179	5.113642143115885	4.438449042427972	2.936960561851257	2.5413493922554142
NXPH2	-4.551196259797653	-3.914821931510927	-3.8131699644537393	-4.293278020006689	-4.55119625979765	-2.965602297951904	-3.0436264187573463	-0.8162035733075648
GPR17	-2.609369770143087	-2.7274285679732078	-3.086036938042547	-1.5304659422861078	-0.2856778385274315	0.26290981388956125	-0.2473029190467525	-3.6808355938479043
PKP4	7.3122458922820055	7.310063103430805	7.341872047138496	7.4162115167153875	7.36434249129756	6.602989065318566	6.130041487288164	4.554919305787056
KIAA1715	5.938077411291248	5.844307077341819	5.85763888600306	5.820612475150279	5.792020204461151	5.340735807154068	5.061410716106686	4.342515217458599
ZNF385B	0.1449095568812131	-0.683597048528124	-0.5843000243449992	-1.2734994919609717	-1.5141629466051416	-1.9479800245804038	-1.8746670308968256	-1.1533152552254609
CDCA7	6.042155292285829	6.041216771429143	6.06498261284235	6.071224274178336	5.8052148823667284	4.3119872025755015	3.4898600114678118	2.3926217333744897
CCDC150	1.950358140934223	1.7614921958459555	1.7155821154950925	1.7546754534790037	1.4361264441780563	2.0614914833043567	2.0621255157401963	0.47503309186427506
UNC80	0.6494774365202115	0.4235896276594952	0.4721292783950465	-0.12671474332877503	0.10300923386433342	-0.6043529876825523	-1.2340094389801954	-1.5997002845029318
ABCA12	-0.27709902720912233	-0.3371202181759724	-0.4724998731751575	-0.13687651404470694	-0.3453730250573458	0.263367877226728	-0.2872327138254823	-2.257365849506086
SUMF1	4.434315665128807	4.390083203674965	4.416771204590317	4.402255831398374	4.3056366920529445	3.9549643530665906	3.5173297737314266	3.3705440653218535
NYAP2	-0.23604523847094291	-0.6373336342074449	-0.6796336691881342	-0.7737866859132468	-0.0941096445109977	-0.14312912391999974	0.34853555761902766	0.17834844432069366
ACKR3	-0.3874276988369867	0.5641710886343556	2.124706925534294	2.7412954275939896	3.164501446276176	2.865368290410865	1.6569194995599077	0.47968170340553945
TRPM8	3.460274377479994	3.4325628694779082	3.244769053073358	3.1404600840520187	2.963543183266781	2.489103794463195	2.08753047694334	3.447736167698242
HES6	3.814145682752108	3.8159237131865438	3.913996914752582	3.4873094700589213	3.086702872494715	1.5603920311295263	0.8695756992750912	1.0365490017169492
ANKMY1	3.9742571279239485	3.858505611941648	3.8547616872574824	3.6847508926593036	3.4792122601939166	3.002622990804868	2.920931496212145	3.0111132317738383
FANCD2	6.676750784405989	6.70039870519676	6.714432800487265	6.778333793051155	6.848041413960495	6.7536960747283965	6.562801067654863	5.019728511710211
RAB5A	5.708729336752478	5.713494508139135	5.82556642004578	6.02309080460258	6.201395971946902	7.124625019492977	7.303520389402956	7.078457351574861
FAM134A	6.516456865401467	6.5657781752109905	6.44661388657971	6.367673895753562	6.095265386149115	5.111854204200474	5.354753570247391	6.105997632279962
CTDSP1	6.2453093183215564	6.346940570946899	6.282796656657338	6.136383140676268	5.954126906992263	5.135977976320236	4.77773825786066	5.471977629349181
EAF1	5.226023702127014	5.339430985438773	6.02297205767103	6.641368373333101	6.945273947000164	6.808499230983754	6.289469931419296	6.675038857470735
POMGNT2	3.393276311756585	3.487284688266442	3.4640643321534523	3.0991858005706323	3.128092050347867	2.7288131060944387	3.007457623620171	2.0644969568656393
ACKR2	1.9158876873504613	2.0606458444204354	2.1276648097011037	1.959817535701919	1.576055839815906	1.439343060896287	1.281822833570125	1.0077389761869937
FAM198A	1.185402519663831	1.2046581077803276	1.1037350213119197	0.7468934294965598	0.48234659242203876	-0.6326525433430834	-0.05266766912175441	-1.7100420694740928
CSRNP1	3.132152908915921	4.587600974015594	6.645994761390416	7.2368265422005305	7.393877787507347	7.488837093619805	7.1127449976835795	7.109571303154551
ITGA9	2.58887778423348	2.5495042410436444	2.4686073148743977	2.45143453780719	2.3570668705171585	2.9786579819334413	3.577922082616132	3.160821012872452
GOLGA4	6.537402265067359	6.320411151511168	6.362098532012853	6.483076657163658	6.535890913728716	7.674313347375453	7.766771710371202	7.744454056125949
CTDSPL	4.390722340761268	4.412737677764488	4.452160508552511	4.444045790179354	4.418510393249802	3.985190754519301	3.8060173155743255	2.0163115678171977
CAND2	2.730326545006612	2.7391705737109717	2.8780027619682302	2.6380544225366878	2.66226500182851	1.6689213721423255	1.4038112497792992	0.7123840362578613
IL17RD	0.393504254375446	0.14857612998255026	-0.08913688641881339	0.32000813635379466	0.3285425774521334	1.1644636955318741	1.8262923789570968	1.431960244965801
ARL6IP5	6.059274649949102	5.97775963936188	5.918479121948251	6.038430169962624	6.044977462862262	6.123992993127882	6.287319749440927	7.284761978385145
LRIG1	5.2449196090431816	5.31209744548263	5.417332152186534	5.368761162436389	5.26130267256271	4.407830781315533	3.821492225825649	3.3265408831982928
LIMD1	6.350397405755771	6.3537146755455876	6.285740982764494	6.164190243823963	6.130589236174824	7.001926639318385	7.318080092876397	7.498355470220771
NFKBIZ	3.6085387434722835	7.242907729352194	9.56610838798915	9.7045991769432	9.20862013136877	7.171480471366637	6.745595482609707	7.078336313035551
COL8A1	-0.8597000863620965	-0.6964132696937484	-0.6680230144789265	-0.5506524907720841	-0.4557067654455606	0.6558870654328961	1.4918486344617525	2.911067574575857
ABHD10	4.5282485482015264	4.449857914788369	4.340497444576551	4.072424770743726	3.2468246202611164	3.149995689952208	4.045841082414698	3.260409273397087
PLA1A	-4.551196259797653	-2.557279236116457	-1.233629976825262	-0.6181303399577426	-0.25854995116374346	1.0790016292454587	1.2366388249712594	1.1541296881818983
ADPRH	3.8981040304041574	4.044275771897613	4.16079713746525	4.535384042122166	5.084122340700981	6.438154838188719	6.620478683880823	6.030482090942013
BOC	-2.3550369166703566	-1.082282244252836	0.34513342405952663	1.619998044730883	2.753778401473164	4.3713396488773295	3.48900823735379	0.7346579558320263
OSBPL11	4.627603498980875	4.596990627028692	4.2418509061705905	3.9611995250203145	3.3638118250804894	3.4824139482983427	4.076809851602931	5.22432245484764
NCEH1	4.920018019197881	4.956667894154615	4.991638231458108	4.979506103982556	4.972746027810896	6.241627987206803	6.565832409303567	6.025780084620639
KIAA0226	4.981513322812729	5.055224902033185	4.918217170488957	4.805621459380795	4.554818790802133	5.844158999788119	6.7582339866689924	7.467671878225243
STXBP5L	3.046808927088124	2.894908749774852	3.0962238573100542	3.1206116572033844	3.0127990591107086	2.67335485945691	2.579916332385109	1.6270354658130022
TM4SF19	2.0217026117531693	1.8588343632634814	1.6850686269576571	1.6811172088602013	1.5571410231200504	1.5321252318980554	1.8113640544276326	3.202118519395239
SLIT2	0.4509014692756352	0.45919198454715815	0.6480322015538746	0.9011270518637478	1.1261719933728975	3.4386998651926275	5.172493266624417	4.655597592394627
ECE2	2.3452264250028003	2.4644556422630464	2.554802245143736	2.460334644452983	2.325476293164864	0.7437042000776826	0.562537253221568	1.2541433771265553
LYAR	4.636162873295971	4.629969458355747	4.652806013753909	4.970102555608493	5.001379157925769	4.114183996582562	3.995999488572937	3.607384191506121
CENPC	5.351031942180519	5.386479076258606	5.431219498559161	5.263996096975531	4.752563456200546	4.722299304050361	4.858430639014664	4.2509553009813565
ATP10D	4.607283117460106	4.514865442834423	4.305979949077392	4.100467162607372	3.931644746541441	4.035436740892936	5.060924391801459	6.146510415142769
CAMK2D	6.8642119713392695	6.845453410118215	6.932468581272809	6.960930832740492	6.972821679143166	7.066783334356758	7.666241325151834	7.667754994645666
DDIT4L	4.714729312976228	4.282640363612037	3.4482354310123453	2.5807113895182714	1.5480568022702967	0.5560294507665123	2.107636134738067	5.1081744516126495
ANK2	3.64364283108935	3.6154425828105383	3.5556380710724405	3.5422355237614718	3.613354508154316	4.816970322908503	5.349621998646473	4.65244739535977
TIFA	4.227420404964694	4.7864846960339476	6.2500080680029875	6.952468949819954	7.084669339168402	6.530604013673943	6.200679126453059	6.302113734489528
SPATA5	5.228797920047319	5.163888668284047	5.268409665975837	5.238414757324272	5.246276416692363	4.603251639340935	4.4885499722648206	3.574514027158485
FABP2	0.958282974661562	0.9916456819096017	1.2639389571686688	1.3576619465651074	1.7849352953253854	2.5007993169644434	2.6600210710050423	2.629417756331462
CCNA2	7.30739521431062	7.317588114832915	7.370336854829008	7.29570265715077	6.955808491199599	6.630541728422573	6.932489792370115	4.571107837762966
MARCH1	3.6260125179750418	3.6851722556955187	3.449045912088672	2.884213368445351	2.2763132567729896	2.19663843677092	3.2494344148926557	5.420023041137963
SFRP2	-2.953282793806466	-3.2047600867986707	-2.9573155105300595	-2.327849385969314	-1.6782580284103448	-0.8407777166190769	-0.48465817438520176	-0.14975781197634022
RPS3A	9.46297706816831	9.3834036613661	9.441313294515648	9.56953108436861	9.635333281458408	9.699598794209866	9.518863322945524	8.260342060868116
PDGFC	3.868587216459008	3.8141089698865156	3.7900374589543304	3.598114932320596	3.368734638184243	2.208112041611826	1.9859438644016558	2.5546845149641366
ROPN1L	-2.227394609193463	-1.4843355104316163	-1.0025033161837102	-0.750143094749097	-0.9699687480505552	-0.746758294654151	-1.061246420236956	-3.6808355938479043
NKD2	2.1271313663992517	2.4901603287382224	2.640949433649268	2.486969606736718	2.2490922486636906	1.593324644182442	0.860838637057926	-1.0967446697223804
SRD5A1	3.3129032084033865	3.3210870962559467	3.162805492471744	3.0372188841575922	3.151632869325428	3.3157035721421524	4.2270854332494405	5.429758065024739
MYO10	5.008437888456054	5.207892799987765	5.2179666626401104	5.361122877127238	5.564232325585094	7.889963172209525	7.394580657558015	6.45602663485085
FAM105A	6.8314132653611965	6.902580354655347	6.88230359962275	6.706953059326693	6.045035559874069	4.763787728575775	6.043703934183625	5.785649063020788
SKP2	6.170861548066201	6.128649330451838	6.146746347929258	6.039986231146657	5.8554283220241015	5.453539783275705	5.541035076474374	4.484085299365503
OSMR	0.5032453475208258	0.37631720522747103	0.4339430840417873	0.5171583413154521	0.9129495007677582	2.7535443933188186	2.8313266862539104	1.829637226066414
PLK2	2.967563687360674	3.4195040615629937	4.496595588077775	4.875855308476554	4.682925770146196	3.370514793915758	2.3932560504287625	1.5705245768191114
LHFPL2	4.5917373717299235	4.535043513675891	4.586945168028367	4.641776554209319	4.892623629700376	6.90895026056289	7.122944888402568	8.191822819913305
SSBP2	4.245666095510362	4.410090249844572	4.297800068850531	4.247311155547907	4.240106735160444	3.631480362771018	3.486527592732105	3.196104034085442
IQGAP2	5.0667620773890265	5.092611934609616	5.086246016136334	5.19030960248836	5.132602540849785	5.464501047285156	5.583760063066467	6.772829909076597
PPIP5K2	7.4179390444846565	7.3016519115798975	7.3760008436911235	7.387245863314048	7.391658985224894	6.855616823099815	6.362773567650077	6.568708675392271
SPATA9	-1.3381631490520953	-1.1616110652840583	-1.1982721732809303	-1.6126357163092773	-1.4074798452517703	-0.8537353673435476	-0.43729709640122394	1.0873129106463701
TSLP	-0.28296528241036223	0.11593236108345796	0.4896027029746656	1.2450085787950929	1.9464752950229602	1.8689273454194004	1.0535273472212179	-1.708951463537868
TNFAIP8	5.290113467673802	5.3721518960027215	5.807038405557786	6.672457203366017	7.513565945913888	8.103192734117643	7.843850431696572	7.448315651309239
FEM1C	5.50510937392708	5.630434405931405	6.30987524344439	6.6044802029576735	6.714834348079416	7.585838056271632	7.148422351085996	6.7681242859616955
CXCL14	0.8678399546424405	0.6713891645385277	0.9226254512937739	0.7427878682636295	0.7926112433806141	1.4808569438259223	1.746300493551673	2.7931622511999947
DDX46	7.222708771600544	7.132875166858009	7.175146520687276	7.366490893695949	7.351507212975482	6.9534712636644835	6.531359795274413	6.150619036289347
TIMD4	-2.2445145988906554	-2.1735314660294947	-2.371981566667951	-1.5905830881235798	-2.2129583803213366	-1.4063326381217642	-0.22521284491136823	-0.6388001259379374
GABRB2	2.6117931344322667	2.4679935318161217	2.19428363264349	2.242755539180818	1.7065780080916544	0.34202748849535414	0.7265697905168069	-0.5345160430288612
PCYOX1L	5.422891521506925	5.405340274332536	5.4070779853707895	5.433149805752757	5.368174781614797	4.781741870470104	4.427105410021812	3.8452316414874623
TNIP1	6.052421174771272	6.141144761708604	6.307997960822847	7.077371172402204	8.082070552694457	9.387940970257551	9.388174628583238	8.352054661360166
ZNF300	-1.9080673848837773	-1.9991334059094643	-2.2787089175549604	-2.4975216823145345	-2.642911722203767	-0.5211965928134898	-0.7209730176047745	-1.0430869700536944
N4BP3	-1.6332180292868803	-2.0276799243646106	0.4605721492838524	1.618909930059615	2.4408120109813165	1.1357246646340797	1.3275914315904231	1.6666450603791665
NHP2	6.033115745643219	6.057706317805586	6.114005829232703	6.190330207033326	6.207118869286545	6.185065881451621	6.045467311548293	4.707912141039564
GFOD1	3.879954378733582	4.006067353353162	4.109337834282246	3.8478307152578917	3.4085230533716233	2.439880743176929	2.722596509871094	2.4749979475994834
LRRTM2	-0.9059602570692287	-0.7235161184355663	-1.110295484891216	-1.5417538590881237	-0.6148125761291463	0.0194590149311335	-0.34061704673308435	0.034449701613209344
PLA2G7	2.44188143015359	2.486093602744072	2.346353224000334	2.3910373710177115	2.4261510623094016	3.0121397549026288	4.181901097310551	6.764208819189459
RNF44	5.616067378595036	5.763837538117194	5.750533538593379	5.546745496104862	5.208219195371084	3.838985719602851	3.3428402546496074	4.839865177314788
DOK3	6.423830638254913	6.502652016816357	6.328882464630807	5.966629896995195	5.401790536765458	4.893992936666725	5.250136171937589	6.99360830102094
PPP1R18	4.824308805289807	4.694866148620859	4.980851244638924	5.276394991647674	5.40757180186792	5.956581593100908	6.453398525315359	7.347178631564622
DAAM2	-2.7082249865635486	-2.715587998203656	-3.6563793674350817	-2.566195161067946	-2.184962943599575	-0.7211783098188669	-0.8415742064896226	-0.6925778966383846
FGD2	4.483403584762478	4.5667521433207	4.333364090318806	4.296433290539679	4.41020254565206	6.546740610750126	7.548938246262643	8.214268484069436
NFKBIE	4.8749713731524755	5.337033683718195	6.378667558126782	6.886772496568565	7.117686521370685	7.201194948647432	7.440138397164599	7.595026295570774
PRSS35	-2.4538845465186485	-3.107634060811275	-3.4184653667190106	-3.409471480795465	-3.0042774884422867	-1.5712042229647625	-1.1274876214186624	0.5687931343739779
MMS22L	6.477586932128757	6.399764681400738	6.422755690410434	6.3941622463462195	6.182335142314928	5.812586947428887	5.74934466532637	4.320162408105923
PNRC1	6.91344450907182	7.617542177179571	8.910458887421536	9.420761332360257	9.451018595268403	8.507108828953358	8.096640862782923	8.208710591911021
PM20D2	5.393171213232884	5.274265828459637	5.318145364661483	5.395694652255538	5.477196301789737	5.094244388057655	4.663646243689204	3.904103555617664
RNF217	4.580005130758577	4.559985282795592	4.558413212775751	4.446917171423612	4.44792869823832	5.68160216633296	5.734813389023257	5.841791382060489
RSPO3	-0.953953135026075	-1.3041861338276124	-1.0364915933931371	0.2861141670688548	1.323516136003457	3.600572812074488	2.9301447574633865	0.7376420759746426
ARHGAP18	6.847141182863006	6.71278682624897	6.619591428163496	6.555850846357345	6.339214980464606	5.551639625668468	6.013916337667286	7.312482390088755
MTFR2	4.949739738684183	4.952681745442298	4.937848062163783	4.565758927394293	3.988445342448808	4.078466616430719	4.54493848779917	2.550384956280128
SLC2A12	-3.027277478429717	-2.8238807045742735	-3.4730400512863673	-3.5385292688889014	-3.3182213707906105	-0.5865028353102174	-0.22068630391319646	-0.41842006268416587
AIG1	5.483712867654161	5.573613907632906	5.714673098121999	5.7371158265875195	5.773638934055109	5.632950742552639	5.432313861095138	4.437659267661049
DYNLT1	4.856858433620886	4.887527391110603	4.808563615245318	5.0432261959378195	5.486237950600852	7.139855865773649	7.698867882000078	7.925873316154434
TIAM2	2.006764125601928	1.7841595705966142	1.8829496776839347	1.8707916696723346	2.2940104382437365	3.2720777063384463	2.9576773460038623	2.650712950731585
WTAP	6.9511530597180435	6.947345122861992	7.4724549663642	8.205983254810489	8.902986136074636	9.254088664773262	8.89772332801251	8.88985719234589
C6orf211	5.172352264642981	4.960765333559016	4.790873122419587	4.529424897449006	4.226526145233176	4.088374214683737	4.6364864220931565	5.245980689670958
VWDE	0.6418281728581429	0.39665808568585836	0.41714045926856114	0.33055979299036026	0.3831282374580474	0.49965658871715457	0.538695338905727	-0.9371833177029468
CREB5	-0.7680714315611544	-0.7297415421559118	-0.2676413388352549	0.028022924113124598	0.7015933805475549	1.400479183461938	1.1245782443358903	-0.35714727741155955
EGFR	0.49839447160939965	0.08223981022841692	-0.272949134786054	-0.7194350340190138	-0.3602374033689482	0.5683795903392193	0.5571493154162004	1.5347526311815454
CDCA5	5.918637113733535	5.79126785004015	5.70298088195848	5.584585807588725	5.482695300750526	5.882193938049296	5.792005002453026	3.7573127434897495
IGFBP3	3.085724799945262	3.2409504460129823	3.307783640243413	3.9323659906821185	4.813141854049643	5.571523067039915	5.660962315025759	9.79936471323309
SRCRB4D	0.7859388878113457	0.7792784468882437	0.503354666520848	0.20598265136054453	-0.0952190137464885	0.353649897190733	0.6812755046144079	1.860260382449677
SLC12A9	5.798995368447406	5.899804552648401	5.870722213088214	5.647694860664229	5.585803536557087	4.6230663684949604	4.415622137443377	5.499156455379035
TMEM209	5.577808424928177	5.643626439845239	5.573694490876805	5.539190999994172	5.432586251805395	5.314786596160626	5.323345130671727	4.335923603542145
ZC3HAV1L	3.7517702006555416	3.6199567407736377	3.702192769020492	3.448265531261279	3.2459396339491415	2.292058548550874	1.921127145349329	2.183529469209411
TMEM140	3.8349653741894794	3.8902116026882156	3.9040340637037034	3.962297315343103	4.344958263249749	5.6047405082257296	5.870414416669996	6.092747118152147
TLK2	6.150797600788904	6.19388580174091	6.266547884864222	6.236136140312627	6.0797322761766	7.151898210664795	7.440525572147761	7.534763705131569
NCAPG2	7.390520406378701	7.34369591831291	7.391942093989931	7.442756676883949	7.406373550891081	7.058182468603228	6.87744389072334	5.185438003493843
SHROOM2	-0.559563510614546	-0.344964177607178	-0.39574378336149657	-0.7739946849229982	-1.3990157136132981	-2.7812096853607517	-1.6441099173017963	-2.0861664049814572
TMEM47	0.06761301342548931	0.18957547196478305	0.47226167123124674	1.1825853301901093	1.62853462157927	2.738427648657108	2.508727595010165	0.8910911123846439
CASK	-0.03354478006459613	-0.3125919408505117	0.06368530486737314	-0.3371663065745383	-0.40530633230294866	0.9996388474959386	3.100513918101617	4.243260054856988
KDM6A	-3.152283881646449	-2.918702877712532	-2.700418133747017	-1.6581714236434613	0.6388326541211038	3.963267870872416	3.730070532020763	2.941892110426209
SLC16A2	1.6889030771998028	1.8258153915627182	1.8246929313553761	1.8150757568970928	1.8661404214861743	1.7727876791286876	1.515553110096798	0.1684242117491875
CHST7	1.4159714795498237	1.2437786387903809	1.475292891879968	0.9929759758041266	1.7995776320723054	2.604445305003225	3.2439458570449626	4.095880475217839
ZMYM3	6.072513466439227	6.212061950395965	6.068047096500813	5.915631478915667	5.54421071891923	4.755817555769628	5.484201075023719	5.8538502854343655
LPAR4	2.223304394602544	2.201466013955587	2.4126244961932612	2.5132059480433915	2.485342990308628	1.943081740185893	1.4431137926471767	-0.2289978215886701
IL2RG	1.795567657331599	1.9558684993136473	1.9273332692549237	2.181763890719582	2.3845370202384384	2.7369465216955415	2.971338719200709	4.107155848848075
PRPS1	5.67903732952705	5.654399702741646	5.677914551618166	5.6764441025539885	5.645606135626572	5.245635089683489	4.8081551556321305	4.575207631623508
IGSF1	2.1166132655978247	2.277106219779389	2.415899624165226	2.5030268085134466	2.5901805520018404	3.120586655181259	3.39605943045125	3.906111180389848
RBMX	7.96764175557289	7.966322022523432	8.026391839513908	8.142874544874186	8.159405143661772	8.098041912324547	7.892753917129855	6.784745315173759
MFHAS1	5.922950419153366	5.976093264648256	5.992548861421126	5.929188443162024	6.11427161001709	6.164354493789944	5.7518247686179995	4.494737917538824
CSGALNACT1	1.0919354267450303	1.1292920179963115	1.1005366422200022	1.178450033111992	1.0336927871785249	0.4794383701793035	0.04836413090005308	-1.5522783142639494
ATP6V1B2	8.136221050660069	8.091060515389975	8.346216202250575	8.729879896777936	8.934547233483874	9.288035842894416	9.353602968248232	9.839504162901001
SLC25A37	5.1168755202700025	5.14151762849408	5.189226035118811	5.290635174333532	5.526860675635664	5.285690487062865	4.519905217106437	3.639290311128479
STAR	3.3084236690561903	3.526624555796153	3.5290138757749077	3.5624063563518416	3.5264291112497377	2.4381518220291043	1.1537861161249199	-2.1238890087300413
ST18	-2.331123506435189	-2.453483887851828	-2.505540128801951	-2.9730420582250545	-2.739556270791991	-2.793144005512514	-3.3895293131705753	-1.2286280508147662
GINS4	5.993766959147868	6.024118528686245	6.086384138365522	6.19302066915632	6.253773779439798	6.26435124202461	6.006744737812323	4.233129411171668
RPL7	9.883497967765738	9.82464322392018	9.859875762898888	10.040556058169363	10.079816761263912	10.000094713367442	9.788985538535922	8.70530100668294
ATP6V0D2	2.3755552236420914	2.19972807227974	1.880618317384059	1.411575796475708	1.4320577482254684	1.1566719259268867	0.8854648162113328	1.0441453650027297
DPYS	-2.164710599944636	-2.1734888501102914	-2.0431091228124467	-1.445735974711765	-0.19121852364818076	0.7013244250134667	1.0020711198442875	1.359956555367771
LRP12	4.558520595365255	4.655092773115545	5.157484756858164	6.045072518900522	6.835548034629714	6.605478815773823	6.034023222733809	6.830465003088992
FAM135B	2.355825837795491	2.1210173948504196	2.1506293495130095	1.7961253589550625	1.47717376689423	-0.5666913628764374	-1.6920528806430903	-2.874817415087077
ARHGAP39	1.4114474604603533	1.4803173098487121	1.6898797016345446	1.4587055113331062	1.3220041581117634	-0.06879778077749607	-0.012860137371503655	-0.4656253812251109
SLC39A4	4.148423377184227	4.344140285252351	4.386940032454646	4.200209145659898	4.3775979979339645	3.7957499205236624	3.2534728973046647	2.956652931697021
VLDLR	6.127860052658523	6.204348298110963	6.142491218860734	6.087050443258455	5.7916158809946925	4.060607419744767	3.4560645777240975	2.824761856562608
UHRF2	6.176868853411246	6.064457211808323	5.96635910348256	5.796183442994048	5.325130631253208	4.774090151513131	4.639195140813386	4.170361018566993
HAUS6	6.72204895264497	6.689525262967796	6.738079859775072	6.624531887441286	6.390807526632592	6.467972656632135	6.3822385938375295	5.5880065233440055
C9orf72	1.7893177181604645	2.163358003089589	2.4730150297169677	2.655931566395342	2.660713524591559	3.3740990949759615	3.233919960995965	3.1976201619129148
SIGMAR1	5.984366935955713	6.112045206376669	6.044130712660847	6.0378853095608385	5.9545744110298156	5.066487773836693	4.743701422520667	4.502057079232609
CEP78	5.6706584576218555	5.582972884875476	5.611736608460971	5.593837830636401	5.505829658620452	5.285748440717368	5.428949434342098	3.5107378775503832
NTRK2	-3.0915975293961964	-3.914821931510927	-3.8238569624685823	-3.829580810430845	-3.5067282254705017	-1.203732408411457	-0.4717282258654385	-2.850140622442339
AUH	2.8311340375158593	2.716490155302329	2.5749462521139295	2.6588432132403215	2.64142763222203	2.220910250616419	1.8163940819189506	1.7069110940325953
ZNF462	0.13173041675009925	0.5671965051451887	0.30487210515008567	0.02414635115099603	0.22588074836865835	1.6730708209224063	2.2868179109997966	2.6876486903673995
INIP	6.2430912261197555	6.249375527560567	6.201603526277791	6.154466878373092	5.987767337870594	5.89709409391469	5.839138769389712	5.242715853956639
UGCG	4.587120548135588	4.657448167508272	5.007919987515402	5.3166497965434205	5.456596477287524	6.189750319071046	6.390843443329224	7.024338047639358
SNX30	4.568301511418891	4.581841147292025	4.643895908422868	4.505229429640283	4.2708626997901	2.9019119630482084	2.7049093358000516	2.371188442802185
WDR31	3.390916827898433	3.2692414959578806	3.5064641895645723	3.4206138815742317	3.700498537034327	4.635945087618595	4.305826525204532	3.3528651579231217
POLE3	6.6576458029024685	6.663091389713365	6.624677281059979	6.5791319185659844	6.477759260331295	6.159901588678622	6.014738765503692	5.057906104533879
SURF2	2.4506247409736543	2.432082245663434	2.311067616952583	2.3221565197377116	2.245061915110092	1.3802623800460894	1.6811253489745654	1.948124317673387
SURF6	5.115766124663539	4.870692903677083	4.631894925788398	4.367522878708319	4.064837680632804	3.4838339622767576	3.882080441331254	4.290745911393943
MED22	4.697717425758986	4.62355462602664	4.416433850708802	4.199753018056771	3.9434112464474818	3.589480117274954	3.829330032982077	4.348807985040875
GTF3C5	5.951654131052653	5.995826806908687	5.96650370155197	5.871195010737404	5.553374134086992	5.479409190251998	5.61110330272313	4.781100263738956
SLC25A25	3.1516658824923462	3.303872877554408	3.4209344263006294	2.9544526136047065	2.611652013449793	3.3790221122524153	3.9400853888523573	4.794626583964993
GPR107	6.141833947330808	6.1026720532937855	6.059145352149381	6.016844614017533	5.977654124263722	6.2525041150347835	6.3905900318870845	7.222505877868055
NOTCH1	7.948430439421745	7.993938365427189	7.976175378832201	7.849832741578098	8.14245626472485	8.958412824375232	9.110664255385405	9.64866418228956
NACC2	6.9096108918659365	7.029764116246939	7.235321805531893	7.466710754575511	7.826597629800455	7.668880713260833	6.554904047141097	6.16066700232091
USP6NL	4.334763795403461	4.320346601668403	4.3818130857657795	4.390069372889478	4.284229736961873	5.697043735682847	6.106379158524899	6.846641379236642
COMMD3	5.499988789467887	5.5894187195765435	5.594207283389467	5.620375336430507	5.454155147874273	4.936481044464902	4.746841936685367	3.7595190085766275
PDSS1	3.966402487558755	3.985343122866302	4.579028539420808	5.217069733614283	5.654805304492594	4.641438400706116	3.861557874208475	3.0036685714620903
FAM171A1	0.23927346251036657	-0.14003241563601976	0.3384526725994966	0.3278611147460623	0.38121460819412245	1.4930923019805329	0.2926614340574458	-1.7050649897549648
RSU1	7.055767133831802	7.064056280840527	7.071576640416138	7.229971331048718	7.24398103499082	7.652267025717338	8.001523623224681	8.477287829457321
PARD3	3.553065605780506	3.6302462470444503	3.773790026443371	3.8427485216130726	3.74105480127829	4.162756106928654	5.133381716526149	5.323132381907337
NRBF2	4.834118463641297	4.821142251774159	4.692830055257634	4.591027748643802	4.453434781915096	5.326282304871372	5.632994030770827	6.197057044747125
CDHR1	-0.6455970942951228	-0.5068408340556321	-0.8818598269932778	-0.23142133874771	-0.4591808671024748	-0.7225409704524437	-1.0892022456435704	-2.8616546954713487
HERC4	5.86729953957546	5.763506917324149	5.776871258432703	5.8401995582720785	5.790390619595021	6.151807298065831	6.501445454457871	7.02073518135517
CAMK2G	4.591526004676697	4.631923034869168	4.563902926621591	4.361173306676979	4.060841483944861	3.0761965626268606	2.959354443272371	3.370150689169451
ANKRD1	-1.147201787091713	-1.4254174864669604	-1.1032549080569976	-1.3718564852126027	-1.2965666979658752	-0.9251399361811277	-0.3780010638429573	1.628122805809295
PLEKHS1	-0.6168007407154478	-0.6414581792165173	-0.8171876752765803	-0.8109550392510119	-0.4082856097338103	-0.16294245316091743	-0.07351565791317788	0.709567151713093
TCF7L2	3.1522549936056037	3.2135673585375546	3.3700914393228745	3.372612160657888	3.7766855185507806	3.5030184449209765	3.1910907132975557	5.257527436957333
MKI67	9.559729666075922	9.520009912443609	9.448977454847688	9.442105191256427	9.303710643428067	9.032707384036474	9.594746188581997	7.26340211793541
INA	2.7851658695551826	2.6629646572117256	2.609103895219219	2.386663239839789	2.3360870493456005	2.34977571324202	3.3009171564500575	6.5615792370424275
PAOX	1.0018670349181888	0.9344201420198389	0.7132559603391018	0.6108475452735833	0.6786036799297759	0.46382632272751784	1.0775497671575802	2.236336439282376
GSTO1	5.633438097615285	5.544736007370357	5.533561652566005	5.524623313844503	5.511617783336737	5.592050410191049	5.7477588265557	6.871538530459203
ADM	-0.5070972736193773	-0.09361994226870718	1.6543699075127747	2.242323914019786	2.3917270503114256	2.029233700780321	1.9593420434540714	3.122805238901152
LRRC4C	-3.825113330146893	-2.6084162697320705	-2.77547925165153	-2.928970488517248	-3.2238049970957725	-0.6399627043219963	-1.2100274250360383	-0.20095765844110614
SERPING1	0.849706718586581	1.6426336243859847	2.5414023987992187	3.5705065617996867	4.497354103259061	6.927766997521787	7.603629480027344	9.564335166846398
SSRP1	7.858494386226001	7.859407647389611	7.879062317476497	8.037564731966974	8.077009233176085	7.853373044107366	7.712112832317007	6.545546684500121
SLC43A1	4.9688632272214805	5.162645124146058	5.123787423954623	4.983643370818577	4.885852686348986	3.7786612526827428	3.0432887089150915	2.825321190392338
PTPRJ	7.778032744326927	7.713112281571718	7.692076060291475	7.629408989930704	7.671947181594961	8.1665737890456	8.690291684803885	9.774426253365359
CELF1	7.167180920717518	7.210882337034709	7.242724923918946	7.305691739071905	7.374748147868002	7.373843462662316	7.538496773830665	8.269113600885063
SESN3	8.830782427335356	8.858636463016232	8.940321013307264	8.850716038835941	8.807103841342526	7.963935208574586	7.451753847219412	5.271028607213269
ENDOD1	4.396923254001666	4.374894115145976	4.392987041481561	4.302486416348254	4.361118768321141	5.742798008271051	6.531341198778085	5.929453098520746
KLHL35	1.6665461599594131	1.7637815484513772	2.02950241586938	1.6623137085748039	1.6857596377363373	0.4614514770054289	0.6259639399475371	1.0827488375123933
CAPN5	0.979222974853268	1.0136162187315616	0.8502435168088973	0.8791717402572384	0.4898516554966351	-0.10506397290412232	-0.061107207167405045	1.2081233024670799
ZC3H12C	4.863079988163258	5.33664726665948	6.236884764888039	7.292309050740461	8.10544756269163	7.089274216795112	7.095477235800985	6.841807616099835
CSRP2BP	3.623941303070552	3.4068252075519228	3.2949199105607185	3.032903134846996	2.0629116865617703	2.1912957769801173	2.468382587486669	2.110193402830297
TMEM138	5.060263256640618	5.2085349531825855	5.235337217139871	5.388032585257139	5.517539486803211	6.122048110914854	6.617653325741193	6.639709915698816
FADS1	6.888525897254132	7.031156399524727	6.996284314425267	7.042972022946319	7.035310867378048	6.398511097328682	5.531355166746846	5.307687739563882
INCENP	6.610427226671387	6.7278867488778165	6.660408644166457	6.624128087471448	6.193662446612092	5.792862046971136	6.467830814352467	4.553645417335698
MS4A3	4.724543252647555	4.942517032548419	5.083854235354891	5.240840527895655	5.290130983589266	4.948247710912735	4.320352712735329	-1.6126739349948216
CCDC15	3.6024410893107954	3.5384249893500925	3.4527824927181996	3.4063458996358533	2.9949073958662207	2.6926887048109718	2.890157454443923	0.7573685996835677
CHEK1	5.952582584968812	5.918686424245628	5.980400422473368	5.945594838291251	5.855188322299913	5.614761593044314	5.664273046295902	4.3580877701643
FEZ1	2.845079743748042	2.8157233669048023	3.0901276769578088	3.5105948868876977	4.388159843273115	5.38914705489843	5.29005064440898	4.462708195338316
ESAM	1.9241986647765672	2.024573434846153	1.266927736050294	1.3518954799653484	1.0465881287139474	0.48363943311218194	-0.29823321382604306	-1.4008083803109834
TAGLN	1.1548976606607106	1.4360152718326615	1.2856336773679762	1.3737440557706444	1.4524236248186533	2.2126008300162976	1.8001162010889262	1.5701889421038606
DSN1	5.26208268553179	5.279433354809543	5.247631406526335	5.245194278986599	4.86606288713269	4.9196164672911635	5.071033271609803	3.485254243323956
LSM14B	5.3287504309211755	5.267700725593362	5.239347954953777	5.0816746271677475	4.767863759625534	4.104466583980219	4.3295414536333166	4.747500891483068
FERMT3	7.208380335965807	7.220331734509333	7.182983238085814	7.146771902643941	7.2093423108381245	7.304177125938799	7.6854299462331674	9.473619759100705
CDC42EP2	0.31857487808002455	0.5455607171559623	0.8876535543973577	1.2116940759011912	1.5489553286486935	2.5236398559824407	2.457260878248337	4.293196247823977
FAM57B	0.6157568554452552	0.6864957872099114	1.0607788515434873	0.9330281561998867	1.0419577815046315	0.5421650649405727	0.5466256743291151	-2.519716086727111
HIRIP3	4.52852505282274	4.498976087091583	4.438452358231551	4.534676897512311	4.353980810950366	3.7648394535004783	3.883658282158299	2.617525135829492
HMGA2	2.651430646534135	2.438511198151409	1.944481728087424	1.8705464267000225	2.047482238038798	2.762250743512472	2.4735083492280134	1.8380706225113377
CNKSR2	1.3803172928719523	1.5451928971570046	1.6369622657582914	1.6580057908984098	1.5989185204776983	0.19938745671925756	0.22011092943588115	-0.638552970662245
ANXA8L1	-0.874112663420092	-1.2006813875633573	-0.7847289195000597	-1.1729134361035438	-0.5664677865686174	-0.6649992722788423	-1.0949907494733813	-4.551196259797647
FCGR1A	6.569779151574873	7.08346985931983	7.733426550985026	8.228662951228802	8.611048173070525	8.958330726386937	8.849221310980568	8.516654375093186
ARID5B	4.320223475851229	4.30753608196478	4.217851976574908	4.367627092105318	4.835042727462053	5.155660530088873	5.764523874839158	6.7705199426762706
TMCO3	5.446174029661654	5.421624494476107	5.389035509693194	5.402500268526411	5.406695636193602	4.96617196143244	4.3179721933566295	4.284162111978867
N6AMT2	3.038594813429876	3.0103794850722156	2.9214802525156007	3.094981708563378	3.0150182327078285	2.251057917803862	2.234285572384056	1.5957729978542559
LATS2	4.083796641128654	4.319251168797166	4.558105406860488	4.624821018989307	4.534879979660088	4.927965429402883	5.021561590672388	5.741466363907708
SAP18	6.547116968392601	6.489539968842202	6.459499968629514	6.733678613380148	6.801945031261493	7.340631742823682	7.6484568219723705	7.606020215145542
LYPD6B	-2.609369770143087	-1.7379196883042454	-0.7446003132578796	-0.2156431168623913	0.17844856099056064	-1.4667615241381111	-2.6196374485456415	-2.0911252154546256
PDCD4	6.741206938886837	6.720940239955215	6.777771201102473	6.893221368562316	6.77537141100931	5.866119522184797	5.047961550397901	4.030194882873755
VEGFC	-1.3373573801498209	-2.3372706637062626	-1.374572538766122	-0.19434603715497933	1.5867447088147226	4.278651693870753	4.406261408399342	2.8588995721375667
CD226	-0.30826046503905796	0.04635734353944949	-0.11626677043185824	0.3096773959988365	0.7382731991537723	2.9957372912104905	4.097330017695587	2.6366457947997635
RGS18	5.231211082207404	5.1289269946678004	5.03931209872122	4.825613965793734	4.254912842702896	2.782740860523196	3.1831146572089235	1.5874488686107053
PRSS23	0.3173387907777206	-0.07569983537963981	0.20143327136103079	0.8163679402647126	1.5167955447703123	2.23556629133732	2.2831314932026956	-1.00513013479417
FAM173B	3.785331822889642	3.769898931213371	3.78943201795268	3.7561272141735174	3.665867076552286	3.02190595959373	2.8506566529219217	2.3101579817104314
DIXDC1	2.7962555615367415	2.715564862879627	2.82455024313293	3.1052960848733395	3.986683728972782	5.843840052246952	5.513461748898022	3.1042762979896246
CRIM1	2.2055301757514973	2.234641838489384	2.216245386093526	2.4183181210018745	3.2564547562081456	4.919235995068066	4.9593903733943865	4.800856508375688
UBC	9.66138855807311	9.8247341696518955	9.878365945686447	9.976381341809336	10.039562645620926	10.220067974732139	10.542012824052957	11.3242736116322
ITPR1	7.905583747095003	7.933623067572492	8.030784090811647	8.084875189239968	8.114900462087967	7.229241694069228	7.129040855884398	6.785561525964882
SLC7A11	6.011874354789192	6.085055454464992	6.2067162243987415	6.138053471462252	6.100189423931296	6.9545620596475075	6.936940932782594	7.089508770039118
CCRN4L	4.788418717211503	5.131802598100126	6.33193330506581	6.926698477199587	6.901024029568742	5.80590329982599	4.991623830142535	4.11248001544973
DCP1B	2.0310007424937773	2.130801102089444	1.8947300410917551	1.4375892685708718	0.7294385641646657	1.4599285481956752	1.736552149715884	1.54356763260974
CACNA1C	-3.6675528610700527	-4.55119625979765	-3.5276579399225945	-3.295301296296894	-3.486786186681721	-3.0034200603721883	-3.4544773353305356	-3.5089590120347127
OXSM	2.80191457507041	2.638827608417244	2.3721742212479056	1.7260011237170398	1.1669557741411318	2.075557356995921	2.6472538429219385	2.599189151402299
TMEM86A	3.8881436305986865	3.8297404654599694	3.1380037856619745	2.6169342328706904	2.080731902076323	2.0007222726983125	2.80750200177569	4.490882136889724
IPMK	4.7681380196324294	4.761478062004102	5.078355263981322	5.031225878379844	4.617782575596596	4.682530986108303	5.023306009622121	5.80689376700906
PLBD2	5.169075455987279	5.329352302767777	5.228440910555641	5.167801018837263	5.310127791914175	5.2003029113756725	5.209779301108156	6.493206363187773
DLG5	4.991237857920053	4.92136275297937	4.966087107792489	4.721842943421855	4.453659211093774	4.318385547384531	4.374914345036471	3.7525497734164865
SLC2A13	4.957623932128573	4.958686802464463	5.05094288712286	5.070959071320924	5.057831329589249	5.514537850313172	5.9723156222158185	5.450136138167927
TWF1	5.400992703291157	5.376303376021273	5.465838127679422	5.525175640874517	5.659967997358997	6.5383272489742765	6.6397556806360685	6.945559379589809
TEX30	4.530507225440924	4.579486218990992	4.861588207861337	5.0502157235012195	5.03432020212441	4.096469377353357	3.6585326434984737	1.8694561538993053
FAM177A1	3.9401377035837726	3.824775263704967	3.9978310380831226	4.214758237912512	4.508187649075897	5.980269131171106	6.626323996114996	6.950602545382287
KCTD14	-3.212138429096618	-3.6420997696154886	-3.049931315911843	-2.295394794719424	-1.6181655201014675	0.30543536518191416	0.5604693877767595	0.028474400776037787
ME3	3.40048437260551	3.38636881724271	3.5185535674216	3.5021843759235924	3.54830336945914	3.306718190919219	2.92703053706403	1.25814637405734
ADAMTS12	-1.2054238606580434	-1.2580759055625146	-1.2768344788603962	-1.4105618249112233	-1.1970944898348783	-0.6255701196481306	0.016233856998209825	1.158368773976128
C4orf33	3.2631216905916767	3.232593908846656	3.256821164163503	3.4052511219437935	3.3896615240913794	4.079724191640432	4.55015722403117	4.629216528850851
FRMD4A	5.556423168053755	5.490683114745909	5.383104505486241	5.151851680896447	4.652014933686557	3.5210410255027598	3.705988744662474	5.502247148560598
PTPRO	4.529892465492491	4.402339276866957	4.105562748202958	3.7738358682077626	3.1088700300536427	2.871029667303287	4.080509699802767	4.087246538372952
EPS8	4.1320081479645605	4.04110463624481	3.981666785855202	3.9118577155075265	3.909299214608286	3.5021762492105872	3.70143352689505	3.0080030015992545
ACAD8	4.232125982744055	3.996697827418926	3.8764057911474454	3.633794626775731	3.3940626704359573	3.11239542670564	3.1771789582354284	3.2669055040340025
THYN1	4.004030483914018	3.8972917874783013	3.8004539328300853	3.8460590758647824	3.746554906709582	3.25222848632489	3.0203313691150404	2.6000479036164275
VPS26B	6.386560829946262	6.3516626308035775	6.347142870963378	6.230419182104888	6.028954437143339	4.952915578307678	4.875892561188995	5.151631424075942
NCAPD3	7.945246466353945	7.935545564022528	8.021158374165534	8.067682634584527	7.975018191172077	7.362080654165904	7.1012630648284105	5.5736377958316945
MMAA	2.4048040596372187	2.2969887245833376	2.411883126433665	2.395517392357709	2.783069211423233	4.478069385784284	4.371641758390627	4.341554066550122
POU4F2	1.7154903844463862	1.5749652528623144	1.4921379056319521	1.1819106613444266	0.7239855671415353	0.8296421181202074	0.9108605691844889	0.1327055414377877
AKR1C2	0.7649090276298334	0.30792269990781446	0.5284595851755509	0.7315981679444459	0.4649228526719498	0.13133623515216403	-0.1711182848998819	-1.3144027459606802
MFSD6	4.90851726220512	4.874564217500705	4.701120858732018	4.655179121934399	4.494219738058838	3.9095815854796916	3.7778943802317	3.9763919010750435
RNF144A	3.9428080198794664	3.8975624216054197	4.028145986395648	4.154713084864387	4.005584065123297	3.335296245963618	3.5076436940610334	1.7181196142626147
KCNJ1	-0.75935524594238335	-0.45294471295913064	-0.668867612109056	-1.1322495949683613	-1.312334318352431	-2.083814646187993	-2.5068532901799365	-2.035990307155734
MLF1IP	5.572515416795667	5.570699270532044	5.660878801760511	5.776676260574119	5.768878817261147	5.354974309754563	5.137333876293823	2.8766367155213755
ACSL1	6.360586210692638	6.4142000005266855	6.957865750711937	8.202024358205836	9.24173483547242	10.251857714108372	9.706495971216288	9.546365933965749
BICD1	3.5215713306605894	3.5184716278023784	3.398256448115192	3.239069277343333	2.8599054282012766	2.2969873067290303	2.8083532183128073	2.8227826995370475
TDO2	3.5526420358171906	3.357377421249348	3.2631031021051413	3.2200487791125303	2.9123210924187477	3.2878332159763612	5.278516200774975	9.513088809105643
SACS	6.8344522805218535	6.737809954449018	6.882563415038888	6.79173905170396	6.725128262167894	6.1038418912774075	5.955560199217339	5.086376270649926
CENPJ	5.267302203117129	5.281099620350327	5.330577040724931	5.394439825991007	5.295498619442299	6.415635342884986	6.672855778260374	5.318526260245599
FBXO4	4.167904362420443	4.110474334249382	4.172664181906366	4.195254099836463	4.121312578307172	3.775428483695463	3.651841104902495	2.4048738497480895
DST	6.224218708221399	6.221658846945372	6.320116199704637	6.518228025192496	6.744819165713359	6.959565735333571	7.2551925827227794	6.783273900657502
AP1S3	5.871980417913651	5.896230821283572	6.0796334329026225	6.07120365494775	5.981885840209699	4.995798089635343	3.98917220615205	3.5948952155382567
RABGAP1L	5.959285658929185	5.924532556275464	6.058229582130094	6.109653097836388	6.101541024630368	5.954870637016834	5.853811357738447	6.728525236132729
TMEM56	2.461944533792914	2.6751722908394875	2.6229872458661045	2.4790963202121357	2.53354063532543	2.2872739054601032	1.966185883248155	0.7433265541229985
FAM168B	7.322418619318681	7.325871667601136	7.3352411917669755	7.309731433110195	7.298248559412921	7.169091156813651	6.881643969891892	5.843900316302328
PTPN14	4.632026700085801	4.557919627611682	4.48282239477513	4.38913976307828	4.427186338149895	4.85574632176367	4.463699436712664	2.976137457427967
GPATCH11	5.2254410043756945	5.156713695017213	5.135975461605831	4.980039138118194	4.51420273725847	3.830176264181791	4.2253441522390975	3.6425832958861966
CYSLTR2	-4.06797735023431	-3.227482978262891	-2.700418133747017	-2.4348214836975206	-2.9201743364436874	-1.8402703626171486	-1.054947015528968	-0.21601740308747724
ARL11	4.262542365683885	4.220358109403774	3.9067764876365243	3.5118177327748317	3.1268478240633524	3.554742734315309	3.9182320239807016	4.775035685266735
EPG5	5.069521146512873	4.989128375995809	5.153892833440053	5.617621672150397	6.023632407238984	6.217455180155231	5.959451704731222	6.660548530292779
PSTPIP2	4.291766849350868	4.328181992667595	4.843514065657219	5.909508853836952	6.918583486762419	8.058491183503484	7.95064569411284	8.243927887493701
HAUS1	4.957896346178893	4.873489010673866	4.96192913897802	5.038257445098571	4.982485365117549	4.6321910245343085	4.515929592658001	3.7133107416905355
SPC25	5.0439476864352	5.0749144048294195	5.225898640375203	5.17658439001003	5.162046263529683	4.865835376996115	4.9186862654538785	2.95877867376855
PDK1	4.6218544424978765	4.692768846786565	4.695534827240575	4.599404917667764	4.551927027315781	4.155839048998422	3.674323933518474	3.8818638382099184
PDE3B	6.72459615205409	6.802052800813879	6.932064103858527	6.957909524570586	6.918011977480314	6.129692917313637	5.7383974376747275	5.4834148962545015
TCF7L1	1.0174599474056507	1.0559112350674988	1.0743521292330616	0.9025175949461225	1.2503484942115808	2.6253392700318727	3.473584890972041	4.604430559499617
KCNK13	2.9125272645006546	3.0756240138591675	2.8218456386018085	2.225982179156121	1.4063849680030718	0.5400864762698282	1.9982088937537514	3.8429922470211406
UHMK1	8.570837357655712	8.528526353119176	8.58581867076677	8.589489189343645	8.67948411083697	9.15233672929822	9.432141231343394	9.457429188543458
SPOCK1	3.8720558927188264	3.7775628040771334	3.6792910292920507	3.5787146989662855	3.5611442906934343	3.543739949750246	3.462247233054419	1.7870145665551753
TADA1	4.23644187831365	4.1946394642136084	3.8529550399553187	3.400735906103016	2.977521524480945	3.368222780268331	3.5619788288132277	2.654324691157541
GUCY1A2	4.627246652613315	4.567158352211129	4.32785041833242	4.100522620813599	3.9226669748436174	4.240760640009926	4.163530172094948	4.840382526094544
JMY	4.4149770974770455	4.384062222125124	4.495925847148463	4.193652957019104	3.5575933119474943	2.5909137420868453	3.0226232586456527	3.6213653757281916
HOMER1	3.1788617695418906	3.387603597109214	3.633732089941057	4.11707252378709	4.568232632877706	4.849029781682292	4.151332400606222	4.463606900526164
BOLL	-3.1045892987160064	-2.715587998203656	-2.954084087987889	-2.747958715604694	-2.3116994035270277	-1.675649764250708	-0.9487793198095258	-0.821143430166899
ZNF256	2.1153085996477516	2.0499559817522854	1.7921452292314621	1.5061305103990317	1.3645605169536885	1.4600638722647528	0.6493863332600452	0.0667041191184948
SUV39H2	4.7875311098861175	4.634402138597244	4.69256811137329	4.63767237658622	4.541443161222219	4.4437277905169275	4.510283402348229	3.39743893961787
OLAH	1.0007163055240238	0.7712323469472417	0.776052052709399	0.8558476357414408	1.2122761563718352	0.9544159250177371	0.7568792132832902	-0.16146599839759546
ZNF837	0.43598422296892947	0.7753540670559784	0.6864466919620391	-0.07496284789033532	-0.1613206162227437	-0.08837171294065932	-0.7094961583097471	-0.9732452574937661
USP12	5.528411813538712	5.52154830307259	5.776843132048915	6.51044453549801	7.498556977963372	7.666735536628684	6.89256116433638	6.528247875426804
TRIM36	4.17323544038424	4.084697617615439	4.401047572060285	5.007103995265907	5.652947179648988	6.618894315851448	6.572766198028084	6.26480733764183
ZFP36L2	8.653801253460276	9.017209302548473	9.022602236889949	8.473161233599173	7.829146170776944	7.90728851357798	8.417501074420692	7.515616824856503
TMEM123	8.683467575351928	8.687526540357895	8.7076991202002	8.761394080123845	8.850831033933783	9.168023762919907	9.327018430690064	10.243322276287078
SPEF2	3.06447601686445	3.0865602534621708	3.015634390072555	2.960839661329448	2.6926127018428363	2.5068174395103653	2.3227374145496786	1.4002294840189156
NADK2	5.815860150838182	5.75841437927682	5.8311824125953935	5.8571259767936805	5.760502737697864	5.067884052591978	5.075345829449072	4.398236812245752
GPD1L	4.666288615531908	4.566015964501658	4.759439989983635	4.695833765978156	4.662807390218142	3.8687129390160466	3.2676295371977946	2.5866562459431997
GJA1	-0.83066173638208	-0.45248584466215364	-1.0434044072813329	-1.3388016007951988	-1.0969059532246541	0.16639253138040686	0.7844973732102389	0.6881128771824035
RASGRP3	3.1722925269520648	3.123627151884249	2.7368189963482608	2.4449944255318217	2.291326047238223	4.563745225125284	5.529141816323522	6.578912295269741
GPR180	4.294068540136611	4.074258599221775	4.0612214229245005	3.98780450154208	3.951461784105091	5.140333877813844	5.570404850244617	5.405833004382621
TCTEX1D1	5.726218573481221	5.567342122961341	5.566241524357675	5.486911425404967	5.540555103306685	5.846985054227536	6.073776439423471	6.799620787557284
ANKRD22	-0.32681250747019946	-0.35582809263288334	1.459439763112182	2.7523693043591715	3.713051056298453	5.603142979330787	6.288071672349286	7.764851188187187
IFIT5	3.154000744139605	3.30778047401269	3.2837238450587116	3.8028483839215874	5.562694300564054	7.678223622648066	7.660702379468195	7.44633969676804
PANK1	3.4223144453593197	3.1996019885104943	3.049100131529152	2.8290029070377836	2.1915496783159893	2.3570863754994447	2.2820895993967394	1.9580076148118402
HHEX	4.485375815632233	4.350030945559594	3.90896610856006	3.11080159449161	1.9894013971069893	1.3031730741517271	1.4638255307892816	2.157430065473025
UTRN	7.373899032032952	7.293282258834639	7.320263380634339	7.336323765195854	7.45450803753798	7.443078554588571	7.6120209752606565	8.631235489214529
PTPRK	4.929611936080088	4.91524155107669	5.0046985606088645	5.082969058555658	5.176710554226742	5.9532375782581415	6.657956170655345	5.901585578549492
RAB3C	2.5878579498078	2.6227026108102285	2.619313665517266	2.603151677655891	2.453754933050253	1.8369968327510748	1.3841923301977779	1.433265207264958
GPR125	5.352780616431216	5.372946239543603	5.444247438913553	5.5744824187115825	5.4720092848249156	4.6309746810556405	3.726213900105238	2.313364975461597
SREK1IP1	6.546870393755996	6.487103814118669	6.505690665612131	6.421299315475158	6.299036256050046	5.533719468848491	5.282419523975506	4.746978400351041
LGI2	4.373207231070426	4.065495734618924	3.6652921026994667	3.3732565040839617	3.0162416273692907	1.9749120500423205	0.9173938222382544	0.0617834889956097
MR1	7.007029020091373	6.934212777642552	6.727388255708599	6.661686438027626	6.727561842223398	7.999929217167443	8.247497776106506	8.365565275557335
CENPH	4.253701736475778	4.218315904556998	4.335783366699594	4.338404113772119	4.339496588504812	4.029589618431951	3.525932119516181	2.4637167507975657
CARHSP1	5.204956550934972	5.256986600796683	5.129535012757007	5.03044571973315	4.902890217276491	4.2362387703449595	4.0642998963748855	3.4112637381262076
DAB2	6.207658649077694	6.161373247664891	5.937489826368228	5.568488692392549	4.930308471042528	3.443101020982718	4.399586312541406	6.226780772063813
ANAPC1	7.457307349384573	7.4634863167405445	7.5128887672150935	7.495676448728872	7.450555908209906	6.82211236697811	6.532748196619465	6.165900231329109
CLGN	4.158151438905463	4.124021913064334	4.127475457880905	4.1880282951072045	4.177494533689587	4.207513622500929	4.028174308282085	2.164517097807118
SMARCA5	7.452399173760341	7.378457534895103	7.452317828428976	7.642476350199743	7.792413865090824	8.424216836618616	8.545842867817683	7.975681888865401
SYCP2L	1.9657298441667175	1.9143884127953714	2.0580862226449224	2.177668399424415	2.0563933928665756	1.742824670283037	1.657773864111337	0.6882717517746522
BMP6	-1.5296658846971223	-1.5097913765924746	-1.444032852878194	-1.229367966256361	-1.3775087184805277	-0.12808859435138886	-0.5228524535169267	-0.04964430228802183
MERTK	5.3278874463245085	5.342444612011187	5.179384097986211	4.929986582775742	4.448968211429287	2.472100393174934	3.588471445267141	6.879915681281812
NR4A2	1.0219692254875756	3.1010592923507243	4.19940553812252	4.578591251476658	4.5073622250652345	3.2627663252478625	2.608895282398077	2.27879078077793
RBMS1	6.3746000704610015	6.3696165453474185	6.44731278609537	6.620642557482992	6.808067591973288	7.477607611116818	7.622936112926187	7.525179948316275
SLC25A27	-1.5534140303408608	-1.7282649073167844	-1.9441212721402934	-2.5755362972177283	-1.4878472948009165	-1.6049692005671798	-0.6310853201038793	0.2120092016911947
FAM49B	8.078553944608561	8.012093712949117	8.05964288620008	8.102268117432917	8.063822995358251	8.100269812156977	8.443414936931497	8.98336095122756
ASAP1	7.062755118345567	7.075574013193565	7.096902485749696	7.231406701028854	7.136149183584673	7.083210042671255	7.276678949672937	8.168269423188182
UBALD1	3.747777984228989	3.8349245621615067	3.5950471174143894	3.13761362121097	2.8709220305947394	1.5416815718541463	2.1657798773898547	3.316981298782363
TMEM251	3.1357274286181305	3.1737242358422018	2.9919869882980956	2.8571546682916997	2.6029650238622137	1.8201262798941964	2.090866719008228	3.103402753872144
CMTM7	5.111955352759972	5.241701776155149	5.135401454146175	4.956226151327842	4.854003865524086	3.9789438139223132	4.006497924509816	4.195838235287187
RMND5A	7.294894817208995	7.285815886049857	7.345597703213183	7.2851305749324435	7.2157845311898825	6.537507887211169	6.146967380834625	5.967010228587633
CD8A	-2.3921421869306956	-1.632698448336619	-2.0160886352538934	-1.6588363413324876	-1.7275126270692103	-0.42104601349017107	-0.15326614633130287	-0.8943773803313777
RPIA	4.2626020746191795	4.349633918662715	4.428061995571678	4.461631449798364	4.55171622764648	4.168928885592392	3.9356332690628104	3.001529483684295
TUBGCP5	4.573821707372161	4.519943901025003	4.646807578256632	4.524145427240736	4.290849538179744	3.9765058296218383	3.996257917091116	3.258497509995383
GOLGA8I	7.458634721660253	7.5013580107117	7.660022807563086	7.645112446836121	7.600404511326337	6.886063675043966	6.051767278721439	5.065993682819324
LURAP1L	0.8354617597205742	0.8629975906815159	0.636687940429534	0.15831948294106007	-0.0431077090476896	-0.8592461499299482	-0.8080534976580923	0.8611111090714405
CNKSR3	4.047274230750853	4.002425498606973	4.118928618003075	4.24768914731196	4.677504544809443	4.61276645450239	4.638748206373038	4.268489496647106
GTF2E1	4.754942375440404	4.656326754004385	4.528623257432121	4.266750392956753	3.825427245230416	4.634768161137652	4.868187446471008	5.043273282562112
JAZF1	3.347423342525837	3.217002919522839	3.1336789288183065	3.077544391535339	2.9898444443363887	3.1860604524053566	3.6623625136338083	1.846562616163455
PID1	2.305693903382797	2.2921619476529758	1.8459947661025293	1.6730352712505883	1.1879557325207641	1.1969250669773537	0.6294422975750122	-0.07145482341260428
KCTD15	2.4742330227235927	2.409886884826232	2.5552015198034166	2.3759009016467614	2.22785719264348	0.958996362850395	0.2685937507902375	-0.5362216941893088
MCOLN2	5.581885578320696	5.557799580011574	5.924146025581788	6.392573891566124	7.000642625556125	8.15249068222747	8.310699661257752	7.985912378197622
LGI4	-2.609369770143087	-2.4894954610363818	-2.77547925165153	-2.956910663047806	-2.85984094209162	-1.969997016443181	-0.7163782063417509	-0.884221353552554
DDAH1	3.1272847816224	3.2784197253012497	3.297379300250973	3.4511938021453212	3.3588506047302658	2.9522695496438542	2.4073577494649236	0.5201393009589418
CACNA2D1	-0.06955023248290262	-0.24620072942628998	-0.17458003099045985	-0.4125559769750331	-0.4133974856904157	0.23599513573153355	1.687754492572519	3.1968249952863426
ZUFSP	4.364699233188542	4.2351140442463855	4.392306526324006	4.3160923695668005	4.236439627397354	5.271900690469559	5.5523132712550645	5.454750898078435
HS3ST3A1	0.19385729692105502	-0.09287681158280792	0.39034768407217946	0.6898659934482081	1.756711875139275	2.476333505684919	2.558120709454526	3.4450735917405813
SEMA3D	1.4485980808283268	1.2782280623661078	1.0591352210525176	1.1041005785132523	1.6260604268265508	2.6973792035564754	3.385070503284299	2.521636246428206
DNAAF1	-4.269858915217961	-1.178058840222838	1.9746414842151996	3.4474742410123342	4.303390607313382	3.936183841265488	3.6053367037658597	0.5087158621097887
C16orf74	1.235821923822853	1.3283967884279684	1.4286234256246009	1.5594188904776631	1.3025762266936414	0.42045690007764314	-0.15326614633130287	-0.8821410469941391
UBASH3B	6.200161256386355	6.217712134252415	6.279269808314687	6.232045250619623	5.992942750700097	4.63607583778332	4.4896414803086095	5.185650376536008
ROBO4	1.0080266340577064	0.9624647156022617	0.9309395775497413	0.5513210562427633	0.29767083362235014	-0.45152506572452866	-0.7345471094637323	-1.3231126961993347
NRGN	6.787532079907129	6.847373746731421	6.652087628176085	6.580122779220647	6.561983737342514	6.226540660412291	5.8863805588174145	2.531232473469812
FAM134B	1.9338040893998116	1.6998616130055049	2.1623132134813603	2.3074956177821635	3.2338337300316393	4.474495353248593	3.4055715421976447	1.360802321215987
ABI3BP	-0.36820231316125024	-0.13345760933205658	-0.023883317859243122	-0.16896515919759184	0.0714518539766965	0.9231399280893213	1.1953141169210875	0.797962977332143
CC2D1B	6.107993498748184	6.130369312065302	6.069082806043626	6.015415070894705	6.031111228001155	6.1690794818699475	6.46940697383633	7.143092677358483
GAL3ST2	-4.269858915217961	-3.9967349598948045	-2.9936657784719163	-3.7615772663817495	-1.712249935047241	-0.6074679428578633	-1.3423547823925621	-2.4675002380512057
ABCA6	-0.311227529885172	-0.2028902269821912	0.42549991206109117	1.3482521190129004	2.1507351731064395	2.5290762845980415	2.3387152077656848	0.4209792102184554
MIA3	6.898930741176051	6.85859542268997	6.80372074327671	6.876632686039292	6.998723952705484	7.744614260962176	7.801855352012161	7.895880821743656
FAM167A	-2.308053994816599	-1.8999492808594196	-1.9481072281213896	-1.3044998110773725	-0.5408046684677803	1.270296345991938	0.807605044558116	-0.534729998511514
OBSCN	4.652195083119873	4.655539923102352	4.666757046940182	4.5254464551914175	4.664906715026147	3.715395023280518	3.0491339787100977	3.2486053576422873
LONRF1	3.3820670094505005	3.92632638180929	5.230383679193313	6.057103508738027	6.428339759274801	5.857970685167085	5.181752581684181	5.243463302051647
CCSAP	7.23092194854367	7.164630252051314	7.133044741459461	6.910138899315739	6.2549846751110785	6.197835736343653	6.643270627855506	5.444078900021491
GBP5	2.702602891651955	4.323022609683341	6.465196771792832	8.029984814969547	9.353880737997777	11.044651586383285	11.009771464965006	10.704599299421568
FAM69A	1.4068041218547072	1.208566223240621	1.2665733249352287	1.3760735446027996	1.1064869460935038	1.7435007903949296	2.7435213435486405	2.6862805729295665
CNTNAP3B	2.927022211841631	2.9183937614826547	3.059951680385308	3.0678253821302044	2.992440025725257	2.5611571339644508	2.7651892766736594	1.094394996119314
SRSF12	1.1616426099359058	1.1442035103344033	1.2630167249383235	1.5162020922121493	2.3206118563992852	2.225166104353461	1.590116660552012	1.4546086605186412
LY96	2.6016746348600703	2.570928047444985	2.414331408283599	2.3990768529516466	2.1911004376923566	2.3790483031116234	2.456118693221234	4.452989119555666
TMSB4Y	0.5213244441195707	0.6149858728800346	0.6326434687729079	0.6526015999748007	0.6154927791020616	0.5791162039883537	0.6645998221728266	-1.3556970461837727
BTG3	4.456110112880845	4.524371008621143	5.331068024443553	5.900772988934147	6.088549378475493	5.780464679415479	5.953136189152207	5.548096359135851
C21orf91	4.105217348065322	4.170914803945972	4.820218879068125	5.207634363868603	5.823518667958055	7.48342820326617	7.623027411453377	6.988786809171174
ADAMTS1	4.317808203913287	5.05995395307499	4.9789925365473575	4.181938217089	3.1893756585435566	2.051305439908929	1.4796096605329634	1.2708417308851274
ADAMTS5	-0.5253443342675626	-0.15931865917467503	0.6807101565907628	1.0447621121062425	1.4063849680030718	2.579431763542447	2.156471439188177	0.9817564799024687
TSEN2	3.75952626029979	3.716719080774972	3.693172206183034	3.5697532703871793	3.286040572153121	2.4818857288288054	2.451297409311094	2.1680864471692196
SLFN13	3.8653475023215216	3.917037844324173	3.8729866698871884	3.797246329106425	3.549895604453977	3.446072902643097	3.336567356679856	2.7235730084415746
XPC	4.452131109190995	4.446744032757448	4.263091219982151	4.246116858388263	3.8269775302558964	3.3319761637752405	3.7189147308327306	3.682139851006763
FGD5	0.011927735377948112	0.12454742151084394	-0.27678152669606737	-0.49236482780029633	-1.4491618907298534	-2.960730771032869	-2.726422651222265	-0.6869270044312425
FLCN	4.281542612746831	4.197037703414514	4.104609288566678	3.7703428681359243	3.6799605516820955	4.212907994589305	4.8890417697335335	5.518614147355967
OXNAD1	4.126362889711605	4.118041688471088	4.20208955371645	4.243674794026203	4.204827686278485	3.6903951059825646	3.474664548249445	3.1062248542153528
SKA1	5.505786276752078	5.466956076390309	5.457943423669645	5.508238935530062	5.501110902411482	6.156366224053478	6.381581161571199	3.784311295598355
APCDD1	-0.2418070867327455	0.15132820103433756	0.21708788486203945	-0.273512665994216	0.06275365249850864	0.4572103480464165	1.0807190085850378	1.0384250906105792
EME1	3.8983423046203702	3.821997204597607	3.706061035286374	3.590338656628978	3.1477860223231335	3.0608597306401624	3.3644770324087796	1.834432216795987
ACSS1	3.501386758326017	3.5394846255800596	3.4529512645320475	3.2970118112011297	3.2105268271893594	2.454672922676827	2.2651501570677617	3.515429773180789
VOPP1	6.352783856493307	6.321818925907486	6.354667792437764	6.397965140158986	6.55949308822905	7.236769165583895	7.939290068119474	8.357202024504598
KLF10	5.347391888999965	5.819673970763393	7.461541224398552	7.6377535659707405	7.130486715735959	6.9894610064820295	6.602733015934547	6.2760845950884185
PTPRN2	4.360383390928101	4.46665527787146	4.467662855541704	4.4054152113224365	4.317147575227089	4.292304020857109	4.443789431513548	3.2439603524106024
MARCKS	6.767262461734082	6.9720976946682836	7.322246242525138	7.66249990814865	8.034444983196124	8.825662543234351	9.395507115707819	10.009470015104084
TTC39B	4.7455767279778325	4.7883576161093995	4.656211244987505	4.772810524460541	5.178448806396062	6.608261731787792	6.370880010838957	6.998651401350035
AGPAT5	6.704577736537014	6.650698287428254	6.767043767629804	6.781225194918912	6.7437258061515175	6.219096180193086	5.729629677003203	5.037099582197881
PI4K2A	5.089060736119199	5.078440512401884	4.819925043098942	4.404095689011808	3.90644672319896	5.104224925992696	5.615803388609936	6.607066982140001
SLC25A28	4.047147352991231	4.294309296115371	4.2566398025541305	4.428594902082088	4.896552255399499	6.384540668921096	6.5618417296668925	5.904851514010028
SAMSN1	4.867087018198989	4.778863549995449	4.616419754587724	4.608685663643511	4.702700569322255	6.224576787697613	6.922440725929167	7.587421787500379
USP25	5.971836143359123	5.942570795737023	5.9756434983647715	6.007392381075314	5.922729140696296	6.641235568907382	7.203381294268026	7.243574719531617
GRAMD3	3.0779668143400247	3.1028529928392685	3.6100849214324797	4.592811002861072	5.251539297440923	4.698184355317414	4.2310381394476195	3.682667280803354
ZCCHC10	4.074983449642314	3.9625433446635023	4.125133231663602	4.273257106378937	4.295430831859743	5.0325475315134796	5.07415972773542	4.954908499348946
MOV10	6.1222374423615875	6.171144872525757	6.130352763278799	6.145987621196552	6.260015506252512	7.359250100790364	7.902147166685303	8.539290650286498
PPM1J	-0.5963645630153129	-1.299029932606444	-0.8660792167900745	-0.8331071810082689	-0.16505681873312117	-0.1422469735956632	-1.061246420236956	-1.9774994068415799
HEATR3	5.430760353700526	5.35025667562804	5.39218083298327	5.2985616140207314	5.112216568714638	4.296518203700184	4.442439535189894	5.09923718930087
SLC7A7	5.312091815793165	5.370075229045332	5.1258500184583555	4.912511344664432	4.668775558764718	4.231232605755498	4.476100588559959	7.54256873551274
CNOT8	6.2776072993111995	6.256848665665531	6.287697145771358	6.007120858933446	5.340858247177005	5.154428608538744	5.357240177029009	5.286305777735166
PIK3AP1	7.022733449456718	7.0890168731383625	7.485427251837306	8.183775178894845	8.66294753446931	9.37832185964787	9.273478861441195	9.558632338683463
C10orf12	4.917650240709843	4.844912537361607	4.886505180875313	5.321340420244876	5.83277994717651	6.070023273337345	5.6093397219441545	5.022464305870902
VSIG4	2.638049070346595	2.67225460264667	2.3433815093376236	2.188939245479138	2.2367899403891816	2.035681725555343	1.6403591499765793	0.1990762059381224
TMEM237	2.6881586863643525	2.5785492756022923	2.6020091142407047	2.767891770062456	2.829404304088819	2.9013466294843195	2.7723236402656948	1.1251763972810114
FZD7	2.366753370630785	2.923919493320164	3.0910335115613092	3.2427785935841342	3.6446397120256577	3.4744097999571246	2.8111672558470495	2.577377235128207
DEPTOR	3.053764355623022	3.112974303293724	3.1201198224853908	3.1165528528678883	3.02110502617192	1.460638792095435	0.5729167599144365	-0.9898464528021093
PPARGC1B	5.3842353910169525	5.354566957577769	5.30977732284539	4.511313790491409	3.873607451261538	3.1405238315551065	4.172635904746313	5.33431715812398
LSM11	4.4017842287246864	4.343531831511674	4.310451158330807	3.9756425063867775	3.810066924466258	3.96394459739011	3.874413497380327	2.6629686577518905
ADCY8	1.1433014952645042	1.0635369767210068	1.2104370799985582	1.4199059596588204	1.5328708452606978	2.129362350702459	2.192577301833987	2.7148441370920895
RMND1	4.9217304753373465	4.883000618992714	4.651919793130194	4.4980918543367014	4.08688683578738	3.433552121440437	3.716375348483125	4.076279434019968
SLA	5.721028774842024	5.720111824721707	5.230112885870225	4.57808227279722	3.616266485756281	4.035229496886693	5.776835844733603	7.154633897107649
CLIC2	1.3567413321195767	1.208566223240621	1.1139439662743373	1.395164584732603	1.8665788551261921	2.750243173510925	3.110891513569096	3.0204852537000733
PSD3	6.314850134125951	6.264588371853504	6.254328998274309	6.160257362982123	6.240013021566973	8.406434724729511	7.901765133923343	7.330633683693785
ADK	5.99557045423462	5.877033273262418	5.9585380682653994	6.078280051041197	6.079965651632719	5.816207524131421	5.328588706514212	4.541284251103191
KCNMA1	-0.6306615269349717	-0.965001546538265	-1.1863766520247205	-0.9133128356898785	-1.0698003619728134	-1.5722349536796958	-1.6412959356767765	1.5512959356058902
BATF	3.3421974056841917	3.434440424979828	3.6490240038736643	3.734355339981002	3.994562185317256	5.005642327652534	4.717121744883254	3.683863880244135
ADAMTS3	-0.8460540771548736	-1.6353875959092066	-0.9413810696651465	-0.7916876509070259	-0.8556981580182406	0.8999706654846087	0.7641248078034955	-1.9506429092086546
C15orf26	-3.6675528610700527	-2.7413000141499086	-2.5264755759531003	-2.327849385969314	-1.2154574170208394	0.13901499949401824	0.4956449462422479	-0.2991409676463736
ART3	-1.8204380874566903	-0.8916667500071922	0.11667533183494211	0.584711650211525	1.0334828536487413	1.5424857700832564	1.293058003828011	-0.7863794474719135
CXCL13	-4.067977350234309	-4.272272353668981	-4.292657397817268	-3.662638282565177	-3.7105664223967576	0.6637964279820638	3.453421496560435	6.78417389956171
MAP3K7CL	2.793581198148481	2.7636293280700484	2.73397993116716	2.6946634320111684	2.794341774650633	3.7429211548605172	4.538944073833548	5.515217294146494
BACH1	6.42936494646505	6.4127386221242135	6.704740608061078	6.975466316720393	7.088898212718019	7.305087225804694	7.01230847416105	7.864199574239076
CDK20	3.236548244326713	3.2733030365113036	3.177743928064433	2.833726452849355	2.3821026087477755	1.615147194883451	2.174463790008995	2.5114659082330855
ANKRD9	3.906150418164243	3.984867219163188	4.263196652737987	3.895828987456048	3.930966583051918	3.3872097496050158	3.0752374852082633	2.4273090657020147
SFXN2	4.359152853350561	4.435922408088159	4.398571651698095	4.370447588445126	4.395090381904527	4.297810072906162	3.947665642313864	3.306598749675186
FGF18	-3.6675528610700527	-3.3134430933518635	-3.2398605303826518	-1.5036312435478592	-0.6131129554907953	0.22261387970464425	-1.0834043832240088	-1.7947299985764757
FBXO43	3.1534251578775834	2.7945477004451265	2.7010657407611793	2.0031025899109562	1.4830633409039065	1.2958065290815883	1.3742498260757054	-1.0055410201029833
HK1	6.852298306958917	6.805865374389368	6.865940976787183	7.170670910209829	7.395615217656104	7.997385571433014	7.985111687166874	8.144661328191951
UBE2L6	4.941711403171093	5.097623457426362	5.339600355570764	5.859204441660928	6.466203736793679	8.174434683525767	8.81436298432979	8.943359184409768
ZFAND3	6.309774294444706	6.279399951864403	6.185320120651125	6.080194612073878	6.101229170989354	6.772110563439543	6.687058726924459	7.398633256708569
SAMD8	4.020687810879034	4.1277287609133975	4.321715406457816	4.182002827507466	4.010128571941177	4.963229253417952	5.217152096832848	6.0549033933085346
RAB11FIP1	6.74868826441651	6.866786022385334	7.028652496218593	6.809137569848184	6.300296225607893	5.309532913320771	5.7889643356885845	6.037090112215976
BAG4	5.893973192316019	5.769223321829264	5.673138598220875	5.253065880409329	4.734436919553792	5.146919345554025	5.259380732621854	5.299048870662386
WDYHV1	3.2705939694927766	3.1426608574173365	3.1399846084590006	3.1222017310257213	3.1448816002537705	2.5768664861145654	2.6147451697522284	2.1259173958952937
ATAD2	8.352450340770297	8.2776436306652	8.375393423758482	8.455540900252709	8.316389806932591	8.003689968852298	8.007584882937273	6.557000636459817
FBXO32	3.23227247170316	3.295241007034445	2.903172889870886	2.4525322723186926	2.0662141365298528	2.294878154232528	2.945132323422155	4.482544776029252
FBRS	6.425616541477418	6.6357532534847286	6.7510578958682	6.89357436127701	7.088704813261167	7.104666417684863	7.218454769878484	8.218358291980005
FRRS1	4.069241717599036	4.0504929394143	3.7637497485539506	3.5395000301964847	3.4544988593547545	3.946592352590158	4.670076676212482	5.524487139455031
HIAT1	6.324772226913099	6.384877778880927	6.538066996672242	6.823482171608809	7.230311652008883	8.368809700431571	7.759279901656117	7.482140618555688
SASS6	5.617728410151576	5.585081088712537	5.53768070265286	5.278291555664617	4.634267271733732	5.003116972175693	5.17090221462596	3.675576983469159
B3GNT7	4.734555036333362	5.032535312107214	4.720629813814064	4.318866410463581	3.950511214902804	3.637946198729367	4.091520471742406	3.494723602757576
MPV17L	5.7172526949047775	5.720937345968407	5.81660094630073	5.7564755065265025	5.756378003995702	5.285414839256137	4.9466412027137725	4.67123261649059
BUB1B	6.81163533771478	6.724482148593477	6.730928309220779	6.711241463370499	6.3198453802775	5.653729721599364	6.142021889465657	3.9890202466734186
NMNAT2	1.692926784209953	1.6300770309767096	1.5585323131935165	1.528701660622989	1.4313097348819586	1.1309857092310174	0.39770105259920807	-0.6402368854424729
ZFYVE9	3.9316011204470636	3.913123544034801	3.9196374448425884	3.867996561620802	3.51000936195966	2.610900041638663	3.047339458031303	3.0270224074339653
RBPMS	0.05908913735130087	-0.10205031891124235	-0.25182820210291057	0.0611143578070024	0.5836311218679242	1.2770685956618784	1.080381981985355	0.6479723884537542
TMEM171	-1.1011393564036591	-1.0468078124447289	-0.7716040894536773	-0.0939265188168921	0.9783378499782164	3.1919177996387917	3.742708241282594	4.7966337879853125
NRG1	0.7125023338818488	0.6874915707329842	0.8603667721418058	0.9315528144494962	1.460659745846892	3.576627759785548	3.505094377939462	2.305907281154938
NECAP2	5.2924999980625405	5.307352422739358	5.443001715374835	5.66763119222902	5.839913854068957	6.21107386426308	6.4110102623976895	7.152608702530539
PAXIP1	4.95837116436001	4.9996201546304	5.030110399909748	4.930714742001328	4.7458542021441	4.664024988716036	4.480155330197102	3.4064017030776865
SSBP3	5.336045359901124	5.460968270320817	5.337975096053393	5.422969489852827	5.357537502862521	5.1182728957491666	4.9433775376497255	4.097666452503069
MMP14	8.22118806140564	8.151548933368499	8.077436537706879	8.128714155426056	8.236532358695364	8.549940698732772	9.043381244562363	10.905825458092416
SUSD3	4.433958297357112	4.588712330271074	4.5328614978773825	4.383536929440236	4.183056602040491	3.222793680591108	3.188178026235774	3.7681018853227943
CLEC18A	-2.874820669727632	-1.9461510471033874	-1.1062144606868922	-1.1019700340294056	-1.6977099711647172	-1.4716702092115317	-1.6476935334470277	-0.821143430166899
ST3GAL2	4.508899138083304	4.569206940726787	4.640952159561506	4.57763304616709	4.6305242452567565	5.261025039515251	5.646500938407174	6.574585783520584
KIT	3.02306782293318	3.0659486506161153	3.1979354832984646	3.1002642940515983	2.734530461525927	0.7308075929673419	0.5917889451905973	-1.1744343361121767
CACNA2D3	3.4939425637123867	3.619374488008205	3.634150376850314	3.755859203688959	3.37655322339939	1.4123392785407218	1.1238903719086082	-1.525438392215329
CCNB2	6.01949421276297	6.063014048652605	6.159376401787464	6.184925470857398	5.937487825014566	5.352916931144614	5.778223641018436	3.389922121623739
FAM81A	1.8376877489526087	1.6440560463649403	1.5749070131664276	1.467666243599796	1.5500045063375085	1.173789479873809	0.5344468918571854	-0.02173190496105104
MYO1E	6.15612710289593	6.025782745209013	5.9476844558137145	5.98930039595634	6.102767378465797	6.762287925071178	7.133975622088679	8.06914951255107
DSCR3	5.354722835135986	5.337203784478394	5.335062320062942	5.198179625267901	5.013229451824104	5.094121867798914	5.372311868728477	6.44816169515647
KCNJ15	2.176518320761735	2.3719257150367357	2.7124870854369982	2.907014643131707	3.237623400583129	3.4327764669699716	3.202372386060479	2.9582077777193607
ETS2	5.2606797271790136	5.707954477088494	6.579512709691372	7.124367117687911	7.131831000346006	6.80643894494793	6.894323233781163	7.324781811780701
TSPAN18	-1.204353910144202	-1.2782295418760858	-0.8016664490425611	-0.9856309586792721	-0.44915321590227925	0.48288462781970926	0.7114218537957784	-0.49514046397524775
MX1	6.309752010307953	6.562833477946673	6.382495665236279	6.567478143192602	7.361868843687648	10.491632805933131	11.170323049335382	11.209979846869484
ZNF618	5.622423369526608	5.602037835324751	5.720647975540249	5.7690805321318805	5.804051193575276	6.779684882149311	7.339707430426911	7.276503745514411
C9orf91	4.528173019402901	4.521891024681367	4.378021010442463	4.266094682930207	4.12540720762941	4.986374173363952	5.915089235111699	6.695728887622037
ACAN	-1.0714481465036156	-1.3498871742809122	-0.782459401524233	-0.8744860395732749	-0.19885833326905888	-0.082823516786825	-0.3919477396712637	-0.30318837610641536
SLC37A3	1.541560063509904	1.6094641670380168	1.5204636240605476	1.3000793655131189	1.5464892175862337	2.487752534110075	2.454959416356356	2.389185391725036
FMNL2	5.736840497476937	5.660275526689251	5.548301435270275	5.498427827113211	5.329882024771517	5.801169389410672	6.835083017293446	8.227411547233276
GAREML	4.155030830741894	4.238715046361968	4.277098898097943	4.166801284113085	4.189080482912446	4.021899550765083	4.259528212120209	5.247403590478756
DRC1	-3.2208367253587875	-2.7413000141499086	-2.371981566667951	-3.2030719943784245	-1.7698262436616687	-0.3252584306197415	-0.3312209888282599	-0.9339854088599054
FAM213B	2.616453539108488	2.776018847711053	2.6041532131275718	2.4776248619155314	2.2468543016548748	1.0436508213266058	0.8289105009127389	1.660675840799117
TNFRSF14	2.854748533835613	2.9566458312586406	2.8183561282170944	2.6734756671624593	2.688214027636846	4.139665821461913	4.816451030031375	5.970570847819667
RADIL	1.539892190606415	1.906422077408989	2.108732916097553	1.9651027337053764	1.8620706945064298	1.5068499449467754	1.20078879699591	-0.12340104979398894
SKI	7.18950964382725	7.317789930240079	7.394847811305735	7.367084910792444	7.461682433757758	7.06064323159179	6.3583853848051834	5.845035335738267
LDLRAP1	4.240748661676333	4.272396299704798	4.262314745657342	4.122265904205222	3.8407550367203873	2.551397253147652	2.439687879430563	2.3824517179339155
AGAP1	4.489012346966783	4.6077230069334805	4.692583913184855	4.611899070508667	4.3872568496278	3.677913034095247	2.9956460527292563	1.84142299079168
KRTCAP3	-1.3563242894361964	-1.4253522130188367	-1.9937199052325725	-1.514170060679354	-0.6043984386520621	0.5850733921990019	0.016233856998209832	-1.4284774014513677
DUSP2	2.405655651516067	5.416987808486862	7.409087295611082	6.707735585480407	6.013307705503351	4.858159995297804	4.689095484616315	4.482293841198454
UBXN11	5.015664170701691	5.009519270691838	5.033610929436719	4.889948374815389	4.868501460863298	4.724594692612139	4.454247648430508	3.314383049026918
HPD	-0.20991810699744756	-0.023892302038021673	0.24126742424818398	-0.12463017741248175	0.3911903785753461	1.2159546267174277	1.3475199972885838	1.6152906437669126
RHPN1	3.207401123125952	3.4661069452901945	3.385387938313413	3.2046695486491554	3.269664889168902	3.751760195108491	3.8576470938672633	4.249824473308078
TPRG1L	4.817614133289041	4.714472897623397	4.66140771279778	4.515260537073657	4.273334442742769	3.729497759324045	3.8171746174928405	4.651090520751938
EYA3	5.713981671752895	5.578155060654389	5.581298019404345	5.737869866394779	5.964011841223218	6.447772180151155	6.536572361991265	7.419183221657561
DZIP1L	2.8963275298209448	2.912710098917383	2.980478038949612	2.8132428255848407	2.5905404219638264	2.3610229831489926	2.2707130567523075	1.2672025428949278
TMSB15A	1.339649695747485	1.21642133977315	1.16270048094513	1.196662526660639	1.398429126839822	1.4540892286897058	1.4453125091781804	-1.8424283043139127
FANCC	4.2547498620125195	4.293350743318397	4.3629150492381275	4.25787213479262	4.0995663787191035	3.8867398881383974	3.9055591351369294	2.9778076127818105
MRAS	5.315313597315804	5.3734084448686605	5.5459683047545845	6.064633220558351	6.557379118483894	6.976715761410395	6.648507005856194	6.901219544648471
ESYT3	0.714349791727589	0.8248457465206163	0.6640935045010452	0.5087220751663615	0.4225724835935954	-0.7789530395210253	-0.5243238423271159	-1.7888105201122897
FAM46B	0.0034457268823602227	0.030070795524680727	-0.006043253171577528	-0.6721181911905967	-1.4248861623807154	-1.8443872767036331	-1.6382315394912434	-1.923397607367885
CLSTN2	6.979635686018911	6.940919659074948	7.064404980832876	7.089198179024951	7.30365054365957	7.334685895440579	7.008660432528041	3.8512175554436743
COLEC12	3.437438983598521	3.507796671476264	3.4281672744618565	3.1613822803914906	2.728902460866998	2.0195894869157422	1.3503161431172837	-1.0909198075000364
GPR153	2.696442813002337	2.848980408152239	3.016404074972165	2.9541808159077494	3.0689985685374115	3.0624653136886906	2.809339019688917	1.3991864654228383
HIST1H2BD	6.195222514072635	6.230230213203578	6.040770551838399	6.006251056810971	6.082937559015202	6.145570938670535	6.177612563583587	4.0648121862212605
CDC25C	3.869375833740283	3.9490152484292596	3.9504405624215204	3.843753409693896	3.3621322588770823	3.1598256070075896	3.8998688147266254	1.0657807058170308
HIST1H4H	6.587384954888462	6.53482975648823	6.451242377050871	6.4394952343750695	6.55003865702742	6.934547547706983	6.846764116711675	3.8928476466746194
MITD1	3.725106221770287	3.854778997717946	4.0061069925894195	4.132318730998738	4.220069284668221	4.483529040558784	4.63286767126977	5.195031059000414
TSPAN33	3.0907533630440227	3.1536002284436817	2.9180677785970657	3.041550232781051	2.941054050194893	2.7163108271732836	3.0315309820710454	4.3034501881463365
NRG2	-1.5296658846971223	-1.3880934832764444	-1.0213757420409777	-1.4827135925835164	-0.7385992874768466	0.6681638011995709	0.8676753085407061	0.8080745685928333
B4GALT5	6.230367730843561	6.273548391763441	6.638804132823706	7.215663769527121	7.771888190838984	8.439476013176527	8.094142112982887	7.76013464390177
CD1D	4.2260813831116195	4.177254761194106	4.080781214997829	3.7224821114219777	3.3340998525710694	3.1799335210869946	4.019007098046452	2.929172705175257
FAM86C1	3.4469249959749284	3.4324105021958946	3.4600009672990177	3.3958217679733487	3.37458101408838	2.7049719622839055	2.268734760485913	2.1343683048674222
NCF1	4.034568840575478	4.078880355969858	4.363002889161946	4.659718540688303	5.120494415481572	7.041709079252891	8.526813859419686	10.566441739911397
PPP1R15B	7.89782258373357	8.149788689915162	8.748770371231641	9.195482356231842	9.346161419510185	8.922252683198847	8.538403860034823	8.589304436453563
COPG2	3.638725153245331	3.642914233670573	3.7478062698862424	3.752922064721871	3.653195689054888	3.4060177393183633	3.0172752465254407	2.431207843169809
PKD1L1	-1.96074595913031	-2.138996889830893	-2.0818613941485338	-1.5343159061283465	-2.117187149291561	-0.7988710355518469	-0.4372970964012239	-0.6129857612307381
SLAMF8	4.154521681917052	4.405731936749065	5.335778057980628	6.338393387113764	7.181554497811176	8.566254053737493	8.725687542690796	9.382691390671283
RNF166	5.716814168376516	5.775555324223502	5.649555516845473	5.273218800967471	5.103746884257432	4.511894969543768	4.7343701539467	5.283186798632471
NBL1	3.9376945131371164	3.8970580342766024	3.89479139392209	4.013730921859701	4.177277396311213	4.4531324399438486	4.761115495434488	5.649051332600548
F11R	5.384475945894656	5.3669263315880436	5.246415408491773	5.178436084947009	5.013042704042681	5.0700435290316594	5.46448720037686	5.682551620925702
USF1	6.052527608204006	6.034131268931976	5.885663004833683	5.78957181626456	5.592508981166187	6.613033919668981	7.26227483885919	7.115320866495908
ZNF276	4.967801076398697	5.1430833037571	5.542348713705419	5.789711919781636	6.11424027040907	6.299697348294707	6.042352624957699	5.474775064473892
EDA	-0.7548269442715367	-0.9305732506709035	-1.0154632536693753	-0.6495365453558104	-0.8616222827975928	-2.2330013695721402	-2.5307024023470333	-1.7947299985764755
CDA	1.0056071566485147	1.25411481132141	0.9569035721116074	0.8802307641188694	0.8677981284934243	0.038235014251053606	-1.249055472685551	-1.9743436666372691
PINK1	4.783816869968137	4.841329391282912	4.842410157637685	4.711225464070092	4.746626851440573	4.258413664482113	3.9180368990889445	3.6787968918284206
FCER1G	8.015322405181813	8.195418181522815	8.022755394318178	8.182682854905806	8.151406254213455	8.091986252052592	8.464892976393521	10.374550259936345
APOA2	-0.5352676951063443	-1.0511319176268874	-1.5412234332771058	-2.482995760374939	-1.6469279333860172	-0.4429211389667289	-0.08356606157209556	1.3207844314748995
CACHD1	0.30149307709255535	0.23597620086206794	0.1827734419515029	0.24569071597152392	1.2767170809464035	2.660658765623976	2.2676357470713593	2.2577627774962115
CDC42SE2	6.886676372358569	6.896146764755117	6.976142953165381	7.177712873505432	7.481029769328618	8.466587456653627	8.205493179763264	7.82352620710955
EPB41	5.3764028455490855	5.414921490999648	5.3804574905861795	5.389870436445803	5.431801299399096	5.783556690560738	5.92570709603124	6.942835379158755
MIS18A	4.075024611435499	4.0317473990396735	4.0393675343598385	4.133807755270752	4.1638728409841015	3.9684381434694114	3.9612042827038296	1.704819525976144
ALG8	5.560488852216055	5.584258127792507	5.665935950356079	5.683729493930237	5.684670464142757	5.542507010717122	5.340280088966736	4.473659643161644
FBXW5	7.135095760456949	7.232689805978357	7.230867318959364	7.078325295358798	7.253370444367519	7.131447526314577	7.2219984816648966	8.263280835701497
C21orf59	4.614340956401322	4.644874760010081	4.706054341440129	4.718899989695424	4.507323585833101	3.6510688713872628	3.713129631722425	3.5148790260358593
SYNJ1	4.839392359723565	4.710671978853872	4.706187294016007	4.53415845397922	4.320134107690428	5.3383005568022295	5.4292504825459105	5.927705515868594
IFNAR2	6.836611171852633	6.828576151833731	6.923441821844144	7.0846219529345	7.2203747176222395	7.307405628182355	7.409830387865492	8.13288419089509
IFNGR2	6.097083629604098	6.198760669267671	6.683129747466472	7.455905495128558	8.117448508720203	8.188357209890714	8.089615636610946	9.287798189129743
SV2A	2.5624224561638993	2.576175666764047	2.5191882884174612	2.545061579611499	2.4751849630893092	1.7159783702044002	1.264989642177996	0.9811560825694146
LAD1	-4.551196259797653	-4.275658866023473	-3.62324074998293	-3.0517637894967753	-0.9912563406604059	0.12366457204297451	0.31616572867022347	-0.4605962073104888
C1QC	4.891548042744731	4.9966581939086465	4.738422736303508	4.711380619928843	4.601804806514753	5.308348291283263	5.753332454760924	9.123575471283576
ATP5G1	5.260694446356389	5.392850456631604	5.462089756358787	5.459784870793865	5.584481091220544	5.516665582089338	5.338770257148093	4.11729171795162
RCAN1	5.123440313005421	5.561285540068417	5.760194711059268	5.998632525436894	6.66731822355843	5.402812374143366	5.492386938074533	7.240242554823274
UBE2Z	6.01886552228477	6.068122343540336	6.123388538179084	6.2919580614646975	6.574691497381515	7.23780702000926	7.635340106332844	8.420721544644937
C1orf51	0.8438574780233328	0.41729331263827074	-0.010038667707346988	0.20703897482080824	0.24430091446463792	1.1156025065441333	1.498104930251552	2.74899374832299
CLIC6	0.18213213890740976	0.2621535823521731	0.3583060597663281	0.6690555699661904	0.5667134559223455	1.1484309244231667	1.0419749282449398	1.8916928013055976
CBR3	1.644506764135182	1.709613691058376	1.6704217112201967	1.4612171380235952	1.6830146359923428	3.6250736685593017	3.843715652543213	2.407449923168545
C2orf81	1.8270198453739621	1.9008582998323913	1.849825998213912	1.705070436576843	1.4805040942333165	0.6473293254847097	0.19574162168621134	-0.46236548024867036
CHAF1B	5.177190498578432	5.230850925769708	5.2147599443137445	5.203765705767442	5.067093518901242	4.871851403899052	4.821027998257569	3.524939046209559
SCUBE1	4.768622279646841	4.917480811583823	5.0365831020542435	5.064134846752522	5.214636833817639	4.626390926884052	4.209185913875123	2.2966325259361504
ARHGAP27	5.828546665127719	5.901371811642353	5.933491244085225	5.897021855162418	5.910779151743283	6.798639059664383	7.121313595394172	7.238568041180695
PTMS	4.8605967379420765	4.871383726896931	4.71459331464139	4.893489784741055	4.9057465002849785	4.932178672655915	5.187634609283685	6.199115666747209
CYB5R1	4.3227710722994	4.247430227536855	4.063170806492623	3.9490948026681103	3.7087513545353543	3.125960399349397	3.5616359304886966	4.596831061022558
ATP13A2	4.0695821501049725	4.219926344443737	4.256613221659853	4.250488537910127	4.4700604326747015	4.782453891294708	5.520696277180809	8.246452564773325
IRX6	-2.874820669727632	-2.715197698021081	-2.505540128801951	-2.295394794719424	-2.2588335459916395	-1.3929606433931734	-0.7399178551900467	-2.637679122167551
BTG2	5.397753693194255	7.924069682588117	9.57267359208635	10.033353098406089	9.98649537432006	9.486736400636348	9.253962101140846	9.820329847742148
HK2	5.692147615108785	5.741124855104175	5.756538540314754	5.702402595692256	5.51597286829117	4.0817333051342555	4.777871977678429	7.020570882846421
C1R	-2.07770421925634	-1.9991334059094643	-1.6540713869159354	-1.3449752364359029	-0.6148125761291463	0.8552813330185546	0.6975817938267874	1.934166053261362
STARD9	3.3434221084510662	3.4624631845350526	3.3680693385917166	3.262829770540371	3.0910784934347233	1.8203955029145091	1.7362755501688323	2.410317627674403
TCHH	2.5668728151572253	2.837595273372398	2.8610074125350553	3.087846007204807	2.9894038418754816	2.9411900032082228	3.4914400633862677	3.680451527303048
UBR1	5.471633939386346	5.508986446090638	5.570443350894957	5.725744164811331	5.87141238129855	6.5757136760902135	6.557567665580914	6.65692295741355
TGM7	-4.551196259797653	-4.55119625979765	-4.292657397817268	-4.260144718255706	-3.9093925361960826	-1.9137378641739171	-1.6217947589897466	-3.8221342219132
NAE1	5.752919958577159	5.715052535521725	5.79795988210542	5.812208018604251	5.717651034702417	5.115884149622877	4.970124786978106	4.51643159863891
GPR114	1.9525940969578461	2.5038396230619187	2.7443825279173852	2.7827331320401845	2.630371844058252	2.0944119342061542	3.4720754901778608	3.536218803235557
CHCHD6	0.5786517047928375	0.9122245409251721	0.817335266215079	0.8011634191630417	0.9611143822977274	0.692247023204374	0.37390037792884384	-0.8105250341626018
ZDHHC1	0.6036903835195359	0.7740212548410086	1.1167187281169966	0.7975509447810674	1.0053180863415654	0.6156261702467244	0.5247622218509604	-1.2702213646872833
ZFYVE28	0.8811470618532489	1.111314218680624	1.0439333991066921	0.8153854967315337	0.47080973391303915	0.08151331773822126	0.5777192037990952	2.729049440931405
LYPD5	0.21960258141347627	0.10759042183041073	0.17496994412224376	-0.08701565987357618	0.37279133458472513	1.4148059425298087	1.525509147785429	1.0053436854218563
CCDC107	2.434751293753243	2.3987743448073093	2.35028144514673	2.0125037066281326	2.000670374676127	1.782905641945272	2.349310748521493	3.8045827676795794
TNFRSF13C	-1.7474116644871622	-1.4727942460250565	-1.4096162585689607	-1.8568138891770318	-1.2941133933299924	-1.9728850329987728	-2.1050082289531433	-4.551196259797647
PTGIR	-0.3077289639510449	0.2380915108833836	0.01916365809897591	0.630608491798019	1.1491541802512906	3.540582512466621	4.2332658874065	4.853300608112217
IQCC	2.4589285747685876	2.254105794876077	1.9528974686627336	1.8450315030302038	2.033419474048234	2.3300973342093885	1.961705404882052	1.3570477621524912
ZNF362	4.755569454204054	4.9599326410970015	4.923122504840494	4.721706669316523	4.254816920617326	3.2791623516115687	3.5236415244205377	4.122716143689686
CPAMD8	0.787938464124389	0.7985624282811541	0.8081822449850184	0.5913828816077187	0.6525351856602354	0.8957740423660158	0.7682534098630054	2.936315682607037
NR2F6	4.987372188984809	5.108347049336603	5.145806247705271	4.740659596464063	4.3658962270399755	3.2709221227800054	3.2494087977512693	4.13077952379616
VMA21	7.1642934962893925	7.15476445412878	7.219563934267082	7.226016915113096	7.308755882044641	7.295387442120358	6.868358380286736	5.784072462182526
KALRN	0.17412101596458726	0.39160070563073124	0.728610579926466	0.5872382464474568	1.1810006794127217	4.756329566784519	4.003952635520384	1.2806999911518042
SLC37A1	3.359017910652226	3.4434010817238185	3.6062388934779723	3.706835543747232	3.926637452128193	4.9526530590647795	5.115153409962252	4.740174611173137
CBS	5.815305892442076	5.87084787224087	5.871653851642842	5.83963927272904	5.820298065634948	5.1041591924888525	4.494771370356411	5.5817683026882765
G6PD	5.615319928899341	5.761697976515581	5.778202523957072	5.8398717605964805	5.978610589067264	6.18739632363701	6.252920596897576	7.412320254379033
CSTB	6.544235415542248	6.595860758162512	6.50472337107695	6.59011297195007	6.6931774468193	6.866157863570808	7.087392412174887	8.25590814579813
AGPAT3	7.182475055867929	7.271795930772369	7.300931690633691	7.2946045084299005	7.308338647730576	7.595710823437731	7.88829483721265	8.2243275814063
ICOSLG	4.928251890467457	4.789815832796169	4.875072115798245	5.3152473100979485	6.061952787834875	6.924672472855056	6.760703260932006	6.373312753359613
LRRC3	2.8100281394080975	2.745079105487171	2.8151127940273035	2.750620390283962	2.918953703015961	4.518310940349049	4.841434149176395	3.7088411863367394
RALGDS	4.328050965426668	4.635097720335999	5.3072804618016685	5.793182455397006	6.277805830627426	5.5976875652593066	5.121111694896288	6.926365752447002
SPATC1L	2.6554179438380476	2.863544306228275	2.9856990255973024	2.8046732547537276	2.763443714870152	1.6394876019174753	1.1705758614349233	1.3887055632781649
LSS	4.868601457218232	5.075615876892932	5.080072827247806	5.146225007745791	5.413798190129958	5.596728048260729	5.432175630711277	6.7997270161700065
VAV2	5.026259854341397	5.107159392772431	5.050379302030527	4.992389775894013	4.856325952574377	3.9913882026288605	3.8282455847827155	4.115849887013217
C21orf58	4.91138772909329	4.812166812443078	4.492218022878232	4.344256382407055	4.1518259324087	4.001904130828632	3.9059290373698126	2.181669709050942
PCNT	6.69880563263645	6.742544213995018	6.78752813459048	6.8041199663484475	6.824316542984019	6.163018348107315	6.052473111714816	4.922406353414198
S100B	0.6733662444637167	0.982818217596855	0.6659704558060193	0.36348389153565586	0.5371456157276193	-0.06881536379375014	-0.14774104278774394	2.779243756881037
ADAMTS13	1.1726458584526245	1.348944952333004	1.4765234799165692	1.4715606231692275	1.7802165320831227	1.57414030199723	1.0871167232363659	0.8527181277115047
CACFD1	2.0626248989462717	3.0165835257050064	3.9925008300447544	4.252690486074593	4.438428607532245	3.682786200154416	3.377864330042259	3.1322043597139495
SLC2A6	4.0202758507580825	4.859076300328187	6.155758383418989	6.957414876943103	7.744255441644391	8.091855708173874	7.936773395810187	7.721641827804712
C9orf116	0.9672213951564745	1.1509044353966615	1.2030076036789077	0.9084842226560104	1.0452377546083027	0.5893216917855042	-0.10946439493121565	-1.4008083803109834
C19orf47	3.591669855323297	3.702051328268144	3.643035117760174	3.6518578557178145	3.8601570073828677	4.803366076727352	4.794055298093324	4.481684764987746
ST6GALNAC6	4.146736294378694	4.170027465379109	3.901308951406273	3.8375506831794723	3.73983398335817	3.215696049235894	2.7717010695311837	3.2142279649986483
PKN3	4.383296449413576	4.526652701745731	4.525351230169165	4.386546602433313	4.3020976279793	3.555467023775778	3.511821797216146	3.296308016687152
BRSK1	0.6357122301001882	0.5281039602539908	0.6785352119011094	0.7640621149204065	0.1617884477184955	0.7779600418642056	1.0413890964500165	2.7637289257564315
PPAPDC3	1.9273582716751911	2.1729337102221002	2.0493770463119674	1.7265469819733728	0.9938917092055641	0.34593285477709634	0.6039903971615094	0.9618727999611634
SIK3	5.533740454801386	5.610598290928776	5.582685838793026	5.691896676489677	6.051118606987739	6.739805194226356	6.762205848998741	6.78517264049767
S100A1	0.8576319454035382	0.49577010682783945	0.526200530531569	0.5131699058890888	0.9618233248249632	1.6223497264737983	1.8203142792913167	1.1817765808846252
CXCR5	-2.597324220373095	-2.426813016128973	-1.926465895321025	-0.6089998218550073	-0.11063571557852062	0.15676781028808584	0.10101342464626614	1.9145686703661893
ZBTB7B	6.533070082812664	6.588899859635992	6.415642534748152	6.062733890279886	5.923222795071107	6.101668939601842	6.295316334887556	7.6580517730584505
NLRX1	5.82032848214792	5.911554528225013	5.930669269033583	5.737015291627078	5.528928586525222	5.038959475763303	5.358711327114361	4.707494774433309
ADAR	9.202974249532545	9.252644499742154	9.281105327357741	9.44594578906409	9.741647259289277	10.798004064682019	11.223192161697495	11.263538234479501
IL6R	8.983291997831296	8.937685355779493	8.893628945401577	8.806784484783112	8.603759677765513	7.881626135363888	8.736861153840437	9.023301237543743
CHRNB2	0.393504254375446	1.0403287975657889	1.3176098189733625	1.5180943498346033	2.4163855229176443	2.786681384623779	2.3039101044347055	2.2722834168936847
CRTC2	5.303327802172737	5.367044416463671	5.243523981806227	5.119495638066823	4.884358567974942	4.99631921002452	5.361829647029586	6.359746433863515
PAQR6	1.1622138872208139	1.6798522967152179	1.4046256248619584	1.7296671766424434	2.0721898969940504	2.526752022897128	2.153992666502658	1.0002341129153733
LMNA	8.485499802944048	8.554369596202616	8.653212779446207	8.669859480329396	8.722587902290687	9.003178991171014	9.575201570850659	9.842071294925017
CCR5	-0.4673508530897674	-0.18722453528717564	-0.43150693464393697	-0.5626804821078449	-0.8663694337080885	-0.39462399011719496	0.4748081789072337	2.5845932793603037
PPP1R35	3.6899075696927977	3.5416655296689936	3.6118024613872493	3.282431235999959	3.0587942837892284	2.6323029517368974	2.5643597893360957	3.0273938707454464
LRRC71	-2.2756000448052625	-2.598696026018279	-2.371981566667951	-1.9597493363769778	-1.9453213137381145	-0.7742550571402492	-1.1413545109564942	-0.7983184361704313
IER2	4.6505888598537855	7.012273223186401	7.707112369763886	6.7181590749412194	6.037245801193496	5.676842836156235	5.469487835949051	6.054851338579591
LY6E	5.907619117889864	6.1279462513490985	5.974481974897712	5.876316911283314	6.087241892125917	7.04397269980756	7.763080112153663	9.690972683767574
TONSL	6.24165928068924	6.3306672370097825	6.318306953076933	6.1589531441564205	6.032657502459731	5.373747426715438	5.190313240222737	4.4706146178116555
MUM1	5.2590727628987715	5.20493549897432	5.109822276290516	4.900052106783803	4.692459020516487	3.7423895082362355	3.1595937842354935	4.603623605805411
RECQL4	6.88978396616235	7.012470172030556	7.050294756908005	6.846102584380932	6.851811522238676	6.511308798209818	6.235390979477076	4.78998867253487
ORAI2	6.0031519641848625	6.031816952247039	6.051503166886631	6.070943245687829	6.252588191320264	6.627876347385126	6.537057166523495	6.619944609532732
ALKBH4	3.3743783065725816	3.2605693626204344	2.7922895278433426	2.254146647130267	2.088113614679477	3.2450220584573284	3.158315702822625	3.3124441213997584
SH2B2	4.002398475571453	4.150468598717154	4.0357944121795715	3.467762330434115	3.043745717751269	4.592310145387034	4.9200005609461535	5.0836299744601625
SQSTM1	6.5672277473748135	6.646506241694349	7.112976286599773	7.550018481443695	7.883742451288316	8.230070389393262	8.190229884346484	9.411548058736038
PGLYRP2	-3.5802787594192793	-3.996734959894804	-3.6563793674350817	-2.566195161067946	-1.632152709314382	-0.8284271198976697	-1.025388948771347	-2.4039442846946306
PSMC2	6.405835829862353	6.308113882647783	6.285163821703117	6.35506997242792	6.321591434309594	6.387613586248417	6.896986772035217	7.7718123216369825
MFSD12	5.7316958952748465	5.838650879401849	5.941826157453157	5.8208309771272	6.0837164117233105	6.65552559263161	6.926996857063671	7.653724007362436
YDJC	5.097717346982992	5.287516900064443	5.44944183163894	5.129114471913303	5.113104096010409	4.092534264180413	4.025434792650575	3.77417137830842
PCYT1A	6.671800146573802	6.5584889173657714	6.506802950461071	6.510475684292957	6.5254795012424225	7.4518420896113184	7.571875139583531	7.1414237408400645
BDH1	3.7388119098300905	3.8349611243893316	3.933964600684968	3.913160997933778	3.5158872341231397	2.12713145178658	1.3980769956868038	1.9060529076517054
THAP8	1.1061477756734575	1.2696518666164172	1.1356115677896201	0.8217928300518935	0.36197042826297954	-0.46388624651437477	-0.1464562824038088	1.6723165112516312
DUSP14	3.4155929056740804	3.4989451606019544	3.444074328472011	3.2548364588747756	2.978230336611788	2.3206356484400272	2.606181152965636	3.38015108935425
IKZF3	-1.303923726513595	-2.1738572172856374	-1.595864205887454	-0.4125559769750331	0.9562894252148892	-1.7022523026001841	-2.157394110936568	-1.158414578516119
FDXR	2.7769279395237776	2.8960759296698138	2.938537818002069	2.823620727755407	2.8342847864968066	2.291569050642099	1.7753939520560247	-0.026556504215096893
ACOX1	6.453867291074298	6.373471011450125	6.395573489995902	6.534055690487739	6.910822998318287	7.690148417182316	7.641378968084743	7.416733803692926
PRPSAP1	4.783435030584013	4.8168028271452545	4.733949858594323	4.688881175697903	4.408963981185809	3.54758943896303	3.6707855812524857	3.9157548009629055
TMEM143	3.2303347066392414	3.4242018008104864	3.4078927050290257	3.285261202988065	3.3046451451953414	2.9106351828611867	2.81247007311185	1.777995576874189
CCL5	5.699553246321541	5.843218859131841	7.17924608499763	8.4453629810727	9.174930389647145	10.189185115279635	10.51162099057656	10.987443491141054
CCL15-CCL14	-4.551196259797653	-4.076763669173083	-3.337728725451785	-3.829580810430845	-2.4530009924679175	-1.458016191212364	-1.4952019405397046	0.031215611517444786
CCDC155	-0.37899021015684575	-0.19745117165283466	-0.42581227659226484	-0.598372627942918	-0.6624037777208047	-1.2198917662031217	-0.9636052068255859	-2.545842170528359
SIGLEC11	3.8707867237888336	3.68978958882831	3.5434558622761725	3.3645648864613067	3.1847979564232904	2.8844931666759352	2.9019202242930318	5.4672618750681075
ZNF385A	6.071800641672384	6.195856780585032	6.115527775531428	6.110354258909693	6.10023209129354	6.026235303623069	6.506453047803607	7.771013188007655
MPP3	1.47619539538025	1.3790811561961491	1.4586336543171967	1.4114044421815966	1.4879821648570561	0.7934188292231729	0.43519737322123053	0.5320298948051834
NAGS	-1.551897052282344	-2.014673187353647	-2.1593916377193807	-2.5406791593467988	-2.184962943599575	-1.2931781759353487	-1.4863160357621015	-0.16592309431045027
FAM171A2	0.6348714138526053	0.9906492262131064	0.9245025202572925	0.35571107359112225	0.3315313614016243	-0.6870321047481412	-0.7399178551900467	-0.920179910325476
PLCD3	2.3354223072691527	2.4055850734020696	2.536888696603012	2.237587198268415	2.4230718724646954	1.9687183393086891	1.6696873156361003	1.2792037324279173
FMNL3	4.8471397254189466	4.778017264217367	4.80584439618525	5.16924498151495	5.876485664077668	6.690332968434584	6.609606581678939	6.480102673024527
RACGAP1	6.010110833763543	5.963630881000266	6.050934649455794	6.018570250025033	5.745449006099726	5.281964125589148	5.7310331007648445	3.5375556231039367
GRASP	-3.477026298586349	-2.6314043098431563	-1.1832335866336903	-0.8493448050283472	0.21758158908157182	1.0843115375842647	1.5200563733008883	0.27828502206149847
SYCE2	0.8495963161068325	0.6012669053952039	0.42653070495869083	0.6039859454826766	0.727881133549108	-0.14858126275691483	0.10101342464626613	-1.4836840304237853
SPC24	5.833326710913466	5.864719634035691	5.792843060426428	5.799547369050776	5.650017184078119	5.187180887379615	5.184293038735194	3.399368792358955
ALOX15	0.05545650742212485	0.35545239737150713	0.1626350286813543	0.1452717687329203	0.20659376297428386	-0.4713248862751272	-0.18625517444898193	-1.9698819561213636
TREML1	2.561276653888055	2.4903463596309257	2.214287708125745	1.8897153554426007	1.6575702031816086	1.0927305275577575	1.0049633167254481	0.7433265541229985
CXCL16	1.05407531427542	1.1960334012757887	0.9614038410577346	1.1268968867528777	1.43863288078343	2.1176111353696583	2.546961267742215	3.5136939270220955
SCIMP	2.2952862140665578	2.297737606443942	2.4045848675826362	2.223296054987236	2.233871831185885	4.122342342003674	5.244689611605992	4.7881599257062035
POLR3K	4.610597372202353	4.500616982240407	4.428780536067532	4.507949780633698	4.220655909237244	3.4780590794454627	3.581401770426579	3.4727434563991753
SNRNP25	5.560596200301543	5.56996494503321	5.506456545207886	5.678473378986512	5.622115594206832	5.181948299658172	4.975950656373831	3.7028696673926627
WDR90	5.3077871310069416	5.47085667044643	5.571370853210402	5.428150708420088	5.553547488487877	5.406530574391185	4.902669196364291	2.6729821070363613
JMJD8	4.834272693145369	4.867119406164901	4.923059383078908	4.8763707870165796	5.0231381019875965	4.930988309178041	4.916581333147816	3.738014688808309
CCDC78	2.5597591022317023	2.483370317453784	2.6151670880939673	2.4513677905041416	2.6175443160129603	2.3348917591469136	1.456831052742469	1.7655045789921568
MEIOB	4.996729988011872	4.946320248683058	5.050190804437566	5.06909278764412	4.87361517821499	3.530901133369775	2.5784960225029367	1.7980705278125502
C16orf59	3.3080105575182674	3.417802550146407	3.27945266798529	3.0416298578558125	2.670539985327009	1.8613943228277292	2.2118678474965936	1.0550846532799918
CCNF	6.272545372558673	6.274344369056479	6.100638493601725	5.695977953556042	5.047282603270078	5.80092403855476	6.136809184306945	3.8159741167144388
TBC1D24	4.644703943506083	4.585377660019056	4.488374045080105	4.375029733535369	4.342354699307199	3.6052724567147036	3.2951809188909538	4.099396245421214
AMDHD2	3.468038949726629	3.584015416244487	3.256273289806945	2.894481344444266	2.8389334742218844	2.2499329809219644	2.372820403052332	3.809424880897197
PAQR4	6.011905503375305	6.1097925106110536	6.028799589772319	5.691173573476668	5.273395739711349	4.397668616096306	4.542922271180883	5.0220029491187805
ADCY9	7.165661821500654	7.223994182095456	7.240715950346896	7.115047593200762	6.856936138988097	5.681622812176957	5.671485628651498	6.517277640989059
CYB561A3	6.924976261920843	7.103511098683389	7.168061079040961	7.265711426909396	7.513239231301137	8.322190939343852	8.8391684535919115	8.946762707274885
ASRGL1	3.186621345390506	3.2240859891401157	3.2148836781466734	3.252221036017786	3.288962397854818	3.0556559328068325	2.9649657471424575	1.1702243535701593
TAF6L	3.6232310095788183	3.760669374221831	3.686206670428443	3.4181384548773255	3.0340414818482753	2.5248175700961966	3.0024362476231516	3.099271979458551
NXF1	5.859517396773462	5.893326296904662	5.9215212372663775	6.1477084263125565	6.2322246567462365	6.871978318881386	7.0859194428266665	7.108047429630979
ITIH3	-3.6437446337605643	-3.4414564561599406	-3.0632766611914723	-2.956910663047806	-3.394404508006653	-1.5035453903539453	-1.0987996406059979	-1.2286280508147662
DCP1A	5.307638971128805	5.425628892437145	5.6134496444502515	5.846118447472307	6.1202401726583044	7.713937596805495	7.788906225144553	7.708681538716743
RPS6KA4	5.855164325301314	5.949647270942839	6.02867794784658	5.904689819568659	5.907879147018891	5.431160894410469	4.865392181591297	4.279201434908247
LRP5	4.904376622191171	5.021195750435824	5.185427867008506	5.244493041268916	5.223286562707356	4.586237852437505	4.2716100397340675	2.6719420726841587
PDZK1IP1	-4.551196259797653	-4.55119625979765	-4.55119625979765	-3.314063322876121	-2.8787422993920564	-1.5357401352208195	-1.0072207584664836	-3.152610154102664
BEND5	-1.9130320496095106	-1.5681620686585513	-1.515089385500706	-1.6057748377831689	-1.4491618907298534	-2.5375147411465244	-2.3234564099801753	-4.220092180465146
ELAVL4	-2.403764973444024	-2.9487757821354275	-2.9573155105300595	-1.7562482360303888	-2.191414732227399	-2.8393064207369605	0.12191194907886674	1.7552031962429662
SELRC1	5.120650736415749	5.015307613426267	4.724521130636296	4.580824758298288	4.256069417324225	3.56492855166086	4.166157582230284	4.555921166294837
ZYG11B	6.8160172011603795	6.676953257206385	6.68902159652362	6.43104180891557	5.9106487970625885	5.693002446558042	5.966678409554194	6.1571586759528065
SLC1A7	-0.7978291707852319	-0.4043134409728648	-1.027440479982877	-1.2998255360144915	-2.6369235011903718	-3.4401133971089344	-2.8602295385575847	-3.463188313936149
FAM151A	-0.009536222526458887	-0.46998148560880826	-0.13644077701665516	-0.3537183206758256	-0.9819044612227081	-1.9957645899285272	-2.215557313985631	-1.919739240106018
PARS2	2.210322050769464	1.975164833943512	1.7236476891781591	1.1616328320459082	0.9238908289908285	1.8819133585781496	1.7405835825175187	1.911809293088258
BSND	-1.1851100183829897	-0.7655912887054621	-0.9284194195820994	-0.7121779917437709	-1.2818300750925582	-0.20022715024325724	0.08512716631177027	0.413306798242908
AK4	4.471251357889779	4.557128860173297	4.92626242427963	5.186494492352692	5.388130579014755	5.616299489366155	5.166721258359053	4.401655228515063
RAVER2	1.1397308821601877	0.9818819494337507	1.0922338490777022	1.09956726041433	1.1686296534351492	0.9381827312898166	1.003810202257938	-0.401020284781724
FBLIM1	2.0414087582557707	1.9633362965840675	1.9154546951419045	1.7052775120236503	1.8439982981691765	1.858201989505589	1.6526602306954168	3.163206271106049
SLC25A34	1.1547608309777564	1.3735585692578116	1.7129489085231084	1.812931484114877	2.215636140015839	1.9486381487275923	1.8601534268541893	2.193862120489865
AKR7A3	-0.12439327697587305	0.08206411193374033	0.2926049525432659	-0.40492179898710023	-0.13235938443042428	-1.188461202163901	-1.4432404992563417	-2.0977751601518886
PDPN	2.8957154718858167	2.8246691146720853	2.6277641509575025	2.6395347898090487	2.9925798479917534	3.306615374455042	3.2829423169942755	4.940180425886274
LRRC38	-3.1045892987160064	-3.5140864068074116	-2.9573155105300595	-2.956910663047806	-1.654375297661867	-1.5722349536796958	-1.8878327025525805	-0.45185937953064503
DHRS3	4.291057449611699	4.375068242651551	4.111383434621246	3.741178835296824	3.291372727916193	1.7767722521910256	1.2932062426113098	2.830745050220472
LAPTM5	10.085707644662556	10.167678010642707	10.08771047435931	10.084936969107654	10.167105880803918	10.320239675931113	10.48949058366924	11.539566766341924
SDC3	5.137289976651335	5.267149759071481	5.111409554000326	4.967842345914336	4.849305927835784	5.104829536625372	5.822633465593031	9.054001798082428
SYNC	-1.1541691428122522	-0.7321806796754912	-0.06790953442174463	-0.02082577214495558	0.4837718867218229	2.5242806875234	2.8171180572301457	1.099559431489977
TTLL10	-4.551196259797653	-4.55119625979765	-1.9984430474065162	-1.4514372578236792	-0.6325583730589739	-1.6096824433552086	-2.409342080255319	-3.3702574340144196
SCNN1D	0.4865891871434143	0.57940572580692	0.7399308901654004	0.488494126527829	0.6902457304861291	0.5448194171483665	-0.2385384424817755	-1.1213333568354575
CCDC27	2.2697586303548505	2.2476995555203647	2.378979088706079	2.3017802985260802	2.266188913883318	2.14753061759124	1.9640538953665418	-1.2672828818922897
USP1	7.284586034019508	7.274212559715213	7.292102432168322	7.21053594741873	6.909027320521907	7.138653013430133	7.116951481886615	5.767777842163218
NEXN	1.7038666090237522	1.6456369762157714	1.6939267976572636	1.9702346144176741	2.2656834871551803	3.5957741920922244	3.7914056459666687	2.0242448119169647
DNAJB4	2.034860629279467	2.207853872356366	3.601696840605988	4.165149876431949	3.851554113280147	3.6976266150175316	3.4455008228251125	3.905683429438338
SNX7	3.645768217859655	3.5275077433803785	3.4140398007978257	3.3966553826410113	3.4281741241908796	4.251080845848788	4.801773964947973	5.564471748096431
B3GALT2	-0.37074148622989156	-0.3558280926328834	0.08639579695399681	-0.45032437181336604	0.8463925853265813	0.945517844146188	0.6715117997357303	0.8694813580780382
FAM102B	6.91779668470506	6.909785765545852	7.014839651107154	7.128387510992278	7.160727594362822	6.966148116855005	6.798603307405598	5.726471778036595
HENMT1	5.23360341633338	5.160990114139783	5.218391662794577	5.241588381209248	5.123264099828191	4.421074239204675	4.165558493413705	3.6489584630377623
WDR63	1.5184313749184875	1.5275735460171478	1.6747562926586759	2.0379464207494604	2.289739010222058	4.015959463943679	4.328178650433268	5.0165052043429545
GBP2	3.450514057850701	4.526455484191189	6.557028771805788	7.936542961945463	8.851137497296225	9.612859458443083	9.58828867029607	9.468783909743394
GBP4	3.8501856121720053	4.268015134047542	5.471416980303062	7.076136049578176	8.570526455821359	10.687272075659736	10.960411347070462	10.786152213420436
GFI1	7.2814809553146045	7.427392120489935	7.287753251634171	6.46686318315044	4.983102640552251	4.7582256967900385	5.1060679355714385	5.017996286781774
VCAM1	-3.6437446337605643	-0.15379243863081948	2.9081244226689336	4.054932910169939	5.585410194033881	8.032032992007462	8.171090259765599	8.352300273155208
SLC30A7	6.692531667430654	6.649806597519121	6.7729213053952275	6.9846419388315555	7.290589807762915	8.237501612016773	8.127761278986563	7.64042544368502
TRIM58	5.045870297589209	5.0341670092794715	5.087051793535316	4.928458224683599	4.812591762141652	4.544217064365622	4.588442500453119	3.7103261004692922
KCNJ9	-2.540920386690356	-2.7930357887065025	-3.5276579399225945	-3.135750046293067	-1.6648168417567448	-1.1117319483637973	-1.7125995575805146	-0.8179443313525341
IGSF8	3.6686539718199933	3.82397328656078	3.7915011315699343	3.888268425403584	4.01432938488912	4.6482610625268705	4.929001362170612	6.019424893483791
PEA15	6.778299904973846	6.736840912781371	6.764062348227547	7.230696138989133	7.740466026183702	8.49501181924808	8.607494237303186	8.506115958330192
VANGL2	-1.8047078696379333	-1.3406440272075189	-1.549949903666026	-1.7624172558036486	-1.312656132682732	-0.36875151758867075	-0.5008920413745004	0.3621907499412646
OLFML2B	-0.45149607146899706	-0.09424217489934382	-0.4511692321535262	-0.7575239782949148	-1.1665670144065539	-1.330788238341277	-1.469667960467116	2.2010330171950465
FCGR3B	-4.308332239710236	-4.55119625979765	-4.55119625979765	-4.053341887061221	-3.7932835037945756	-0.4969745972116197	0.050912798363298706	-0.8060650806085575
SLC9C2	0.4582143251572387	0.5372428623889972	0.11090636869865997	0.30570547077639076	0.3085099196898209	1.5606667342824925	1.8347147206546874	1.6279336606082442
FAM71A	-4.067977350234309	-2.9535211051404815	-1.38237180046244	-0.9799215723043118	-0.563694391450666	-0.9439329278186015	-2.0454633058819587	-1.3614452041256955
ATF3	2.7778498898381274	5.779984005284813	7.329007215893753	7.224271031855732	7.262173664967221	7.85580727587908	7.657959171783082	8.230295480837494
IER5	4.665951447804321	5.528740753878642	6.591615540709405	7.0054148474757945	7.0495226958581565	6.569169393227641	6.532345921271286	6.301799574508926
NBPF8	5.84034078481984	5.924892470338401	6.133924583074755	7.035382998314322	7.529188214798445	6.526170145119407	6.589163565159001	6.78203279568551
ACP6	2.091520227632082	1.988201199046168	2.046124985509281	1.843657565870333	1.9142889844328372	1.7687390697844019	1.782541559958975	1.1261684287451081
KIF26B	3.4040893707424464	3.496394803800749	3.436375474577172	3.36595603287768	3.3832152504702564	2.420276654417765	1.3351688667387545	0.28459098441886865
TFB2M	5.099396557346855	5.098325978662402	5.224510216410607	5.1126257903614505	4.774999604779678	3.7520590875388486	3.8789299462148357	3.750428320228734
B3GALNT2	6.412405646746433	6.417291067926518	6.47968109913001	6.5252037103839555	6.586454036759431	6.341583649297192	5.973017569037047	5.173626292045357
C1orf147	1.0970602251772867	1.2430478193538055	1.5588645451995569	1.929757570042303	2.51221163467966	2.998161300169188	3.345857946141903	3.490050723858781
IL24	0.7219960090122541	0.5304230748714084	0.2579318142920153	-0.23317340221906085	-0.5160984239337194	-1.6683001724940274	-2.0884273686444947	-2.6198313882066904
FAIM3	3.697211966574393	3.6803716945765106	3.368293127991458	3.154878559982966	2.867939167814445	2.390698115268467	2.0545911505634007	0.7081129355755249
PIGR	5.279511567134936	5.22622219777975	5.088110942537926	4.932533523213808	4.645283573315782	4.670465609940326	4.553905365885949	3.232770999920464
FCAMR	1.0316743903123193	0.8572604715915698	0.21427649109630148	-0.02570595508549206	0.349509510473591	1.744561048680588	2.171692754639957	2.148350388649119
C1orf145	0.8320667914311961	0.6187364493193834	0.6248835353846593	0.5048683303266679	0.2635555131904961	-0.023013453743573692	-0.22068630391319644	-0.032556733962185586
REL	6.508000670316927	6.613169095655824	7.112798884441806	7.906802605738822	8.728678680558339	8.64063233124029	8.092359700075693	7.817352091325647
DISC1	6.491612875602401	6.464107027621046	6.525077185937682	6.401819351046113	6.142799661982403	4.940912424526202	5.703746581169354	6.935838287403836
KCNF1	-1.732346006535638	-1.0367292897016747	-1.1653597184092668	-1.401662825528234	-2.6939723543739493	-3.687014194293773	-4.0341754542800725	-4.551196259797647
NUP35	3.758136963343094	3.6601171634941214	3.864682636183156	3.820050461239786	3.6772092913320362	2.978552685409358	3.247940558315434	2.3144283288490355
CCDC138	3.162301103191826	3.010379206350763	3.1618621268018217	3.094554846762846	2.9656597160003657	2.0517909275979864	2.0565824793269405	1.0337960705365732
FBXO41	5.507232705859403	5.588150303607988	5.594606037222136	5.430585475239696	5.3905532690509546	4.591133071609695	4.381312957588028	5.15502149558065
C2orf44	3.310348166483796	2.8593594520344032	2.3698383997620036	2.1272080560271807	1.9604658964282793	2.772375531592691	2.8673687954652394	2.5411018824217635
VSNL1	-1.176564003561487	-1.3131689278408971	-1.2103359439368013	-0.3519921360613793	0.4290332155643804	2.827579872151725	3.099967610783632	1.473774545369807
ADCK3	6.300948894323627	6.342559654191781	6.355699436600762	6.178334028965294	5.80515336094071	4.70901904431709	4.89443159792349	4.653538009379718
SLC16A14	0.08254753012209974	0.34340327862292896	0.408389328013766	-0.156076731932183	-0.6142122363936994	-1.6049692005671798	-1.4167022580939548	-2.0609462531669562
SGCB	3.537356689656627	3.5001283199902247	3.4542545994815668	3.4564132187076395	3.583579148392664	4.373515138128566	4.8894079569502935	4.483950121807402
SGPP2	0.328708643552572	0.6335459463666184	0.5895060761158906	1.0310730195778999	1.4802878817558058	2.4618976415069143	1.5398272353239326	0.10272098530988148
CTSS	8.50825585558529	8.466655142694911	8.438398582476415	8.507644245356603	8.560499256578755	9.192698355635988	9.575325582163252	10.862175739619527
MSX1	0.2912750002876387	0.021426087180428544	0.47155703286872813	0.5392201612490507	0.33653093564179554	1.421762397577068	1.3469153678105674	1.5021117902049042
RNF149	5.189267040002322	5.135059638898135	5.2264407310093866	5.21651205692029	5.200954048189359	5.773178090587681	6.359770981102475	7.3057350608936416
CDC42EP3	6.335564840167908	6.4894133508115495	6.570641388771091	6.321870622030583	6.210134981576989	6.22642626756271	5.571305265100393	4.25824620734647
S100A11	7.591256582571678	7.851139673396858	7.8266713425920145	7.97292522079764	8.15856374214119	8.314744422518725	8.55805312324196	9.49126013114645
SPRR2D	-4.551196259797653	-4.275658866023473	-3.4184653667190106	-2.7269439737222534	-1.8960667150792492	-1.0952802098302967	-1.0067294475420112	-4.551196259797647
ARHGAP25	4.508524279120397	4.540669190843829	4.3147703839643725	3.774640810591672	2.367207775839314	4.618281148224716	5.8769606071692735	6.488354430131322
S100A9	8.201088092728956	8.348266113023207	8.286718927849044	8.339639912275747	8.460726847414328	8.542531867518242	8.784599146561398	9.719864119359713
S100A12	2.9218790354087685	2.8532723712670003	2.6754840798037587	2.610073931019209	2.7165147324037737	3.4598056001352546	4.226335732543242	5.444836127651635
TGFA	-0.42146952961397544	-0.09000913325077642	-0.310631535296831	-0.10735588507135924	-0.15022930585700406	-0.6417696432438144	0.11284086644784663	2.609874298312402
CCNYL1	5.377323499364088	5.437296349767822	5.425413754586815	5.572089857250145	5.674016627275064	6.152030633060678	6.569652948979626	6.794164515413376
FZD5	3.8075180777279085	4.126260041456105	4.786702788906327	5.223213992430381	5.4834902195796165	5.78048389212409	5.243322586518803	6.059195898723546
DCAF16	4.863598508659862	4.821112777610298	4.921042244901537	4.781958421003454	4.710985066913631	4.313727821078091	4.303231592735154	3.7056746355123913
ANTXR2	5.393366921240425	5.485220056427366	5.575604915653148	5.795288976410613	5.7784049017994175	6.65230201725526	7.281890179122101	7.322535161448194
PBXIP1	5.420651127658424	5.478506136308727	5.457919585776697	5.4009023062398525	5.2791225521053144	4.637551471195016	4.629558647228672	6.512287696241326
CLDN1	-1.656244683357927	-1.9567311127425042	-1.2650107530981298	0.12751287659876812	1.4033699474174792	2.3193599100545006	2.4980405586953864	0.03780602852957876
PYGO2	5.32369024535576	5.201255089344571	4.90097935107884	4.563698891758481	4.1702351456879345	4.461351389635459	4.745115253977401	4.962315196053374
DCST1	0.19589725691958748	-0.01328391641904468	-0.1385491548136523	-0.6673435989782999	-0.6028692122764691	-0.7168408429583495	-1.4343207244076825	-2.4737655998457586
COL6A3	1.1035413809376164	0.6658493687653725	0.9169452984564815	1.1179062389259269	1.0336011966535512	0.9238192937724004	0.7491397338722338	-0.20095765844110614
C1orf106	5.7527778889968975	5.790491167843323	5.879969692457884	5.9518087258428185	6.2857775466371475	7.069447044478984	7.065758328135756	6.387489653241416
NBPF10	6.2549644354459675	6.275350250973207	6.319305639949165	6.881194536198295	7.724995915477745	7.072665959578268	7.0813208626781865	6.787078605809958
POGLUT1	4.351542202864758	4.323256297742243	4.563674083821539	4.714234335468532	4.95858209154558	5.561262825021457	5.640212529295251	5.175465404764687
SLC22A15	5.548820817502583	5.588169748401264	5.501300820945363	5.282465895542796	5.121640228640316	4.181849367037806	3.838434412216605	3.977998544493503
EIF4E3	2.348489026574	2.1843262667857273	2.223151612373189	2.184661069239089	2.1040884807409905	2.37836336300533	2.5374153852331256	3.7256231416049377
TMEM169	2.0380043292370544	2.0063389430952325	1.7529685581356629	1.2792144984361689	0.6425523395171935	0.7534671464534686	1.0870055559765515	2.1179427211365924
TRIM46	3.839924874921291	3.8703228116304516	3.808845236780237	3.832457159001933	4.13373651452172	4.627202537601771	4.88693465822459	5.513526995571478
ADORA1	0.2830858413884752	0.05942123498213443	-0.43512562925373366	-0.8211201341640105	-0.9557315343677655	-1.7204250608276737	-2.2467171773220693	-1.2349871192830726
SRGAP2	7.768197673401762	7.832884978929727	7.832084139434826	7.838035317377081	7.5620678258058085	7.96886507108481	8.48174427184133	9.208935718606979
KIAA1524	5.3992979878050456	5.317893979264307	5.422068365312555	5.56649695531798	5.380037210148059	5.332536789561374	5.636319544682042	3.941351438572782
EOMES	2.147822597600302	2.1616278844232273	2.4248818909721734	2.8301885131577222	3.277995799974823	1.5950098691039853	1.8161778365876105	0.8617971647725626
ANKZF1	3.8328097269150856	3.757513456894708	3.5377290942332413	3.2465462687163433	2.7131756248127186	2.265019553487992	2.537624743565334	3.3827736007096982
HDAC11	1.0131708776365702	1.055890300993361	0.8906908179729791	0.37068775122432196	0.2515856885133833	0.4358041310823481	0.5589395396262793	1.5013584208592228
SGOL2	6.391147448216271	6.32843603228063	6.37221387313122	6.335907075109274	5.8928999915091085	5.9201193994544266	6.376288046151057	4.167236785721272
NUAK2	1.2737295002196234	1.124263067426497	1.5131141742152612	2.1621970232354415	2.880201746584272	2.9933626785549	2.222980310350091	1.3899562402473733
SPTA1	-1.2450010856042824	-1.0770925148556172	-1.279044414369646	-0.5997892262264749	-0.2407675393138703	1.9711840094462665	2.199207023506711	1.9221352546632489
PYHIN1	0.7500730968633477	1.1417652844106363	1.3934101815697637	1.0768889642714896	1.0153968686883106	1.5960225411150186	2.0226277721008854	1.8963518014677907
IFI16	6.373600576197889	6.415117340168395	6.463524556464497	6.786723909008475	7.087632433660552	9.194499567140998	9.795625433207894	9.788566814432826
AIM2	-0.7536088602837345	-0.7808612510164834	0.19121097822823424	1.598022063746309	2.431661752914234	4.581325962959231	5.464563782007776	7.33111440877231
EFHB	-1.379540850882654	-1.6789002145805867	-1.2057147866774685	-1.4130594114567638	-0.7707502429737673	-0.08256188426161179	0.06800084815734338	-0.9061083521050879
CTLA4	-3.027277478429717	-2.95189406738235	-3.9149182294154636	-4.0022264784647446	-3.287960072882396	0.19810837236769757	1.7619818411679724	1.6283766034888518
SPICE1	3.516610705390658	3.334422828098844	3.5487461982949733	3.56889129612658	3.3990308541363405	2.911123410184742	3.059635827979725	1.9192214030899042
NKX6-1	2.8497726451434104	2.715563814287176	2.5053730992540917	1.9363015555053507	1.4362114383117794	2.0963271891184636	2.477412791459896	2.8542586537512213
ATXN7	5.224704105028372	5.372978009611008	5.473426725526451	5.480096086852084	5.172400157010734	6.374475387689864	6.397003267175889	6.73890783585515
PRICKLE2	-2.293390585459619	-2.715587998203656	-2.848122937326476	-2.672052836717224	-0.9910502120620155	-0.44734882432956113	-1.9669966088178428	-2.7338561735822458
PPM1K	4.088383482189367	4.054997941479863	4.218470392686163	4.4107488698497175	4.7402749972419365	6.960676341366009	7.75480235364334	7.015691301911876
GMPS	7.455562601998311	7.42712646817231	7.468520303891829	7.47419770674869	7.337921163726161	6.70720997402311	6.698477999082323	5.766390577503785
TIPARP	5.490428911330494	5.887842404506232	6.217783718717065	6.054329184782269	5.763192804050993	7.224289025854896	6.992802592874438	7.380570464670264
CCNL1	5.548211351078086	6.626809161786832	7.485935341214949	7.606419180681582	7.536891877433673	7.34514379744257	7.071252902934013	7.208762520698279
PTX3	1.8561656928101464	3.0763226904592944	5.314577512356504	6.511259302333947	7.316878813356982	6.697763687244237	5.422843383320888	3.562777709299877
HESX1	0.2286197486197793	0.5443805040872656	0.3053724992459583	0.4526985587857053	1.3508069606333826	4.816401880423934	5.535334153401626	5.55336560936987
DCLK3	0.1267193260103534	0.234750040073243	0.002198657896010217	-0.6691254575645271	-0.632134372564868	-0.468162386562502	-0.8296055416033192	-1.923397607367885
ABHD6	2.9469353965747205	3.088656518238378	2.9790272278130043	2.8289430284719423	2.235111809290161	1.4318889842788	2.1304772114695982	3.0934423922231398
RBM47	6.016176273877108	6.107480537751062	6.088589292633328	6.275555419877874	6.4722599348253045	6.544254568438695	6.709442962080214	8.710528063935513
PCOLCE2	3.6061072871054507	3.5795586727752413	3.5846654784741983	3.5315787115160475	3.3948659483052164	3.34587170117426	3.0062212676423936	1.6019205653096278
CXCL3	-2.9820328822831694	2.9985275965110496	5.3706168879245	5.840214842979837	5.740133146451887	3.732088429002678	3.3290383929629828	3.1502367133064118
CXCL1	0.16492086150175297	4.197035655135104	6.2490960364232295	7.019246397492948	7.27438976149966	6.62344824120768	6.963727373764241	7.031183521955654
PLSCR2	-2.0943200915863502	0.008860057322040649	-0.11635566673718342	-0.0015813247603578967	0.7484402417259431	0.7572693780723341	0.5767483688348608	0.894872360857822
TOPBP1	7.505812560208842	7.459896950745893	7.49774011255618	7.512918483705896	7.362480784239194	7.08831808095591	7.041159495805223	6.243139092867818
TCF23	-0.11165871071452091	-0.30682688683803866	-0.302315750047819	-0.7327338781203191	-0.8560399162747077	-3.5367014599097195	-3.454477335330535	-3.1243381347705212
ZNF513	3.284493404064734	3.2780412489297643	3.2549327284999334	3.1858934604604743	3.381025118729671	3.82775204748675	4.021361611807015	4.515939047773173
SLC4A1AP	4.969882000951255	4.867309299412966	4.826785985854428	4.885623351842057	4.7624696750648985	4.869447006652082	5.409460201371628	5.985370666542288
PLB1	5.038652741760179	5.153782744372644	5.138429702104691	5.13611159011138	5.0365637712122515	4.43728031532045	3.803849254466992	1.4736840607768724
KIAA1143	6.315724965045968	6.28298815277927	6.3189113830451	6.350442593888069	6.2655757975775455	5.920338016775931	5.755713427963062	4.951135478337757
KIF15	6.262029558234847	6.1789786534271	6.173027947271917	6.155372095187005	5.943163944219496	5.491483994884058	5.770001728713371	3.328596579555051
TGM4	1.1470577400135933	1.3689215426859114	1.4014532006509106	1.382012843346979	1.5572131192211356	1.1230042618863283	0.6578071629448495	-1.5484110773241893
WDR43	6.721580820554481	6.702757939305985	6.749985348772035	6.81219725151344	6.625282171915343	5.559716153618009	5.806821666013838	5.803159300031901
CLEC3B	0.7859388878113457	1.0580878901598016	1.0249362839280465	0.4783614304598731	0.299701153576571	-1.0484937016972196	-0.906726894241105	-0.8664627302405015
LZTFL1	3.731664903741271	3.9106371577969243	3.9409868347194625	4.008193049869109	4.013241745050394	3.481149823646729	2.910362051259833	1.8983650005684392
CCR1	6.403627585385925	6.662341837077509	6.283354569454231	5.655833209870003	4.915657471942799	7.0537065927796725	8.023511142248179	8.87963046354567
DTX3L	7.059445647567989	7.07864996059933	7.311149880151049	7.750535331662078	8.230147328661275	9.503948088452876	9.640510611628729	9.887769509245238
NMNAT3	2.726480968182442	2.8392623733766023	2.8783217842443944	2.8305163327089704	2.5992836234602934	0.7620038498895592	0.5793775518414231	0.3387896199102499
TPRA1	5.053374838824787	5.27457817761972	5.3686504620221145	5.456167310410642	5.641161377261143	5.754486492056801	6.131046926943297	6.492024861950749
YEATS2	5.719348846432094	5.564168995432742	5.3268625619640275	5.241913485081678	5.072621928440645	6.336493806920645	6.816204977824416	7.177964822361459
ZC3H12A	3.1714974065640815	5.255011085663713	7.856869106047698	8.812566520690947	9.097395963269935	8.09666363664127	7.923414104123138	8.281870729587563
HEYL	4.017903911192056	4.113882827358921	4.0226383358402575	3.849518774517893	3.6375935778015815	3.0538844739100384	3.199162343609967	2.5062917993809064
RFC4	5.468441303581734	5.382680525111237	5.3736718490753574	5.383845225317192	5.015724967630513	4.596789006260367	4.876558438511575	3.250295458001697
RPL39L	3.6364534833169917	3.655507373855575	3.5915454078005933	3.4564132187076395	3.5053075634183894	3.0893207959039533	3.1877454985239786	2.568552197592584
PRKCD	7.534912880304084	7.578719525570716	7.496695357862045	7.4613864137891195	7.257518596025454	7.545841635226594	8.147197753682395	8.601654700973203
ARHGEF3	5.251580959293791	5.195540703484327	4.832408249678736	4.253741903028363	3.537159773267507	6.260520319474317	6.790908565668547	7.724520844630863
SLBP	6.758495750616516	6.736940901962871	6.799020229481961	6.711681955245293	6.395948002085807	5.865293546394032	5.977575149632556	5.5783653840246625
SLC51A	0.7110207171193766	0.8651017287892468	1.0406154102267702	1.2027265093730093	1.4906447233499889	2.5830377644500078	2.3601467399126257	1.0184214024163842
RNF168	5.827468853170707	5.745486404995569	5.620977579349586	5.143592647512438	4.785305282278202	5.194505736901371	5.058776947439206	4.577916899463936
S100P	0.6458890097225193	0.5341675921453843	0.7789185461096173	0.9793476083227064	1.0180374197496445	0.7843819165376553	0.7485625219136545	-0.6878012608071139
SGMS2	2.826073862737699	2.8532396062617997	3.3504053022796185	3.7175023695286424	3.8687044337246066	3.186125257070555	2.426468155888098	1.360088093656158
METAP1	6.028848667870452	5.930180071749847	5.983033920122362	5.974231196434799	5.81556863251657	4.966507864868374	4.965092038793806	5.1157515152578705
DNAJB14	5.738049604625944	5.571802560089457	5.532215844819226	5.279140906070449	4.92042362256724	5.536029993799129	5.8372533745313735	6.535504740602807
H2AFZ	8.4631114339122675	8.405071786305156	8.499923543102275	8.534177429472724	8.537299028717971	8.409929867196762	8.144461743975555	6.585291220706772
CDC25A	5.73759272096979	5.762984260089415	5.8073068448835405	5.8727352104268125	5.726418772689925	5.642371143141098	5.450057364312027	3.9283253825998994
ZNF589	3.734200445325019	3.5776294520575136	3.208810154185144	2.9641271715189994	2.4658927908718393	1.7297266410721042	1.951067532773604	2.716180970338966
CCDC51	2.9053722271431646	2.921426462853204	2.759918904227133	2.370059478640977	1.7832189854399858	2.071895896685221	2.2748737229186435	2.650981719895124
ATRIP	3.860991310022372	3.792162854979637	3.7399510525674367	3.7126208783422525	3.5281061266933946	3.2677502030743475	3.2797821257465163	2.5456619249049988
SPRY1	-2.381676386607114	-0.9541105461707269	-0.3061996894009005	-0.07609079634940902	-1.0711809219834456	-2.998071195740714	-1.6657692624464349	-1.4536807226136161
HSPA4L	5.219470973963876	5.091975388574909	5.182358718891587	5.281690492506433	5.341590574818556	5.133558916680105	4.767370712705764	4.282982566871061
CAMKV	-0.7512059628778052	-0.31017485408492185	0.19634890537235267	0.36015878051560773	-0.11035771838688357	-0.042404307519497475	-0.9118899598120771	-3.6808355938479043
TEX264	5.062104774858781	5.121747073710478	5.056041488585391	4.909836585885608	4.761367545994693	3.7773878158452865	3.8206473270008554	4.552912367722747
DUSP7	6.4122998456885165	6.3613834975091486	6.209246626246091	5.852373649913584	5.479457314282743	3.97017323691315	4.305788138526795	5.591200298657627
POC1A	4.737698490891402	4.813484470622088	4.787742811458367	4.785821587527815	4.518754643023785	3.7283745092025473	3.7714915345173265	2.708227203769927
PPM1M	2.8219220444994972	2.681730982397716	2.6265722100786757	2.409534722989001	2.4052217055880547	2.4820953359034617	3.0485285010950687	4.759019153454567
C4orf3	5.3543882161892515	5.258502513441855	5.309690609505278	5.322003534277891	5.455090953255535	5.6801166200581	5.804452124730782	6.4673959587150485
PRSS12	6.201461098918696	6.283017413177513	6.393063455213266	6.508845861088933	6.533174994723261	6.01637283308731	5.6541168071631605	4.265009211855059
HMGB2	8.269577269014361	8.253369602372716	8.272025367243035	8.453189072582528	8.303399449611307	7.865888837166505	8.064245632956908	6.206883159383187
MAD2L1	6.257069692459547	6.206162519285021	6.2235604056356575	6.054191708290283	5.86478050594385	5.1990774229340015	5.268020355600841	3.588365240993613
ANXA5	7.79649289803706	7.764695637060436	7.843100554388643	8.063035550728268	8.218867787147348	8.450649613813344	8.46134976960598	8.96153982950921
GUCY1A3	-4.551196259797653	-4.55119625979765	-4.013786176939392	-3.2030719943784245	-2.573285663767546	-0.10800375930515704	0.9357864532042398	0.5616800706359006
CEP44	3.980115348137248	3.946050417254847	3.932060782863667	3.6766738080637547	3.367265306025105	3.2974024442650096	3.553263556182339	2.341794064907121
FAM198B	1.774188027373615	2.0489822376715843	1.7435267553195986	1.5608173056014185	1.2904721839584123	0.7145643173083098	0.5229374129850028	1.4660744781073032
IL15	1.0657964414199403	1.1961449217773756	1.2156530504700507	1.6269879780947165	2.1578440967193746	4.052113668228676	4.203945950060644	3.6836247503746735
PRMT10	3.5583546642913113	3.362369837215448	3.2655507443043668	3.0114348191655718	2.542574855692595	3.0893152899217258	3.560628673951495	4.113061429879616
ITGA2	2.6305984201929777	2.4041155681468562	2.2975478742292483	2.2150588441336856	2.0721898969940504	1.338116573438717	1.329938547082578	1.2677771794250068
EDIL3	-3.6437446337605643	-3.6420997696154886	-3.4664501529642724	-3.0530795021935235	-2.85984094209162	-0.5342585796417241	-0.08975467967307046	-0.6896556550059818
ELOVL7	1.4013095274909235	1.1443858684633965	1.8751006505119294	2.9406367581113924	4.891506925873534	6.691910354950791	6.451827919217154	5.499531122059251
RANBP3L	-2.3080539948165995	-2.665022425898426	-2.36569279860824	-1.3449752364359029	-1.2224602210806665	-0.9617565196348026	-1.6370506011634292	-3.296214716583713
STARD4	5.617675480286162	5.692418953829925	5.880190456757183	6.052098166066003	6.356752810371152	7.112594641704517	7.2200318767901095	7.733940831241665
ANKRD33B	0.2879998224142244	0.49460508060421227	1.7122520555302616	3.1702837636097603	4.467919827223744	5.71254644366482	5.272394962225076	3.8144292278566434
C5orf63	4.5265841842472305	4.561121945787754	4.671410462667128	4.9690767726731435	4.966927830897066	5.158069746346823	4.952187152569292	2.365333770405813
GRPEL2	5.320254582997936	5.23831872450075	5.121809500829411	4.872857210529705	4.459815123592726	4.452105969033834	4.502169740803781	4.194472237061527
RHOBTB3	4.385200197758323	4.312686868318972	4.41836038888777	4.512721940491867	4.591503047121922	4.935667063426285	5.242639920466516	6.037442878472802
GPX8	1.158590567824918	1.0523388995462781	0.9982607112392627	0.6926032128018647	0.6786036799297759	0.39984590222004734	0.4775798934104685	-0.26746259820271373
CASP3	5.091374077171663	4.9770057332585	5.169266745348879	5.31194812130904	5.270712204548756	5.856334648632941	6.055933023676531	6.130964732533442
PRIMPOL	4.0867435708210404	4.03282851586668	3.9666193069485174	4.039545892961805	3.7179658590518123	3.1513294347426672	3.4222968541904377	2.6208147180564976
ERAP1	6.969012168674533	6.961115083736171	6.923975502709444	6.998469189861604	7.111107427752697	7.6424779567283	7.795902651698482	7.941389823120439
ERAP2	2.251689842833199	2.141154666645523	1.9368477061683058	1.684892391815508	1.8967439857720523	3.918586439122219	4.388630097221924	4.931977945907382
KIAA1430	5.509924875452111	5.45002087285404	5.428282163593531	5.376800027867917	5.228642702843681	4.493749894593226	4.524461140673695	4.911422677660246
RICTOR	6.035879042824664	6.066091996289918	6.171731307574882	5.985117807869381	5.613829815025689	7.156007565827287	7.427563385885877	7.74051101664514
PAPD4	6.361073683326955	6.335410138455153	6.382660558206412	6.357961646277469	6.309503818807829	6.894201644586069	7.1375707546687925	7.554913110399375
EBF1	0.2645106492205739	0.351211833015874	0.7421961108507171	0.6900432016726867	0.7740523618181187	3.3325350346246556	2.9643025661782056	2.569501940248703
TLR3	-0.33574465066131187	-0.35629677757154965	-0.5862424828030564	-0.8349903244137581	-0.5179430478658182	0.779229020041913	1.3367646367473327	1.9455452239009912
TERT	1.4194541294052008	1.1567361054470369	1.6068471589447713	1.2314029675704463	0.8641679786062437	-1.2488307235749403	-2.4249188659002923	-3.522296093322468
CSF2	-4.551196259797653	-4.55119625979765	-3.5276579399225945	-2.8435558755882013	-2.9487022557559115	-1.4636198588462421	-1.1562060838841912	-3.5089590120347127
MB21D1	5.401103125974611	5.692665889305626	6.901300176866725	7.377607650909654	7.231587389673372	7.676193619455329	7.700436466061841	7.471211997963927
TXLNB	1.6802541636348538	1.6752561172405802	1.2948336022472093	1.531598996463516	1.3501862654855308	0.8941537770366922	1.006627045979264	2.7425542122979527
CREBRF	4.010366707759313	4.113248314534717	4.543143888178426	4.831865065023113	4.751590052188468	5.728733510218982	5.6644813037431065	6.585184908978014
DCBLD1	3.933542434708764	3.777355408089772	3.7532621183847237	3.5966760323669744	3.896304146688494	5.508452269595061	5.538574895576058	4.9272414743864825
TMEM200A	1.3154973471187454	1.247771047018688	1.0080778566627582	1.1328885524407508	1.2617216507862892	2.407328576673443	2.7243330956376033	2.3256507686902146
ANKRD55	0.6415292977243254	0.6113469162130504	0.6071522297336973	0.7505589406855497	0.10456940762972924	-1.2893426437141027	-2.2674254630112483	-4.23802104991916
TBX20	2.5095911926769103	2.5016122518742163	3.0957313195277685	3.524580866022589	3.9120466541251724	4.291975950586388	4.4855566092589765	3.774522909585455
STK17A	4.650219148422531	4.564061972907215	4.742689358281407	5.0133725113815455	5.334914975914447	6.016044737204792	6.005359265558056	5.846596496328026
C7orf60	3.1609114920145553	3.2451283280152534	3.143860566122171	3.235562668038253	3.5818290873879244	4.063387090766996	4.4659375384039155	5.520990533382864
GPR85	3.5564929090776336	3.772890273863005	4.0317603099628565	4.1617472671261195	4.396797134929489	5.217779204915523	5.256474256916002	4.238472641361312
PTTG1	5.621351907666357	5.709382360852182	5.76998416186209	5.93914675796913	5.992229405001957	6.064961053690419	6.1004258289819395	4.2991839814503825
BMPER	-1.3563242894361964	0.23598622871929392	1.5525617354252184	1.7591810532912984	1.8698041093754512	0.5763333722796726	0.736007229875888	-0.198929834761641
KCNK5	3.436476078947723	3.618230716021878	3.6872324568925885	4.041373381251278	4.328132243980459	3.112241576638298	2.054192468702217	0.6627092945246165
CDCA7L	5.653700999837134	5.677890226775563	5.786742880044747	5.86309080235297	5.837562459273988	4.993280954734086	4.454376867534016	2.5593522757839215
SYTL3	3.3752716335243877	3.283610049011383	3.101402595996055	2.999992369416015	2.6850176928796055	4.668424800379951	5.08525551849403	5.212684031875464
ZNF704	4.2473986097803085	4.318948770597564	4.2452690217190145	4.139237406842868	4.03296495250727	4.432556009196789	4.541883147517256	1.139067602958026
SHH	0.19258691042952236	0.16188446829551473	-0.06712807960080794	0.21094273879698497	-0.21814290654678076	-0.5661298838642559	-0.9232635038271353	-1.2013744962025847
TAGAP	4.87376842214312	7.386770890369442	8.779411948431012	8.50006194868432	8.294650485645894	8.202863639936375	7.98205676298061	7.866568944973171
BRI3	6.485254176039536	6.623060575716991	6.5492616801053	6.33460997937263	6.31586464827909	6.12921306138012	6.2424196892192585	7.75000737154687
CTSB	8.537923748386858	8.578293541186856	8.426496648611517	8.41766759937483	8.420169109766865	8.696560060063971	9.140026685177162	12.302299567421661
DLC1	-2.9820328822831694	-3.597196449588865	-2.9835193034252536	-1.8447240106569667	-1.6391692533717988	-1.6811560857042507	-2.055931655016451	-2.333380670253571
HEATR2	5.5886759785510565	5.730567788664801	5.8533638007479905	5.794363248013392	5.787633256758685	5.197262283276471	4.703872522675814	4.103506722592508
OSGIN2	5.737568450568261	5.7135107978651956	6.071016524437438	6.402424168772773	6.844795041369251	6.644606438748298	6.135599455534839	6.7952777652361736
DEFB1	2.005453845537388	2.491263160308548	2.4712515878452743	2.7346990054160782	2.893312686705354	3.2652437867456383	3.347319612013301	2.0891768116419875
GPR146	0.9514043867130751	1.10512121616397	1.0960106149555093	1.042811246215901	1.0024992343010497	1.4585372708782884	2.637450242905107	2.3147724419108284
GPER1	-0.025218930471625017	-0.0588641397119605	-0.5451123207585737	-0.9536492526306661	-1.4631170227016068	-2.114052810241644	-2.7141355434205128	-2.612467177866052
UNCX	-1.4392685223494746	-1.386664210269161	-1.6146412215531705	-2.54980849120913	-1.9981871712735029	-2.998071195740714	-2.972953028397728	-3.906916970586659
NOS3	2.0032964636832715	2.1886614447145885	2.1990515516932487	2.1080132372358884	2.0489829773372756	1.468559692228819	1.3913718762592948	0.9494032395428851
CA3	0.6975996830609655	0.638608177705293	0.6719660686907241	0.8297704791466106	0.8904175298499141	1.082543376668022	0.48049045887710184	-3.2962147165837132
ALDH7A1	2.4496381543776544	2.2244536160870494	2.2632130821322134	2.1786441659878912	2.009656657830741	1.8751268117848263	1.8101822343392757	0.9149153723374055
OSR2	2.4948791397140657	3.1759433056244197	4.069548992933182	4.007899169474775	3.561476631886622	1.4119376174064686	0.495644946242248	0.3864525593012921
BAALC	-0.19989897631302786	-0.26926016263956204	-0.14188554383702762	-0.005951060914596504	-0.030202230620895998	0.28115286090157365	1.0850412558649998	1.6787898004525479
FZD6	5.06071521203188	5.0235176141906805	5.102577677662335	5.144559587281952	5.137844031930564	4.866628433610467	4.740259735821688	3.745601203228218
DCSTAMP	-0.8425651726965938	-0.5651111914705118	-0.6487901954758601	-0.1666586939064344	0.21358162154817475	0.549696613528565	0.4722619270610607	1.8201961921138246
TP53INP1	3.399110388427061	3.5781186462986234	3.4780578552630668	3.4153043322914325	3.904775352768544	3.282524960728515	1.8708369187671803	3.019714442763531
GEM	1.6694562874442092	5.875961849368553	8.3874026279249	8.760337162257915	8.327424739254681	5.810957734100124	4.805127695601914	5.06896252234127
PDP1	4.687045711915159	4.83072359769566	5.268418080029609	5.557994471324494	5.887124979424033	6.323318317816094	6.160733831235243	5.8630500200055735
FAM219A	3.4811046497293683	3.6046600652667027	3.5927055295663353	3.5306487426049125	3.3277954291018697	3.4923012234118778	3.8885681670078753	4.765865568905729
PSIP1	6.802860489493874	6.811014833173769	6.768515227159968	6.885605255061957	6.790786849452278	6.2503468629864365	5.881884943059029	4.351036268023876
DIRAS2	-2.6595671704144497	-2.9520194517557883	-2.179922129174268	-1.5021874349134403	-0.7181700661578388	-0.8224229300833428	-0.6795411590275776	0.3547438040718738
SYK	8.386123858539673	8.440033593894066	8.485934230538856	8.470809549193453	8.329227347307626	7.301075037761289	7.014203022909028	6.446226691867428
NIPSNAP3B	0.7464136005865578	0.9042096734442092	0.6760774486688608	0.7980087004023555	0.5482520888619001	0.8784499237757599	0.23018913482790465	-0.7433686843265228
NFIL3	4.338065072695894	4.817106601059946	5.765160248442109	6.1361230673011375	5.879012475792882	4.568530989448145	4.6527194553405025	4.790470334584375
FXN	3.4568841415050264	3.3709423835907275	3.4819463414695897	3.4720364915142774	3.527390772822585	2.6275992316323995	2.3987855758605834	2.119405110002619
NKX6-3	1.4027830245008075	1.461414468086709	1.313835248601737	0.8249682628839142	0.2590943489846617	-0.8378199489936149	-0.9089624263893283	-1.5094335359808624
TMEM71	2.4097100935617726	2.48324380423169	2.338775600544942	2.376815799332766	2.0925963860509174	0.9312466624130245	0.21156444846323724	-1.5963587637500187
MAMDC2	2.2397462959245775	1.897209701857836	1.7793146902571226	1.4792100470394736	1.2207942556661333	0.9963685887609455	0.7977784765979725	-1.835412829478089
C8orf34	1.175882410273661	1.1282878591830556	1.2165982503692123	1.128132764893886	1.3102001050462486	1.9453071652318048	2.3222883324281636	2.4992305878864203
ALDH1A1	0.15574131344477726	0.6244460051072777	0.7387348689867836	1.1202326023210765	1.4068452136757486	1.8188268722288725	1.6069548730333278	0.313386141157749
KDM1B	4.598155552037321	4.523652557098179	4.586149209476835	4.687276310125329	4.81340790467882	4.77645516041311	5.10055107552436	6.010831265438586
GKAP1	0.805717206391539	0.7232631544359325	0.92134473018333	0.6062799232142976	0.6802991830389498	-0.021553088118423075	0.25304983022807537	-0.665187973466497
SVEP1	1.7972320013803083	1.9168706517181446	2.0937931976677753	1.9439991096746478	2.072301672010605	2.1365517641492096	2.326347509425295	3.0375373110413815
ANKS6	3.986815496364198	4.100493087323279	4.120371450257822	4.007967368470908	3.977293202890239	3.0928105769271044	2.3893624254610657	1.6579017469693111
FBP1	2.894663164396397	3.0708468261382755	3.274670607591455	3.212182290628455	3.221383955051083	2.890213197283915	2.332963937650827	-1.193087247660305
TMEM246	3.875549496664236	3.997131231621103	3.973638107486427	3.8006065400863043	3.476421167501348	2.942935327133071	3.2108598254826983	2.4656118544734467
CYBB	9.024150793744528	8.933594868712497	8.846698166205256	8.915430350848004	8.96797187911989	9.48670894275336	9.930084290696614	10.839430188914108
DYNLT3	4.317731272139252	4.234993735415693	4.339242321005562	4.503053289188199	4.664385475126368	5.26926289634128	5.5554406666208	5.5691094650401975
MID1IP1	6.014364878199409	6.117120308331238	5.965375675526625	5.502197863783479	4.691315878419523	3.277127190744374	3.5880684557311984	4.377249035985007
KIAA1958	5.100985599727297	5.145033185925456	5.206745672861636	5.166874484738171	5.285738943321707	5.77825539904606	5.519477049589357	5.948465381780219
FIGF	-3.152283881646449	-3.7960916464392565	-3.4730400512863673	-4.0022264784647446	-3.7105664223967576	-2.0496191534086083	-2.078618224858199	-1.4502485953722415
STRBP	5.336816404702841	5.335726609138382	5.375906114225483	5.513928945327527	5.52480493486371	4.8808428738359275	4.197455619828224	3.4871230039077235
C9orf89	3.94982155296292	4.146961082541424	4.096466363263671	3.862756674485966	3.8854386375929724	4.057449875164777	4.391970595801355	5.559821418868655
ZNF367	5.781537684182295	5.848963008469337	6.075670171858024	5.892951902335791	5.21673753733585	4.9962583271489605	4.534353680880266	3.1642076525274527
NLGN4Y	4.180253762736408	4.28879156898275	4.171444678850451	4.094700981804651	3.9923570909856014	4.800613642200286	5.656706299144961	5.2490136158489555
AQP3	1.752146242303287	1.99626207691785	2.076360965861719	2.3582206997317545	2.4724101588708205	2.9493200218373072	2.9481232294357502	1.8032438002209883
SLITRK5	3.7608794468531834	3.699644773723903	3.6564100130163464	3.4646975871478354	2.849946695845704	1.8713147962299903	1.519771689284731	0.3066975044182448
MELK	5.902765343064314	5.796933673466933	5.869260651180273	5.853244222496823	5.750124158008246	6.195368101405746	6.482307752631263	4.485408895266497
OTUD1	3.5527893402931707	4.690284923073567	6.140485256876676	6.804667206641755	6.800389589026624	4.6962340540671486	4.192281864918714	4.551660007525311
ARHGAP12	4.792719064351783	4.682329171073922	4.599992348223249	4.281941202188019	3.463970922230179	3.7634095940117787	4.665057826725153	5.5843388776443925
LRFN5	-2.6996765562392273	-2.248309063161846	-1.1405645693819726	0.8986168802694969	1.653361562022853	2.6878132468298004	2.298626633976221	1.0969060243461632
ZNF488	0.880915293525899	0.9115917796804462	0.7591864814052376	0.4422799973364023	-0.2137547961852302	-0.23122319404050096	-0.9108890502648794	-2.421279371827878
ANXA8	3.165901733905586	3.25258755250708	3.630533098774902	4.074647227447489	4.489751128055806	4.191100610996248	4.130724412084639	-2.5912863560779997
WRN	5.156568415760688	5.1457730118397995	5.2106354124483865	5.297872834004711	5.200846413164116	4.8561720167212385	4.772487749530871	3.773935767383491
SLC16A9	1.3485677722516627	1.4264757875317913	1.5444361672144438	1.8384663506728387	2.4804827825824165	2.601043647836048	2.3894921696583644	2.1656734832888933
MBL2	-4.551196259797653	-3.996734959894804	-4.2723250389197736	-3.445293788481795	-2.9878257895876623	-2.654064480029698	-2.084028582811487	-1.1892850916100492
GJB2	-2.2756000448052625	-2.5563394193452327	-2.1228142989305203	-0.9916710473193535	-0.9035647530822587	-0.8592461499299482	0.1693513600228801	2.1696988099301096
CRYL1	3.390374351059309	3.2212066120590768	3.195378276059168	3.14044655873409	2.9775261751445186	2.453732538287854	2.1632523637919014	1.9616730148185866
SKA3	5.571928636794497	5.542567080088297	5.546604598885684	5.543112001813908	5.26690122752324	5.187380894403702	5.252335928380057	3.346563815741279
C11orf82	4.599751034876741	4.524567767580551	4.656500984760122	4.572714698870954	4.352364347398877	4.136580339359645	4.145567597463355	2.3085146670297165
LRR1	5.218819605730187	5.115734598936028	5.138903390843734	5.101833525468898	4.9127867382394275	5.092281427173132	5.1009952292343765	3.9879809864092723
DNAAF2	3.435031236804128	3.4193128337311105	4.023043445913875	3.5263932226634376	2.912794462553018	2.1170665012175682	2.3938902814013296	2.7775194617375254
C10orf10	1.5876990914407263	2.0762893178177086	1.8214657284043922	1.773766062710378	2.821405224170351	2.8781378925482364	2.519379177860916	3.3242185649276736
KLHDC2	3.543360494576079	3.5790465302308005	3.568289549556581	3.4549999054794625	3.2901597109677336	2.5864362408670747	2.6985869045638387	2.311015104145499
EML5	2.7283502539379416	2.586557784004445	2.7892607525945023	2.7985230442780464	2.6808360384969556	2.3466191614705334	2.0240270492093373	1.0002341129153733
TTC8	2.273815585079147	2.3699030065372777	2.4979906024753045	2.490535082046763	2.2107445750066086	1.833776628163368	2.037549193893422	1.2179042964158555
DACT1	-0.5056322279003527	-0.28927145822600603	-0.5444806785256299	-0.7847355952643169	-1.7803784846045985	-1.1313936804731703	-1.2257002341988341	-2.287659835834537
BEND7	2.1058950610099654	1.9922053636135943	2.0009259518385853	1.966073110502526	1.6720709735523345	1.3973205372333553	1.0702306786514935	0.2263743617763491
SLC18A2	3.118389426105458	3.0254873849208783	3.096458106168226	3.08706339447415	3.1801333772674716	2.9501850059937125	2.1074242300455186	1.2806999911518042
PDZD8	5.961462678711959	5.893998594390791	6.006843893580019	5.998281132003798	5.99770864194686	5.769264801312438	5.367359370228334	4.894080043618401
FAM175B	5.242870174444748	5.237509734086771	5.36130781468963	5.425166470287143	5.30265797669964	6.148114794117136	6.211339242969854	6.275170213057258
CLEC1B	-0.43639362360441897	-0.3133772241171442	-1.0057747626293427	-1.041937305189053	-0.6556685089045946	-1.6756497642507082	-2.2755010160587794	-2.5213946733074577
TMEM52B	2.1903608394700287	2.0499348741340873	1.8199670586739927	1.6129726281323538	1.6937447456226957	1.3278560321783288	1.0750469253509596	0.2995375718441554
FRMD7	-2.7082249865635486	-3.2047600867986707	-1.5043262737539742	-0.10493503754201872	0.54795363470016345	-0.5747740630862883	-0.9232635038271353	-2.7361158370667837
GFI1B	-0.5338057208308089	0.08579318419225684	0.15109643012517976	0.2903095335033594	0.7015933805475549	0.7221829043029426	0.6049603906331491	0.7932055079836328
FAM69B	3.8479309122895105	3.916149396627719	3.975432482574971	4.036526994212635	4.088210188315502	3.8073774613241103	3.333197910433559	2.634274789536816
ZMYND19	5.262786037249728	5.248579000477716	5.2213321244778985	5.063866487662542	4.535865081926035	3.559549024202344	3.4427947234568492	3.525724551242621
STOX1	-0.881561984771245	-0.7909410215818538	-0.7928723740616558	-0.7049175413499938	-0.6844981860177036	-1.669144098800776	-2.1699142530866307	-3.3868001590145784
DDX21	8.062121985675935	8.017582148810613	8.485852223111344	8.92118794201771	9.146425487390982	8.445727933501054	7.873272835019067	8.019797353251775
STK32C	4.049013903519981	4.015219123834797	4.030359639489255	3.9198352758433512	3.870310247548914	2.984082131042957	2.624040613173346	3.2185266396039873
KIAA1462	4.68149180264828	4.534592503357064	4.528093258030637	4.2996002913480025	3.811899949310363	2.9624381956318766	2.455498590206735	2.040190997120778
TMEM55B	4.8175586792914435	4.8810927462312454	4.678696513288573	4.243383280954816	3.7848528298165824	4.595696770524351	4.75232097397188	5.313042586191368
NDRG2	3.6090548030959626	3.635200190488834	3.446508697776207	3.3669588365306993	3.192992179569312	2.502175434795091	2.2578577876557415	4.204355789028675
ARHGEF40	4.441539870273374	4.482586417083842	4.335624336145924	4.169924966037961	4.012498188575585	4.784949135986811	5.477184999401298	5.9788218471642915
ZNF219	3.3480938243091605	3.4059258674657906	3.2856853734747893	2.915723943955722	2.76896051021396	2.5387608307593963	2.178021085147413	2.2022555423217036
CASP7	4.269800932697335	4.210155579774537	4.190284022298769	4.388891248455742	4.997299735661828	7.206703737887662	7.629078051139754	6.928294472008288
C10orf118	4.205891940703362	4.062486492574335	4.0958905716066845	3.8370523629327677	3.664374049569455	4.465510576206839	4.8813771174492135	5.55803322130003
ZFYVE1	3.9180682075523623	3.953510924860982	3.6573620156047575	3.282106343287272	2.948486470687997	3.5365614399734673	3.8935612192591926	5.0278181421148
FRAT1	3.3846416821910905	3.606763567100013	3.508362775872108	2.6667286630240215	1.5400682537473216	0.44406424446067555	0.8477980213986982	1.6827766234497017
UBTD1	3.5525393041079614	3.691149188758558	3.6221623414527704	3.3417257222129244	3.0131526020121244	1.8955045706294924	2.425895543958518	3.680519140724925
E2F7	5.2646215494333415	5.330400169451364	5.88357458573282	6.5609260630659145	7.005002095534538	5.5472335449144055	5.6192946001571755	3.4807774958133058
ARHGAP42	1.2393252955715237	1.096958129209329	1.3221265954402162	1.3156981149879883	1.448896560682368	1.3307111620499046	1.9828977715116012	2.2830921193183316
OTOGL	-3.486184164683724	-3.796091646439256	-3.8238569624685823	-2.928970488517248	-2.801198647581411	-0.7479346840260408	-0.15326614633130287	1.0805940513941568
PACSIN3	1.1572208962841533	1.0584185749937771	1.125049003064647	0.9365194784011842	0.7825458014479323	-0.17116486964302555	0.1537225448593837	2.055694650761567
TTC7B	4.0796990676450955	4.197759447092812	4.210865665932372	4.385397254328539	4.488493063584009	4.952001921681241	5.221029365512917	5.590010513265579
SLC39A13	4.474353440626631	4.549717060478681	4.574489248878544	4.565185588626953	4.882687613589182	5.392834890716544	5.62597571664353	6.823866745769582
AGBL2	-1.5008060276005657	-1.2496238251572818	-1.568305481744881	-1.5277924348829495	-1.2238818845570705	-0.5847593584260009	-0.4953298918560188	0.46552783405760667
SMCO2	-2.9820328822831694	-3.597196449588865	-3.5494048982082695	-2.747958715604694	-2.6567621012307443	-1.4192955730236811	-1.600863238312948	-0.8568314303806666
MOAP1	3.859124305377935	3.718590756225371	3.3946547496000914	3.014215009244915	2.7516758358302518	2.7009304820028666	2.8377904732895867	3.970443731727994
IFI27	0.8697186371538678	1.1573931508383084	1.1688536797286424	1.5058421524054024	2.797664888888666	5.973836428568758	7.112400901697093	10.034170789390824
PDZRN4	-4.551196259797653	-3.63928453773675	-4.071708826434121	-3.2258687620451374	-3.7105664223967576	-0.9424530800313692	0.29077431394378517	-3.2913117321229572
CACNB2	0.45026989286959873	0.4530341251327046	0.48414802093272225	0.5946168147235307	0.6685389422383636	1.4899974872872954	1.2055057969449146	0.21905778524185804
PTPLA	2.2662820162170036	2.1971773562535595	2.398210227221682	2.393729976741904	2.361841065923268	2.1474653770904863	1.8663213921560349	0.5644120510861376
ARL5B	5.02990506723828	5.259942404881727	6.953510740362909	7.760088662223168	8.290676844516035	8.9814207787097	8.643470172105731	8.172637910097523
SMCO4	3.65667718745281	3.721006867666741	3.986401114857621	4.54513149506368	5.060905989420279	5.757543806322161	5.679628825463389	5.729036068923431
ABTB2	3.4306026815849973	3.72240865520001	3.8766720625591904	4.002634655580724	4.626231312928084	6.549593453644574	6.241203786156268	5.263880201144271
AMOTL1	5.99239956770109	5.940516369931236	5.948049868632275	5.785718620898269	5.349231503573536	4.811042940117428	4.905854174251882	3.5960742062146007
CEP57	6.142077026721143	6.098893610352309	6.134797283098239	6.239086525742982	6.301715394644573	6.075527128105978	5.8474045502012935	4.849538539410119
JAM3	2.06950402640036	1.9593086169935687	1.8771582023470765	1.8588850513590072	1.7496536331153156	1.387409463820863	0.8559857853953134	-0.8575523598810619
ADAMTS15	4.531738788762881	4.454169959375079	3.804719574128277	3.040262712095322	2.808020638454347	2.3355912757068946	2.0011203940798943	2.086864649153883
RAB8B	6.344711059052424	6.278118980722711	6.257872775182076	6.186191752764567	6.282814934469639	8.272819132929659	8.52883673423108	8.057546722490681
IKBIP	5.311878193112358	5.124968357474769	5.136684590455847	5.054547930259744	4.782881783008989	3.969834450820345	3.8234913279607867	4.004678974781605
RPUSD2	3.2052252122561526	3.1112233686283868	2.8336556038968927	2.3165181720167762	2.2608365313244905	2.4482625962577673	2.733154165932926	2.1606615306679005
NDUFB8	5.571832935703101	5.645403640926137	5.630770977023203	5.858303761817888	5.886044308907424	5.938859534288307	5.959938343552796	5.438441946142656
SPINT1	3.2644619202935643	3.368881065713471	3.268844062743186	3.1189082077530372	2.847735442882212	1.4157232127710633	1.3629155196879605	3.3339545422675165
LRTM2	-1.5165958599557012	-2.4894954610363818	-2.420211652343492	-2.260716511149159	-3.921268351290618	-3.9141066405405724	-3.667625180008801	-3.9940108037263915
CKB	3.0492167423693424	3.11419773870401	3.4879348948392277	3.7190702016663737	4.265829926337958	5.7508968505025635	6.739687955740958	7.992419861008328
NOLC1	7.242459993385055	7.211188541375993	7.274446807722837	7.468083889796334	7.485680254103315	6.6800695777194665	6.170854780411355	6.3975442852201345
COX11	3.8566076109385903	3.8721494244175134	3.8808271190404815	3.77663322227742	3.752737020592682	3.5548758361003645	3.31596733348559	2.5912269053128085
C2	6.174254388960316	6.293771560286683	6.173095785254905	6.287157802157848	6.501329265568462	7.318660249127927	7.728023651638654	9.484762025875254
PLEKHF1	1.7745579473709934	1.9084676196952397	1.521399392509235	0.7555790870371766	1.5052514721605856	3.0015215760221503	2.743696956247807	3.355832168876777
SMPD1	4.51978202064854	4.54067644119138	4.503797361489071	4.51737379108534	4.609526397649814	4.8622593317626635	5.002597029780025	5.772963989002094
APBB1	1.5331512616629475	1.8444725924103231	1.8586847976381669	1.6422680431608065	1.4768835032600092	0.6165033734914336	0.601413513801567	1.1587458761445961
ILK	6.076468133969708	6.117500027049897	6.073834006628704	6.15195562054523	6.16597979891964	6.165471293871736	6.552946718617722	7.2582980136862805
CYB5A	3.7882775426619832	3.8312603539623544	3.780724104637124	3.958039487067861	4.146053174510371	4.528320060725953	4.740345917369817	4.928075387303831
WDR88	0.3162804672260337	0.2599426410618021	0.04357089509444434	-0.32350086193199645	0.10035560308728572	-0.8764906158096908	-0.9820438090209765	-1.1350813273211728
CYB5R2	2.4407553026411586	2.4402359943314584	2.4816178804736033	2.8556221661080095	3.135638678693429	3.929736693157941	4.156829363230882	3.978554780084062
SERPINB7	-4.551196259797653	-4.55119625979765	-4.55119625979765	-4.103682316292022	-2.4530009924679175	0.7899012815494462	2.186334884123584	3.06622850287566
TUB	0.6214398691548539	0.24097169798134022	0.33398229586217476	0.1697579485021321	0.002691681223591147	-0.5152227135556467	-0.6837556253909444	-2.333380670253571
LMO1	-1.161601554565027	-0.9873225396184684	-1.1642188078397675	-1.8190493077567957	-1.837427337788176	-2.7515674309075147	-3.4917261820809165	-4.23802104991916
CDYL2	4.644488366841761	4.6511308718088555	4.7504011876979355	4.710334871103177	4.515638137735969	5.721127584697047	5.933905625899158	6.049012898401959
CENPN	5.465618180754809	5.467118535686605	5.5318867757501575	5.625954550804816	5.616327661567476	5.71376243026884	5.814726771525971	4.031340110527772
C16orf46	0.10156595718996131	-0.12006171717852601	0.15109643012517976	0.713037283139341	1.035831476793053	1.078982921750578	0.5098386969911951	0.517561033957336
WEE1	5.929665093538725	6.000287172799177	6.125195411516302	6.15399637085328	6.032824343264325	5.328444833329224	5.408451839285403	3.9597968559183796
NDST2	5.2826783739428125	5.3571856016297215	5.3277962865114645	5.4369248673301405	5.852563241309124	6.475317043118901	6.033278447641246	6.638233409888709
MCM7	7.976715122182398	8.088286172774033	8.169473942746603	8.279863635346778	8.287094146867268	7.855203710129171	7.525659308789907	5.6205858374134055
CCDC68	-1.8599538667758768	-1.8236327299502793	-1.5142127353917036	-1.2953712853871369	-0.7108633535640406	-0.30150207187875044	-0.4636926855706578	-1.8869873835837383
CLEC4E	0.09408834051026814	-0.026081598666601	0.16033131163266695	0.46768254236493634	1.1686110007052317	1.4767458893150818	1.549483259623849	2.813209577819533
ZNF3	5.709268056854411	5.551190291960873	5.628670375347001	5.612077861021185	5.824622031951597	5.948906783603624	5.840703914448474	4.280313793761241
CLEC4D	-4.308332239710236	-2.918702877712532	-3.7861968019029764	-1.7991304902051726	-0.6885758508561466	1.3923953835825378	0.9659941253895249	-0.046388256518655996
IQCD	1.5535202493842046	1.4460464927006498	1.515297348515892	1.611442496152164	1.2994075348411336	0.25945766196398323	0.08512716631177028	1.3008057153205965
NDEL1	3.4207758280833183	3.4875933790350153	3.679461274778375	3.7931897348504062	3.850022120892718	3.764362138347507	3.9990463338908127	4.431914033755553
CENPV	3.1866652376638283	3.1540400751777726	3.402544508655093	3.315561640803229	3.3491074659270685	3.054640333869094	2.58471833639862	0.4169651521853923
RRAD	-3.3413776250592093	-2.1738572172856374	0.9581655345631817	2.44938947610918	3.4225787039060913	2.621215160444558	1.9092860841376913	2.8320861632206236
CHRFAM7A	1.478142325282557	1.4278099574816265	1.3886590871961066	1.275767722835118	0.7022662851816338	1.0595503819525112	1.4421473643980285	-0.18449237554635695
MMP10	-4.551196259797653	-4.55119625979765	-4.55119625979765	-3.2030719943784245	-2.739556270791991	-2.34915291339027	-2.088427368644495	-2.9888422004626323
PLEKHA7	-0.16794069714460588	0.0532444489985304	-0.1241616377466741	0.050951181487647657	0.09577121594496088	1.2543653103513457	1.0777631674570982	1.9460477351068268
B2M	10.54499686409454	10.557816583576345	10.655952246181688	10.810152315945235	11.000352493807782	11.58875856689723	11.778603026460551	12.92822822865014
ACSM1	-3.234262703788124	-2.3104344962396097	-1.6430463301480243	-1.2529701938835787	-0.5320953141691088	-0.9172462000094301	-1.2603226421938087	-3.6892696906749043
SLFN5	5.086593795661828	4.946284835203274	5.219374240139748	5.752078451510223	6.419557885471486	7.678013532912779	7.725070829359797	8.288187613712008
SAAL1	3.8111178651069606	3.793235864390935	3.853961968381669	3.9385503137876023	3.867666271787063	3.2993079566911856	3.5271177004332284	2.428496047556476
YPEL4	-3.428749017994435	-3.4414564561599406	-2.954084087987889	-3.9536898241071206	-3.468747624195073	-1.0612523118156019	-0.9451528087352827	0.7738082993880413
FAM111A	7.231344293477582	7.1463189657066835	6.956507847766321	6.812059611933179	6.486029657462614	7.9126633187223145	8.486041082198176	7.1503435284062284
KIAA0101	6.063740638204715	6.020479826538413	6.10817831002555	6.103951899989897	6.120781029990626	6.111442373310681	5.876567343390759	3.595716486818333
KIF7	2.0055907914237046	2.0887010417285996	2.1493423865238768	1.6184179410630075	1.4944970084521036	1.3028383823750704	1.3815273156294157	0.4501565699964328
LDHD	1.727348443418453	1.8615566925094327	1.7687776535470077	1.5477132447714204	1.607069003341953	0.37002478504452	-3.8440108896083125e-4	-0.2816255940750157
MESP1	0.46609917308413984	0.359169056298605	0.33108076702134787	0.16870125259620605	-0.5873691353447226	-0.3531239115149928	0.08432130997579726	-1.050399235973005
ANPEP	8.757886198366506	8.850442741359899	8.756945507971732	8.782623045184156	8.904945676771328	9.508059897364898	9.817892677987334	10.373076818029979
ANKDD1A	2.1318689232094234	2.04310927567916	1.856247754692523	1.902113154761747	1.7790231054788654	2.001492680026872	2.1657798773898547	3.1921562676873223
C18orf54	4.203699419746281	3.97600690342333	3.929667260781795	3.804168191171579	3.6631605759283556	4.389293890504243	4.633786313393902	2.6010802069177412
PLK1	7.032127526643619	7.112041103188597	7.0770304925946474	7.003269736469177	6.599982183765373	5.9067868210899075	6.716952907077765	4.444085097107989
CLPX	6.079300273676902	5.972926741830452	5.951559699482963	5.767530690690348	5.488358639539733	5.132920695939189	5.408796214166045	5.870145917512817
ZBTB39	3.9603520289203167	3.806466223655965	3.6399193536981036	3.8141466639560675	4.220380656854376	5.101392844513969	4.740092129009055	4.594881385900527
TAC3	-3.7583636431660405	-3.996734959894804	-3.6563793674350817	-3.1069031552327075	-1.5626963855624911	-0.28304304088023713	-0.5455145680176313	-1.495272808714981
MYO1A	-0.9017309594589108	-0.6564941997863061	-0.6005515581767736	0.47119791162281555	1.3702855010469457	2.602680961826745	2.2930616545224716	1.438519758541794
TMEM194A	6.882064198435292	6.78796158780156	6.79990807333323	7.044718805964546	7.48516023901419	8.770379319416644	9.014111796493841	8.458315181277035
NAB2	4.143551608592326	4.338023050600583	4.420877618348864	5.149234808530103	6.203476278848006	6.667279073549036	5.73938803941757	5.345889696013032
STAT6	7.029929755209063	7.136546640212175	7.079063736952298	7.184835051193408	7.286040365185906	7.691833178637248	7.873604680033578	8.556589471819741
PATL1	6.393770051397167	6.440400753178098	6.452478192205367	6.701453827212242	6.917857782525653	7.394867790880362	7.586999215554222	7.710080810859505
XRCC6BP1	3.718513820766207	3.808027656473639	3.8084191578395723	3.8076573121886703	3.283247988972658	2.364843515121608	2.304494822790139	0.9115103672345821
STX3	4.820948170308977	4.820793476826699	4.928158814936969	4.971901135325433	4.911632357154159	5.091610230432078	5.4543471496958125	6.11695397122805
PIP4K2C	4.229697521868708	4.373460482075304	4.3040567119507145	4.3177067711148105	4.225592528578142	4.1132879375645	4.616560739216949	5.627625802116623
C15orf48	-3.2751447336026973	-3.0268396648073423	-1.9786199904471775	-0.5310635785633674	0.23989930039761378	1.5968317647886354	1.830012579361014	2.0039972281252934
TSC22D4	5.95874106831678	6.086753185847111	6.09910042887046	5.884687197636708	5.661646135897305	5.790337505879018	6.33343568594646	7.235650187380036
MS4A6E	-0.10000289420973943	-0.5264111436322982	-1.1763599483684077	-2.5329205329026463	-1.7803784846045985	0.040036240484230476	-0.0188241842077643	-2.246778083723884
MS4A7	6.432228423212623	6.601350551458172	6.9592357379512215	7.318041204457714	7.904718125583015	8.774957598062997	8.899171311908724	7.8767165674732595
MS4A14	2.9830450896779075	2.976375628488568	3.188376003017712	3.4172291252130957	3.7279686917421397	4.676708558293246	4.776174936152308	5.074719153494517
DIS3L	5.446702687765203	5.346777418440141	5.354397165495415	5.308040938781232	5.074297836104279	4.285279783085556	4.232224847442302	3.7000884513226255
SMAD3	5.448357061358074	5.555474662189212	5.666645824445879	5.754374196413802	6.02430565422379	7.167295441386931	6.3800447320988045	5.458613770441357
MAP1A	-0.14044310789319864	0.6408265500953108	1.5489091408190672	1.5752715267954036	1.7101960027060374	1.3537359232555797	0.8725289699626587	-0.2738701364079167
RCCD1	4.659771907868428	4.6616198572603516	4.556323405515378	4.497998868237501	4.425250774852393	3.7944447720357775	3.6444566495357886	2.381656216879572
MAPRE2	5.24875571579532	5.264119098542015	5.251277946667671	5.33520646278126	5.320309366321592	5.054964397914378	4.899387563729035	4.096113676953374
EVA1C	-0.009615066991634016	-0.3291905281334483	0.11608136511721251	-0.2033117571402071	-0.5282915205837251	-1.3400065683046338	-1.3579724909632298	-1.7240690074816332
CNPY4	1.912992571940607	1.5672689150752999	1.4864771096278178	1.560299917399336	1.4668851268451846	0.7555864866903077	0.6822363914914389	0.8354650318587648
PDIA3	9.623303846839583	9.659436463849937	9.64690019908904	9.79104697891719	9.859607577205896	10.042821999953732	10.220009233995924	11.059095916438999
NUDT21	7.569839734970831	7.5015872872091265	7.539019212495798	7.583675606802721	7.56534899009055	7.440263917219305	7.210834711739208	6.101316108243075
NKX3-1	0.3420461776781855	0.3310465517491926	1.5156651918579973	2.586265248685471	3.57639632215665	3.709112314039705	2.8749524718488173	1.2064768295018147
TEF	4.064345446914069	3.9938804139409205	3.7125853736472036	3.3665633006418125	2.9479805174208042	1.789576550731895	2.1783474553742135	3.5493702994705147
SAMD14	0.5003877984283672	0.4101346302502627	0.5264793416393831	0.7443030334782125	1.0358707983869504	1.5143798577300371	1.5625194325934135	2.2212867110115426
PIP5KL1	1.7038755318016425	1.613682824005036	1.5937993339026015	1.3634042198516025	1.5858572446746173	1.4685728357051804	0.9409999743470114	0.6629737126941724
FAM102A	3.5195171297679275	3.593057389122843	3.645072879152371	3.6117378852855424	3.4709520372457465	2.5432043828230424	2.647821705484044	1.9856929008833788
ENDOG	3.7401469280368405	3.78783386540455	3.9630878678797385	3.8829080617092817	3.765364679011583	2.8018290445655025	2.25292844483278	2.207325962733969
C15orf39	6.04267093874794	6.31752578491945	6.175055195391328	6.087333433145503	6.448881746362646	6.766674732519409	7.190842962804391	7.068751301356645
GPRC5B	-2.381676386607114	-1.6216323046874246	-2.7875715110392463	-1.1350249184468095	-0.6834044428174006	-0.2855050802753601	-0.2554518321681145	-0.19299817816202952
NOD2	3.285714598928651	3.601276154365925	3.869861340671073	4.164285286229173	4.460616462253215	6.5586631380740625	6.713281334443709	6.6569452063019465
SNX20	5.388027890308356	5.76052594630621	6.043315588056705	6.1906639886855475	6.300013846775437	7.510715338688232	7.714815935279251	7.809667224041398
LOXHD1	1.8564342308967303	1.8909554991265027	1.9274551244406797	2.053728769508072	1.9786924765572527	1.30299843283644	0.7632430136117332	-0.8429991812581791
IGF2	-2.3912797863044233	-2.6629258545144436	-2.5254716752361093	-2.181708441616794	-0.04676796792049273	1.692267710683057	2.0883271340063967	1.592977644940715
DPEP2	0.12265227130290195	0.04792813140607273	-0.08156668084307361	-0.3299824214332758	-0.5408046684677803	-0.9322004352889799	-1.0859468093999882	-1.495272808714981
RRM1	7.66231748044919	7.661381331921142	7.666022736778251	7.757583495422243	7.788345489449185	7.780133523918289	7.702701218899597	5.770216033820695
FN3K	2.210731822315717	2.257901254493099	2.150102342957325	2.1472615236307284	1.9638635117181331	0.9517011452793442	0.6136190940859596	1.696423830264493
PRRT2	-1.2526633418663546	-1.1475188511945973	-1.029347349653582	-1.2207254848919356	-0.23923718274601657	1.1940579037136128	1.7179579390960287	2.440040255037678
IRGQ	5.65649802704158	5.64486511799432	6.09930368593918	6.523131114986221	6.760806587690105	5.8193907276853185	5.903645122970813	6.910752299025953
PPP2R3B	1.996862773141049	2.287373569885731	2.341715534012983	2.1649755613389585	2.0779311838624084	1.666072186908397	1.271885827318508	0.20801756167402813
TPM4	8.85639811966206	8.827785607223634	8.919579922055753	9.090143303077308	9.18903090600695	9.407966507283815	9.602116994712663	9.940532628537833
MIDN	5.524400823494375	5.857826538229803	6.2733259480845405	6.311886122138473	6.013035218908712	6.726959905835358	6.336029672875849	7.372698099025396
CDT1	6.450602525249032	6.613275915093805	6.5290035724381434	6.108827003244898	5.767772422081757	5.610384782140386	5.460618801123816	4.372625653427617
SPATA33	3.746563337082029	3.761616162344235	3.7751866276244526	3.738081377766143	3.519589050471474	3.6725475449260117	3.5436912830619276	2.734030593737608
CACNB3	0.7248241276562053	0.6872366545402651	0.7033050291147771	0.6329232471048649	0.4837718867218229	0.026272137000114756	-0.5008920413745004	0.19970429091715355
DHRS13	3.29900066327962	3.3471668465437903	3.5352508385500805	3.545276237607024	3.687957860172558	3.032047489129366	2.7036925068500266	1.1537647489655627
CORO6	1.9657131092820939	2.036562432695473	1.8754163838723734	1.7018587196793968	1.5818244213460497	1.155274265081017	0.6841209369437877	-0.10551817508182629
RHEBL1	-2.1877616597774807	-1.548324558211105	-2.354167459916381	-2.099896017814718	-1.918052018951885	-0.8736121601103057	-0.06700106015789603	0.4079926902093479
NCKAP5L	3.082346490061772	3.3372115665646698	3.3251688282732035	3.0716988633870956	2.5169421355232893	1.7342517792183785	1.3658641869103514	3.04446349251518
RAB4B	3.109698792324621	3.224619244543228	3.2814118440321582	3.1774926220695314	3.3632471729389275	4.0756819829717905	4.586419627644749	5.086248702511622
AXL	5.107831076391793	5.249712544782853	5.1113888771072205	5.0861272391443615	5.138823604431504	6.513867349612333	7.15404648041039	8.56857878673825
NFKBID	2.6686452734982478	3.60824842393252	4.763430169912299	5.011044965928274	4.925906639302445	4.535402259932454	4.171437448035002	4.065541847135254
LAIR1	7.361742171939774	7.4866331283437475	7.282915250628036	7.254450773077236	7.176904647474832	7.2459798157437545	7.793332047246633	8.34592299669578
LAIR2	-0.34440800530429405	-0.04151017731436089	-0.6053377137254276	-0.7508378934135397	-1.174854301355106	-0.5763741017901719	0.32609089377346834	1.7505136493918412
CHAF1A	6.318990437076162	6.306173631437707	6.346473174815772	6.444563243615821	6.2371788993441974	5.882650663288148	5.879717735907706	4.595872935913574
SEMA6B	1.557420931716016	1.5071510980341531	1.843691714330304	1.6207908470374908	1.9255535063567875	3.717989702615724	4.066270312534083	3.541150426963691
GLOD4	4.830758290236719	4.776859983289484	4.791212720052524	4.796127930698261	4.6412080276566	4.020754557896002	4.015123121813556	3.7008082974990733
MFSD3	4.07644239981297	4.154637801822746	4.1054172526862205	3.8573448946595716	3.792669170250439	3.134492233977387	2.78907986701771	2.515290358595024
GPT	2.157683266895638	2.080472306234114	1.722098314127782	1.3307448583345516	1.6759936803929043	1.572948218145584	1.1477604515321724	0.8557856456521905
SLC43A2	3.7557025036237404	4.014913794636578	4.358954667798288	5.111507279688936	6.172893770391973	7.998018323926927	8.292467725185773	8.002167688806129
RILP	1.0706220596350704	1.2755285924896311	1.4633232300808439	1.5219018143958678	1.6647271900143599	2.321724382939191	2.7393812949678376	3.2651050490824556
WDR81	5.3818681199882565	5.431753885444126	5.295270917234271	4.813332037671437	4.3801305627951574	3.8864999904089723	4.974745592578751	6.2808094546169535
C19orf48	5.7377211291391514	5.835393408389065	5.770826744554769	5.722966842909548	5.777233669113032	5.391062171752463	5.047587095388609	3.7572557322672244
RCOR2	1.4056790487514754	1.190115505511947	1.0888702490936644	0.760338298285985	0.165775537591493	-0.7911288029210979	-0.801212256029795	-0.22204087939836314
ANGPTL4	-0.3198742882568656	-0.5105382454361753	0.6457265386014251	1.7551382767315997	2.1221870876617697	1.451177476773823	0.08388710649183924	0.4931079032596314
CD320	4.003381075223682	4.110931614741577	4.151707031377736	4.074382162858112	4.1617089469943265	4.1059735100732615	3.8852829584980704	2.866526236861011
NUDT8	1.372000560133993	1.512230125160092	1.5505606800758018	1.4639920781275073	1.3635182360236753	0.5678052013994634	-0.3560618769209699	-1.8869873835837383
PRDX2	6.0481275323035515	6.153363612503369	6.183061733167054	6.297822211262741	6.413978837425546	6.501741320574486	6.344948507255674	4.69750736677898
ZNF232	0.9788619303370993	1.0505193769313972	0.6548441661198812	0.41591188453654737	-0.18541275393111306	0.39760525601121066	0.42639277953723764	0.8701037078236862
CD300A	3.6042580855456077	3.623305370186394	3.3991913381514403	3.080784473408884	2.7900672584972366	1.4953700750370573	1.88266854789462	4.614439338294481
TEKT1	-4.269858915217961	-3.0479529780961654	-3.9149182294154636	-3.2585666206912616	-3.0655180717181283	-1.4835448502712716	-1.4008944473282026	-1.0817807792708358
TMEM88	-2.534133195309199	-0.54849426990604	1.3449482088873366	1.8367865050098142	1.88118616974694	0.42938577694937274	-1.5411532052986268	-2.035990307155734
TMC8	4.113479649592888	4.240200691086226	4.145146881301798	3.97234244846707	3.8677989681925977	3.1275554693605834	2.430924784688397	3.7811332656959826
TK1	6.801130148111433	7.0137050248878134	7.054638178711784	7.015807484632068	7.115874987757147	7.007838690259729	6.941204898862742	5.180551672956373
CYP7A1	-2.0555924220617237	-1.8766254455050784	-0.8321835371323414	0.3716940534838197	1.0860790418161674	0.7798786409691756	-0.15546999352294127	0.4171455777770501
ECI1	4.284017729151822	4.465212981158068	4.492047249587025	4.372576708622802	4.450201556177923	4.10136050235303	3.8192305748366353	2.7458573099705146
ABCA3	4.1653229356978425	4.271173310782453	4.217480420292992	4.185508723072941	4.262766257401957	3.4973290396524086	2.988685497516002	3.095759768429591
VPS37C	5.366858562898326	5.539808305617571	5.51736369447489	5.5561270090288915	5.623650351496707	5.622511112335465	5.947282603196067	6.571039961028108
RAB3IL1	3.3346873851576064	3.4738199448903195	3.2288229244038433	3.026222511422134	2.446895625310349	0.9536085899017764	0.9328621141583779	3.0196316253847666
BEST1	3.320879838887495	4.948917507089817	5.009974214563581	4.942855082163568	5.200735556266949	4.876416978880718	5.130435057608089	6.090225696023824
FTH1	9.046926663650542	9.227305678487737	9.613582564024314	10.114810669883468	10.593165967051341	11.513007440830407	11.934900390230498	13.378690352311832
ATG16L2	4.976536427451246	5.026823743660246	4.98707574251921	4.8603001273505235	4.721294710883336	4.377656811993237	4.206895454403256	3.082430640245545
TRANK1	4.94813816043885	4.945832795817838	4.715017201997119	4.549911698250426	4.3736577682424045	5.766790155988412	6.771721992275819	7.2513614389445555
TTC21A	-0.4343268105205648	0.27727763990861426	0.9746218161670759	0.7936187537709103	1.2437395563341516	1.2529602370145247	1.266992339617531	1.586269630746734
RPSA	9.41573748873354	9.490416390304683	9.535171267181717	9.596932658586997	9.696029490483085	9.842054325526135	9.75710249310303	8.218359888206592
CTNNB1	8.833532027580457	8.89306888070671	8.997298531249092	9.113636745777367	9.29254745363578	9.974266010564055	10.268352292853395	10.18837877586699
FADD	4.716060210934436	4.569086793146177	4.150342083606681	3.483162509151665	2.9890031091506595	4.352462689968538	4.758410049196744	4.835072415486982
SAC3D1	3.867406759494658	3.957263632994091	3.8339029474825232	3.3870642804079765	2.9970075443635147	1.496509647222107	1.9446620969427977	1.932961774789687
BATF2	1.1619423410198084	2.942607027085085	5.282585690405474	5.878477717615814	5.960015248147298	6.953212568916658	7.127287645149433	7.5550823074427305
SCARA3	-0.34888879385781374	-0.576929456860397	-0.22469988555664439	-0.1282326582346212	-0.08345379397310826	0.8855981704371063	0.9984458997533552	-1.8991574743644266
PBK	5.911633722120919	5.841108115189783	5.98542427853292	5.989259187829876	5.917050732185196	5.633894539800223	5.795356223173554	2.9899352164820794
NUDT16L1	4.614340956401322	4.531155579211402	4.4428284045208075	4.280329322131465	4.201485958809165	3.4024829143553843	2.754959744734638	3.3094500733835717
KIAA1586	5.107415000261769	5.005361760214989	4.979280257433675	4.770753668608007	4.548066560197318	4.467744637326182	4.6715459895321185	3.6042868676892494
RAB4A	6.314903941802333	6.252012268923028	6.3552471260181225	6.355006427095811	6.410214649754967	6.248001070007181	5.471691278338129	5.10035011504296
FAM83B	0.3008299434943894	0.4019390929937505	0.29612271347561975	0.3044333604172602	0.19543597405698557	3.27952530122121	3.0035231345258246	1.8325072519328511
RNF187	6.678816861589333	6.792917789970314	6.731213392585662	6.5880511895365235	6.480318168102876	5.655616885663518	5.417278400898178	5.652023110523411
DDIT4	4.015283745877117	3.700074053444643	4.67372837196923	5.40416386075912	5.490788159873599	4.6026207554934855	4.652588493466494	5.495642137367902
PTGDR	-4.026994895130544	-4.272272353668981	-3.049931315911843	-2.8720677292809693	-2.0370519969699434	-2.446655864268087	-2.234521363781567	-1.5685124151736853
GLYCTK	2.182505777329298	2.426019857645826	2.4205537110573405	2.2400417809754094	2.724563104221774	3.076943788681851	3.151541501767411	2.1262249867328107
HIST1H2BI	5.812220678519416	5.7614625366490575	5.531474601492035	5.472654522276821	5.591981013295307	6.1170921703659165	6.284024460868281	2.7980781595179405
GNG4	2.0254330366239506	2.1670679834495763	2.33826874828942	2.2467618864190504	2.803281070956518	3.671397957308301	3.6958648103765253	1.8589555964596474
IRF2BP2	9.055119788774292	9.179998971659245	9.034018554672777	8.476999362110487	8.23990161537229	7.559271502067194	7.627827183572589	8.169121255227099
NT5DC2	7.303234526849892	7.3880395567355706	7.293818310833373	7.073698439344818	6.976275303053135	6.304558011960653	5.339073654777726	7.359030740767866
HIST1H2AE	6.210374931356702	6.303898009602249	6.161714516227389	6.172768211899245	6.295149464371246	6.5261919503359644	6.678192155478007	3.6905593999202195
KIF5C	0.8049862398365227	0.4902263612337402	0.30694272888924257	0.8244618531887655	0.6838145661990427	1.4426330826167526	1.9144985353355852	1.010416044950373
THAP11	4.573631033749107	4.598341443030588	4.4709733068398	4.158519955633205	3.5624107693770553	2.876075673334543	3.409369809116488	3.8325468147635666
PDHB	5.116298068083815	5.143705220353879	5.0687887099167765	5.091813527042578	4.915934381153726	4.189303066193153	4.074332504110407	4.90993112154707
PXK	6.496379249283516	6.579218313763974	6.5735649028927785	6.500845695713119	6.217518292928517	5.287002159619588	4.8158489022537925	4.671610687648841
HIST1H1E	7.164008436299648	7.465551805298994	7.322990723330114	7.39406217068527	7.508106700673459	7.513784884399051	7.717899490933689	5.617718601507128
FAM107A	-1.2371508036274492	-1.3944636994463742	-1.1626099677651427	-0.9606940587265506	-0.8064274381381467	-0.1740934817356491	-0.0032826130724743913	0.0617834889956097
IRF2	4.661423357685944	4.618884954919935	4.403043053127284	4.4800429571950255	4.579607298594581	6.96798349030996	7.4048891844900755	7.410513254524835
CX3CR1	5.957289017855491	5.949911094073743	5.624705119172345	5.245520788190225	4.666914521608515	3.837385778188594	4.196788720057251	2.673955502252503
XIRP1	-2.7276924422382693	-1.2774522239147794	1.8811667389831572	4.900700336246893	6.396498563540138	6.601515545410946	5.436699672510388	3.981797866265173
MFSD2A	7.4316500896128	7.678213677252739	8.175831627065529	8.815451786318981	9.423429696506442	8.508239944405906	7.920251533775097	7.55072319653586
DTYMK	5.567898451319975	5.622259929901112	5.656995485796967	5.566253653256611	5.563655928305708	5.154902506512508	5.0878632013778144	3.588923503449182
TAP1	6.804026002993929	7.352805171222446	8.366568057585528	9.17292495483531	9.947922796588939	11.227066688877155	11.446449490323815	11.515787809059308
BDKRB2	-1.595414825187118	-1.884345107705006	-1.4253649863884013	-0.45116893685465437	0.5371456157276193	-0.013779010029182887	-1.4593444690740953	-2.1843777466815752
MLKL	4.166214517530507	4.3593903379529095	4.518147145012447	4.6891440568783835	4.960536699384722	6.356222536334739	6.713171801995415	6.8343835129281185
RFWD3	6.897873082395563	6.95250923455008	6.998932734071971	6.858439943791952	6.569002514163308	6.512371702372465	6.424620045782129	5.860637119543376
RHOH	1.3775419735619394	2.007125651591368	3.8182813939112603	4.500815225120176	4.658990382547849	4.256212211910517	3.869858819923624	3.857336766505114
KLHL30	2.935081325354429	2.9051361543994365	2.817361358792517	2.136934622596409	1.5991429764691767	-0.20882113354191428	0.33963515438357894	0.36347800273367725
HR	-1.9194387648195148	-1.7742680372140816	-2.042412646143711	-1.9799056655086726	-1.3775087184805277	-0.2637594096058905	0.035138574502825315	0.517561033957336
TXNDC2	-2.3099328621066237	-2.1918676014790615	-2.088805256769379	-1.9195140877940458	-1.8499613959832863	-2.2706908022703716	-2.3234564099801753	-0.6263147832497741
RAB31	8.000190715839967	7.936673809387305	7.8923378601986975	7.957584535801043	7.940330306549488	8.027468613001373	8.28088424695878	9.183177132237248
POLR3D	5.003510816109063	5.019713529592416	5.191790837549387	5.498799029310689	5.800559653340678	5.8580036799877515	5.941935811137535	5.669824562826443
FEN1	6.667063716314278	6.660761458631558	6.686721005761697	6.764102671660146	6.651930505940154	6.645725076092287	6.6069662550558395	4.468988657292385
SERINC2	3.0589989225698266	3.3972001004212142	3.4130230088413165	3.3353710256513205	3.3948142472947858	3.2664905164123996	3.039713826886147	1.3508984466021694
GFRA2	0.15264164657485157	0.24447898677800015	0.23921387267139432	0.0345447719672672	-0.30302914760669253	-0.3906514122896406	-0.8334322839145528	1.6055385541772007
TMEM223	3.2786778336348577	3.2428164310990244	3.1991615954264114	2.8732988413790723	2.682687545804376	2.068368754062266	2.1751522868897735	1.8108803105657931
TMUB2	4.485494333239376	4.640320283465426	4.641347328532227	4.558814230570895	4.756262304138765	5.403358433623401	5.403060871310743	5.8367921403988365
STAT3	7.248450294094106	7.256066255048918	7.57914131377495	8.20815242125676	8.70163492533996	9.421493628423168	9.328044359312372	9.119317865305183
NBPF9	3.5320485792755854	3.6210601887861618	3.5944509888300527	4.322538996637755	5.340336849834147	4.402161577543904	4.126934346820168	4.847089805864776
VWA3B	-2.8787804214502395	-2.394673287898123	-1.5968459922994782	-1.075256200110215	-0.6028692122764691	1.4230554856258955	1.836376910988054	0.25524612168658173
ZNF30	0.5635312657318243	0.08322617258071614	-0.17233095407216148	-0.46322958159852956	-0.8981154134558773	-1.232692260557712	-0.1465514054825317	-0.5882938137293084
UGT3A2	0.9220771578507564	1.1024644551492164	1.324025451333681	1.5359458015498797	1.483461767370454	1.38334281253747	1.226130875675986	-0.8086589107666572
FAM84B	4.226795897040116	3.843258514812714	3.412614876251608	2.7169518913233905	2.0834318664108533	3.896745144887107	4.6796950101507315	4.168806898039792
LDLRAD4	3.6054405333057726	3.5819310339183206	3.431639656262523	3.1410255025249616	2.72291933321595	1.9584181053065135	2.1153015409096416	1.2786106747599477
IL7R	1.4063482526614264	1.4767467782355053	2.465567875036272	4.264033332908744	6.041895950040008	8.581863315672933	8.696783922355927	7.625907462337041
PKIG	0.6856443046895396	0.8287297176832296	0.7300866218830622	1.0654180081091846	1.482134988873319	2.0993432955077647	1.9292612801329696	1.8271167148542933
SEMA4C	4.560329543737432	4.688694089511216	4.493542057549812	3.871688900808741	3.257803245544232	4.724279059308633	5.017056757136521	5.627321903112998
CNNM3	3.865224604206556	3.9129627987632927	3.887939878716624	3.6780969483039643	3.56661507170032	2.5588426189333484	2.6730832768262474	2.549166862806092
TET2	6.480045328517571	6.490168388510087	6.461270210661748	6.233871372625966	5.906068065290735	6.51562240751413	7.025495579750896	7.515814770890514
ABHD15	5.156196551042061	5.2355336913466815	5.162417889666015	5.0143555817370915	4.686658612672896	3.5101214423757265	3.659588189987012	4.13220284350353
ATOH8	-0.28296528241036223	-0.21751225259536816	0.1131403939080105	0.37691902922748316	0.7838178408382623	0.19412513196266445	-0.8080534976580923	-1.919739240106018
TNIP2	4.66619292673759	4.67882710108146	4.845091603531213	5.003549082238868	5.285484406017026	5.437475170295709	5.48549945445437	5.720104275214627
TMEM150A	1.6064820638056663	1.7053859038550296	1.7282315732608633	1.8511230792088829	2.1176222351067726	2.7026718564852588	2.905551114531037	3.4451839837462055
RNF181	4.675292026473099	4.83521952230304	4.794923876018764	4.978036723190735	5.04079711242734	5.294165681174944	5.429221903402418	6.073627935763937
VAMP5	0.07203281925372511	0.3533710229056756	0.6787828669391729	0.9148248188146746	1.361505560633921	2.471857046781039	2.6110603691164282	2.433984658870247
ENHO	0.7341201267589381	0.7007769786726307	0.7716418903236542	0.4031257342557596	0.401514645926474	-0.0861130401338484	-0.3559341598367822	-3.0466939969002684
SLC35G2	-0.8739355413144825	-1.278094507564079	-1.1320641677568193	-1.3920979555213768	-1.5165910664665283	-0.4816695172079294	0.434674267791031	0.5910201451467163
CEP120	4.824407521536344	4.751380450202367	4.890462347120602	4.932149786889713	4.995050949246638	4.424320441220521	4.151586521486251	3.460790669891665
STXBP6	-0.7079141073584141	-0.5241315456698988	-0.21764977901333607	-0.30131196304553187	-0.5924013170906691	-0.5661298838642559	-1.298756349556921	-2.637679122167551
GRM5	-4.1269635433239085	-3.6420997696154886	-3.8238569624685823	-3.5385292688889014	-2.7644765994996208	-1.429726022664323	-1.9669966088178428	-2.0996458327806504
LGALS9	7.253681060139774	7.365925514025373	7.2335413753051325	7.3092229207022434	7.365401428356138	7.980253989093694	8.52825968312103	9.21403957385406
PXDC1	1.51356019078634	1.5325493758360786	1.6284760937147837	1.824060292262241	3.0822187039337163	4.401362762227034	5.2409913473932725	5.4090974877154014
SIGLEC7	2.1276191882818214	2.082952170637984	1.9436362232353648	1.857335524183128	1.7665885353409339	1.5532058243158917	1.1952214965503325	0.3547438040718738
ROR2	0.23395771101678484	0.22363880641340417	0.12218092104259642	-0.014578450311697189	0.23744418674904655	1.7553945165113176	0.8773709653222992	0.797962977332143
DHRSX	2.7438591076203904	2.755807961987722	2.85749230105616	2.8654754800055713	2.8196174964078797	2.7695145382201707	2.9857913692040867	4.66586497247353
CHST14	4.385340827350571	4.510296681610471	4.487999700776813	4.2653552208819745	4.037951666350706	3.190109687234437	3.417943096657606	3.2517830832672114
PARM1	3.8646484541286688	3.824676068838234	3.5338748915921405	3.5143516885940995	3.6172985526105936	4.003253696296061	4.629623945907686	5.093385461956548
CSNK1G1	5.321825760773711	5.277324966667566	5.263528254391966	5.205831928080838	4.974040238166605	6.636947655409929	6.38488121979424	6.782713463257537
FAM110B	3.0596261458012126	3.11068367993398	3.021800665815843	2.9080624292214456	2.6610785442576743	2.8703727817367195	3.0528667546285515	4.5400697955378515
ARMC4	0.3033130153371637	0.33543844201972234	0.3477456025664182	0.28773368484846845	0.2893215978677304	-0.4173411541314447	-1.5039790673716662	-3.160718782275824
ATF5	5.618284677621011	5.769979585427103	5.891806462837154	6.278206748501466	6.88881804387917	8.674466344868815	9.434909477140298	10.5040229674818
ZBTB43	5.296743899287762	5.341124878095105	5.306180838980222	5.488486874506258	6.000584755141497	6.635546835504152	6.630419154875528	6.772928538994563
RGS14	4.66253263191863	4.8159410402033345	4.792884014196748	4.471858950445131	3.9201064420234326	1.9755223146085452	2.5087236639237216	3.485154521760246
RAB24	3.792203475509516	3.8451497105573216	3.7997881617344675	3.8304863609255992	3.851577462684191	4.952176403179425	5.540882734495927	6.100723049123028
PRELID1	6.587906170123405	6.675443857480118	6.6953387011695575	6.855942634129084	6.976250877800641	7.22432001294681	7.427842326651911	7.749250536241084
EFNA1	-1.553414030340861	-1.6780872866112193	-0.7650040702874283	0.43495637331286	0.8981250982002295	-0.9568626504764672	-1.3912376453947175	-1.8862902948868583
CXCL10	0.49830031309535694	6.422153313559344	9.593151194150298	11.017741627146954	11.987853974520528	13.375580419475959	13.416051569517148	13.123086003690169
CXCL11	-1.652262442887494	2.5934041151395677	6.255668285669962	8.074814903832218	9.535652709207259	11.527662322693224	11.788956136489851	11.389846542498331
ADRB2	2.5629870096651586	3.011304275880752	2.9095214460039958	3.535669618209414	3.494168887077258	1.4600081390051907	1.4564042371180248	1.288575593526892
GPRIN1	3.8005741341536967	3.8127784847847543	3.8798758566554175	3.9235474811110596	3.84881989829375	3.7996582898378772	3.540713971111751	2.4308611897543275
KCNAB1	1.3451758279309711	1.0823020526347384	0.9102427021267537	0.9033867739116999	0.8744097513849394	1.0870574564908084	0.6664210226933657	-0.5090595286916545
P2RY12	0.20233119571723612	-0.24529746075415265	-0.46850231561103073	-1.135691650989698	-1.2976179846236007	-2.358836423952523	-2.7141355434205128	-3.2539729851543258
KIAA1024	0.7599229854269574	0.9623004416910159	0.7777448140950847	0.7348748039679683	0.23550332069726482	0.4105875237741711	-0.3129158039959892	0.3402467067082685
CRADD	1.4719463559044788	1.5362049334175436	1.516591168703484	1.5431175829207118	1.4219506279364853	1.1669234374790591	1.374847219204275	0.6235413117062261
ARL13B	3.7681900651629756	3.627417445469919	3.816082863432796	4.075480972001568	4.211749634526354	4.916653420865811	4.800948003533533	3.751899551261147
RNASE3	3.029949201290716	3.1267532353771754	3.0130993756632654	3.1989056491634393	3.412747602886343	3.2114396561402394	3.0757339487949764	1.8289156790799006
PTAFR	2.4148479328921413	2.772376222136864	2.5177983533282067	2.7401884299081947	3.4661797393945557	4.552320477416014	5.289551051541667	8.805017891199627
RNASE6	2.857332871809416	3.0410021953610804	2.720223275956969	2.789504873027779	2.6353317344018574	1.914268925191406	1.7583197046048353	0.9516423894002606
NPR1	-1.403498690883933	-0.7606369058683817	-1.4853440107837077	-1.3142905738554154	-0.6745128360680122	-0.3483785661427091	-0.12711801509457704	1.6884213280891887
IL8	2.6571324507897813	7.12330505549695	9.191746770880021	9.878021878347745	9.933105546584759	9.184976271423551	9.465461523555534	10.194492484746863
PLEKHA2	7.093346744464187	7.067336323237196	7.006914716497235	6.856139371575873	6.449059233002041	6.428268851293935	7.355183694913999	7.9879972240820445
CLIC4	7.721269304358332	7.630839527168746	7.8970338475850905	8.521557162431751	8.999200406847702	9.585139691741368	9.557486733154164	8.815875679918216
ZNF280A	-0.27984832147066474	-0.4306021612937886	-1.2944865951122049	-2.3915636338651414	-3.1322623359383295	-2.5375147411465244	-2.7141355434205128	-1.8991574743644266
ANTXR1	6.194068084864911	5.89814299111093	5.803967518711932	5.692880093253299	5.5196773762150695	5.171797284303871	4.6331016906403235	4.8068452850112795
CKAP2L	5.890737487529675	5.858850465931248	5.951129747761616	6.081285032353113	5.98225251364955	5.815773606385659	5.9030669217240455	3.468803968378526
APLF	1.3370164940241014	1.1454841082455616	1.3461052971895293	1.7813614117491114	2.2503157088637225	2.87760927185657	2.7330650166992494	2.3247699276703653
DRD5	-1.068342462920412	-0.2626286287054153	-0.9732582499146547	-1.3792779305201694	-1.632152709314382	-2.7812096853607517	-2.396931775885432	-2.2550387377764176
BUB1	7.250565303127766	7.221064806507525	7.261737082022975	7.28371610880253	6.9879688644496625	6.696090272365685	7.12612393883777	4.89457961842237
LRRC45	5.290097352469514	5.377607617870133	5.4031628009103745	5.250931043977157	5.111401135909148	3.850297217876597	3.317287685269192	2.6867044777842954
CHRNA5	2.802445393841677	2.8556256155474413	2.7139670672340364	2.6773969299498828	2.6423850593298184	2.3657234808088816	2.194267981603312	1.4861585488206073
FASN	9.082455497911742	9.28654598352341	9.395735212521686	9.240104141306894	9.473328052425062	8.843406613649877	8.039245039317896	7.735244057927354
MT1E	4.605266130793946	4.812409360557245	5.034335562812762	5.0446985802250985	5.291045221364259	5.812220807281317	5.95513156968779	5.821634710197895
DCXR	4.981556117889674	5.139727457400964	5.213152480941011	5.2219368354274875	5.307881115373435	5.115736076499015	4.956433521351845	3.6834481030232746
RAC3	1.722142233701722	1.8262556617344967	1.629710946889112	1.606192276639802	1.640048836607667	0.9806133728783362	0.06578836651935427	-1.1519774063381003
LINGO1	-2.454703910016274	-1.9461510471033874	-2.162613147791654	-1.6623625347097208	-1.3775087184805277	-0.8008117528990418	-0.36203462197711545	0.1637620105691151
PCDH7	1.8413673011535967	1.8877924356572753	1.9615675827970884	1.8377297072421466	1.9406215062814742	2.010267162253647	2.0109077300360902	0.5566159693525403
ROBO1	6.087868821726287	6.177637785688704	6.243495897349498	6.358989884996113	6.488384701792473	8.275623253112474	8.875116495996718	8.697540192673731
P2RY1	2.7057094831438433	2.4762624833011024	2.3479483136533092	1.8655932206032992	1.4141950366129146	1.9616065840737633	2.732080362299359	2.4903489993688823
TRIM56	4.94281736640342	4.893934782612156	4.793380199487327	4.858053593004396	5.541352879360556	6.945744213185456	7.140969677767367	7.045544026909672
REPS2	3.3607208918545126	3.3652298125558433	3.14908944852995	3.0652480724663698	3.1011786800887426	2.7114379303617246	1.9023104443231063	1.581243107379948
ITGAM	6.679845829646496	6.627168557385703	6.512323993970428	6.407931242001608	6.361470453189285	6.2521470491959805	6.118248775906853	4.8597789440358445
BRD3	6.440761658685089	6.45462652493363	6.400239403947015	6.185823036495453	5.74542172829502	4.909732355911231	4.611773504319607	4.67107496278627
KLF13	7.500726246754487	7.600929610224547	7.494076979279148	7.232616393892021	6.939892512628797	7.573541852279114	8.426510676232027	8.55682070244837
ZFPM2	-0.037123329464363364	-0.30376677832749777	-0.4186632713455146	-0.5156017379308653	-0.31418843054783335	0.5861068527444897	1.76377947077505	1.325277935008775
ZNF768	4.7018535174670735	4.770816033550022	4.619634291844864	4.199367517174711	3.731141405589206	3.5518137441548627	3.686487219864363	4.073196417690906
TAS1R3	0.8969702550562155	0.37786033368403976	0.0849719910196508	-0.06349219631449937	-0.1412841958749278	0.013598521857205725	-0.5111434620691837	0.22471919457125802
IFFO2	3.7231294834818804	3.7038155373159407	4.00985030578931	4.726176861552441	5.562592491550846	4.468396206821668	3.8683910149945513	3.7862004793871575
MYO7B	1.8461405761266767	2.116601512322248	2.164429788996346	2.099675737722666	2.3879790650354407	4.003741481054595	4.757225361534262	1.977191756565733
TMEM154	5.806528464115777	5.7695132298357334	5.77944443405991	5.780824049709359	5.741071964755613	5.131401570742632	5.0459157980594185	4.569506386671358
UBE2E3	5.465537077543652	5.458832535913235	5.461536616455591	5.440743263564363	5.364917587983278	4.792675182229561	4.656741367082353	4.229789999756307
CNTROB	4.565999066515769	4.625236055136424	4.652280047200503	4.700163857455017	4.652910732670412	4.0078194346115925	3.877394896431601	2.8919578748761836
NIPA1	4.005840496347856	3.822520118199989	3.9543608733595166	4.030711238773684	4.174456968771412	4.233994582581835	4.266634410626086	4.685684024936473
FOXD4	3.750288855439318	3.879518230264151	3.9957405387180986	4.237825765144697	4.527650032608712	4.937846337871058	4.976312747742194	4.212171573243722
GPR25	-1.5691190760062816	-1.7060149714362092	-0.19081226431464515	-0.06474504285367627	0.6047028043752221	0.22000880951407376	0.3101629802143193	0.0015106039238965696
UBE2E1	6.5715012890607545	6.471550451072343	6.607203105303535	6.84766442709479	7.183373859110755	7.65524133948756	7.639313769459487	7.608709031723199
VGLL2	-4.026994895130545	-3.1526627652113364	-1.8462213870602207	0.05132134059037424	1.9649492470382905	3.9236152423757975	2.5833067526248925	0.78662501060988
ADRA1B	-3.5802787594192793	-3.4403893408863597	-3.9149182294154636	-3.0653346069713407	-1.8993784626226566	-0.8330064977659161	-0.4950875577971136	-1.4989906292707476
ADPRM	1.1682136102037086	1.2629751374590448	1.1840611382023538	1.2410055466542342	1.726867602400051	2.803590832657369	2.674187214450357	2.527756744105775
FAM161A	2.1919855828012365	2.137266289217526	2.07703105181355	2.090540893072548	1.9002957169233023	1.583248107261386	1.5613883695930704	1.0106094114548194
GABARAP	5.395557907318681	5.4633858495131555	5.312612389049251	5.370170639726592	5.401063138013846	5.509774781468307	5.4661958289582655	6.427346444040041
LGALS9B	-1.4994132683000798	-1.7250092252347593	-2.0482505539987432	-2.251943507081844	-1.086941042098442	-0.5350360427965644	-0.2543704401709643	-0.5189172188920436
CDK1	6.734492944771354	6.641082575674695	6.802053923879489	6.886248341084039	6.891109700697822	6.951986620577799	7.080137745502098	4.728877663137787
FABP4	4.423937912349949	4.2399062999512305	3.9112203327558404	3.856157423059165	3.7234082808399904	3.396925654979328	3.488561543701536	4.331521201429314
FOS	5.005060018423128	7.846651792111409	7.337170591068705	4.997312643412114	4.606318012099432	3.8310981335614565	3.730493518743296	5.067975096912476
FAM115C	2.716748347405527	2.5406247639415964	2.6710094026171896	2.722480945480993	3.103732127901764	3.8902028151248618	3.9250606860258976	3.9894307674751808
LRRN2	-0.3183074286022013	-0.7939354346580559	-0.2946511874432221	-0.3074037325982908	-0.1866847450728414	1.368628117347709	1.6472818806823661	2.7168456946233497
SLC30A1	7.0475756094583	6.829726377580549	6.782465374650703	6.565714999112391	6.4562149723297475	8.09894310713925	8.086433124318363	8.626715531624992
DCLK2	2.153501257833047	2.066526851698312	2.0122667413622795	2.1015533764284893	1.960277860419473	0.6251718595964173	0.9208305809428617	0.27828502206149847
ZNF804A	4.338344447808019	4.485050676457836	4.682063265065663	4.599357371999076	4.301056540530313	5.202140035931784	5.761281652201396	6.212981869793805
GPRC5C	0.3500354792421484	0.48203952282821344	0.4304242148143676	0.25611357229400056	-0.12570085829247912	-0.7870720960700464	-1.098979996941957	0.394609657276379
ADORA2B	2.3091972561768594	2.350335900955516	2.4400704378825337	2.189896802511728	1.989089140245187	0.758692420330916	0.40827513170419855	1.499618374831622
MGMT	3.256007140148587	3.4410939106087177	3.472864973744335	3.491730876915964	3.535924445956544	3.2462441631495746	3.0692895899284895	2.128980113550373
HARS	5.6381230060557606	5.57962261774592	5.601741932823581	5.702039393434793	5.682833056140236	5.979388234851249	6.5568154863337345	6.80532603377349
CD14	5.8100410422541255	6.074454833211821	5.801329445904776	5.518498174645485	5.261127320428782	4.51066057803013	3.764906774756475	7.538900351646751
DNAJC18	2.653023778585485	2.76918461224244	2.8738096009756178	2.7840911600217373	2.4289718703321137	2.0212225551972844	1.895724028423043	2.5574793444951167
NPAS2	2.0221336336140734	2.2490687240507548	2.261116794769751	2.2494873696658635	2.0513437967986894	2.043653872874059	1.6502047236753494	0.8129577695405682
PA2G4	7.730068318959287	7.69470942586233	7.695569489439945	7.897800663084951	7.916683093232132	7.480953413564906	7.183371218735029	6.58704068215538
PFKFB3	5.447161871553064	5.588229841995406	5.93672998765105	6.3339798394576015	6.53213218571835	6.70738198938183	6.3662415253476645	7.3424456685325605
SERPINB9	1.4587664644372305	1.4119615474521363	2.061338161618968	3.3013228965813246	4.638422767199916	6.649804435421954	6.582288550012743	6.854648502975057
EMB	9.286720358292436	9.344447341346816	9.453893554676931	9.496023030859112	9.548722949364098	9.291406670312618	8.830922524873765	7.447375347042867
SIX2	2.100460576638017	2.134777916290176	2.131260090889069	2.0124421533356887	1.4449204643094	0.5145607612600538	1.1132455437209752	1.5226980987060597
DLGAP1	-1.2078194180952262	-1.1182850435237748	-1.7264360500867686	-2.062886430739559	-2.0354843559035984	-2.6540644800296977	-2.409342080255319	-4.220092180465146
STAT2	6.076087481785725	6.286204264377476	6.384806336909996	6.7389349910297165	7.301545506676545	9.001996502830437	9.38167008556567	9.55979678948792
RNF34	5.216178790857862	5.079292567913958	4.9568712840095435	4.7027629158177096	4.235904908930209	5.094647985686908	5.608294679179856	5.850461247741044
RASA4B	3.120678803318704	3.033105289523768	3.185631251520937	2.8440340984226564	3.1025029201264935	3.823440571924584	4.1608387754776786	5.060083134271263
ZNF296	3.517085336799264	3.5078120716705943	3.21250036827864	2.78711005281847	1.9639043356361383	2.0643255303596515	3.181874625790768	3.7296737003225235
KCNS3	-1.0211093918589058	-1.0926300784212923	-0.9603556722184814	-0.8490182762376564	-0.45722947653868745	0.841360964900743	0.9236091124915278	-0.39099302341320136
GPR37	-1.6522624428874937	-1.2574152882863847	-0.9333012660962241	-0.5791416836371781	-0.32147390727953146	0.6300236666328254	0.41754794963660413	-0.6857388460116491
CDCA4	5.376629863810784	5.561492353224276	5.763677316868872	5.624766422497479	5.422147142963285	5.780091894891864	5.772517097422044	3.9852769912718657
HTRA3	-0.20383144318451293	-0.3371202181759724	-0.007911092411005571	-0.2367290548294096	0.04833563640489627	1.1343479461372512	1.1182389831250195	-0.8529228627016823
FOXN2	6.328445125352532	6.40209871277627	6.63266747290589	6.410895053787873	6.013644741193227	7.670754975432685	8.65611751141968	8.22351570593241
GPR27	1.7392485457940516	1.809104264440349	1.610317148065985	1.4389429471566713	1.296942064094714	0.27781130180064717	-0.14997604054432262	-0.10518274720517105
MINA	3.7467357568740915	3.6277481238369416	3.631385635051754	3.484112125269556	3.187974951352943	1.8207183264534557	2.376826996604449	2.8644851659939494
TRIAP1	4.22970642814691	4.165081411448975	4.146007044569714	4.1342849206002805	3.94861275937694	3.2934565989223725	3.2306919007712835	3.0047255988698223
LILRA3	-3.9104168811574693	-2.868100679204426	-3.3510725879762258	-3.7954236472702583	-3.9093925361960826	-3.700998481603803	-2.980511579195167	-0.8477073009490461
TSEN34	3.452746731551291	3.6987796922703913	3.9280517248967612	3.8345811561982264	3.952127062895837	4.378551189707399	4.52246938418422	5.009793429525623
GSTA4	0.8579514542537834	0.8330843766946798	0.9521110481759929	0.9587183899320957	0.6687317236295403	0.2650336453004181	0.24996738679291552	-1.009963672970542
NUDT6	1.6351988815748444	1.6232648334594444	1.3859586786053373	0.7996047277210768	0.13473991754890158	-0.3714255407992867	-0.021129478423296766	-1.25033234093174
PDGFD	2.928499960105889	3.054748815869088	3.1750575041853946	3.2852408364775916	3.2407134274847325	2.967826634645183	2.5180918913975825	1.2743916777689495
PYGO1	4.113659084593093	4.002912364897812	3.999748624850899	3.8778380366174297	3.900669476509405	3.621053176722678	3.3150460012489678	2.666462912014654
XKR6	2.162110092176183	2.526441827370747	2.5840263658271097	2.855896050160104	3.118347550921964	3.5849955123427835	3.673418068354352	3.6856113773551478
FPR2	1.442129423188181	1.6972909996345047	1.7242009046851183	1.2574237317227908	1.4036838168177446	3.963881874490347	4.488452992359313	4.211598940792991
MTM1	5.5365681112636675	5.5249237024841795	5.577085022974526	5.477841812628474	5.058461976997715	4.367643553131183	4.582739687991396	4.713744987114273
INSR	7.101837960756035	7.13986235984178	7.2113100751648	7.241641162918048	7.278161374568803	6.224289185275848	5.111951375418464	4.474203560621646
MFN1	4.660897411690886	4.599600782128148	4.609506216629471	4.594081398897948	4.529719820930041	5.248224782581978	5.7883506709275245	6.154908904677251
GIMAP8	2.7934785758248353	2.8851141273362817	3.17810314787405	3.9285828131468596	4.392774163112364	5.468347727588898	6.2556870360031915	8.404748485232023
NRTN	-1.1025551787695909	-0.5138388386431585	-0.48689455888553845	-0.8010951292797897	-0.8678356336176603	-1.628183813136278	-2.3336642191078423	-2.257365849506086
ATP6V0E2	3.4364065095259435	3.452287951420297	3.359387121680705	3.1879445685213588	3.087865841206976	2.4804480554698562	2.2644579754235705	1.9028418725222633
ZNF692	4.714227209408955	4.562063273716865	4.247970684785179	4.00089191125075	3.6307612853243647	3.08683934381959	3.0396334091024926	3.979200861516908
RBKS	2.518589385472948	2.5660280667307322	2.7246681259890337	2.679273718908326	2.707446508160136	2.316510668905802	2.0025400480360527	1.5157643835532237
GRIK1	-1.4392685223494746	-1.12186656678928	-1.533651792295522	-1.5032779695161862	-1.6648168417567448	-1.2696261946626364	-0.9738712712008117	0.35420411801452156
JUNB	4.874170019842464	7.453096641889489	8.862043893258997	8.63929668321671	8.373181068721024	7.9309447703712195	7.818336503666325	8.21008890717117
TMEM37	2.0702042977815163	2.172512867726912	1.6936119807202124	1.3550528214548136	0.7588244633479881	-0.16600197670726796	-1.7758174056989926	-1.0651296530153869
LRG1	4.821090937235354	4.94871945034531	5.0183316766485335	5.17635862877218	5.412068295897099	6.967718499310017	6.8975400631547945	5.649643825882731
SHCBP1	7.009786488038058	6.964381471008604	7.028112892329313	6.997600123077518	6.7974725377846434	6.868338910897797	7.2371336893839775	5.012479290247015
NPTX1	5.70458247135876	5.7189462215263305	5.642842815924413	5.593424750335258	5.833263811835015	6.161590892226931	6.117611778010918	7.313460722369851
ZNF439	3.503105091070452	3.3295864185406376	3.1334613395904394	2.786537634590866	2.0907729970352493	1.7705634236172134	1.7913862094170092	1.798895879275478
CHST11	7.06084549832198	7.09747365397356	7.246024708432781	7.39409820667375	7.631283395153368	8.251760322567918	8.263579193687406	8.849346200146794
ESCO2	6.313905006962447	6.190908015030986	6.249302863733538	6.3837638433614625	6.356124485711396	6.383888922296201	6.557323111300187	4.820371016962738
PDE7B	4.045080632125513	3.9471702239745143	4.037802259176885	3.6888999627297627	2.6511324155437697	1.110799612427564	1.234001514164571	0.4689330891825292
ZNF581	3.081564988577963	2.833160211188328	2.3690116287751146	1.9951134917339837	1.932007085329556	2.2922114671449236	2.163546691819965	3.0053164369557046
MCC	1.4569439637647565	1.1828282696698467	1.227614229625682	1.2367079363900975	1.5260288901154557	3.3244674231958324	4.208064596718502	4.049977766845813
POLR1C	4.777915520295453	4.684970450887272	4.665213294735134	4.730916451337583	4.563521988507949	4.0056984772245166	3.7900739125600524	3.9440317571622012
DLK2	1.384182116221016	1.2933733159381813	1.4969773073615253	1.0587084961616142	1.2938863280020656	1.3107501135148238	1.5099980786613467	2.4636443278731845
ZNF318	6.491656747910421	6.504520522834053	6.4237880624593195	6.172331702568065	5.5121319670882265	4.780460166820088	5.00731229629857	6.065368331621441
RXFP1	5.037632272434477	4.902015401484288	5.19434573293307	5.435190628773327	5.949192349761657	7.091908872890661	7.265738101722603	5.597808263061491
PTGER4	6.300694062652891	7.132824758482677	8.195454853431478	8.576852273160869	8.624028781007087	8.241717287141997	8.645574087542542	7.702341665916476
MAP6	-1.8047078696379333	-2.3160401499625425	-1.8701045301069916	-1.842451811360251	-1.7438152902606798	-1.1222752656566024	-1.0284039645093839	-0.2069660905255053
BCL2L1	4.526497648378365	4.575448254157942	4.567762630372346	4.721565962897813	5.113198634247727	5.823086240397265	5.5418157505639805	5.607879555486475
ZNF584	3.1708752947233965	3.082308993614374	2.980675925873186	2.774375384152714	2.559590479056443	2.3268539978229033	1.973843349451345	1.8313203315012803
PTCRA	2.110812786476412	2.3808266026457163	2.064708950519898	1.908370096515115	1.925518306676642	1.5381662244568866	0.8368044589494621	-0.01687953328750072
SPSB1	2.9670606135089774	3.239948549417079	3.4030897614666524	4.187739035505338	5.13509243811804	5.476991706825432	5.500197719577173	5.506778945738235
P2RY6	4.948098850371203	5.139506232628571	4.959838334184571	4.49403234503303	4.253439673325881	6.442830774537054	7.079031174834155	7.240852905675867
ZIK1	1.1393947662138542	1.068052303095362	1.202327738047532	0.4599977486478047	0.6655864665754163	0.7368337959384472	0.714661531032569	-0.3459896294549094
GPR82	3.3125703033390055	2.930010867915213	2.1147162872828433	1.3258677645716068	1.4915776399183036	1.4287626718038595	1.3942652210189044	1.3706347355315378
GPR34	1.661731686973475	1.528779554076851	1.0636139218950804	0.481549409829918	-0.07955993187670655	-2.0539248573130955	-2.608315746100054	-2.874817415087077
RGS19	5.81586548996186	5.904121029793384	5.795104199591661	5.485482915766884	5.096059583970273	4.567416973840724	5.189447225206571	5.914302954649493
TCEA2	3.1251888103117107	3.0335049723691085	3.0535005404759277	2.948151549662766	3.083679256282072	2.663857646043482	2.5922447145816854	1.8621124323015485
ANO5	2.088709149404134	2.017004626002171	2.2606575865262086	2.6269613030126333	3.170753734548115	3.8532591887586083	3.93955566457407	3.5006958269530415
VAT1L	3.0844995905675403	3.091135976404248	3.1690327609798685	3.3933112164742276	3.3147036677147135	3.1181237863703286	3.0188873848414914	-1.1890200222862384
TMEM51	3.818134154329269	3.786207894021599	3.641426556787292	3.6589075643184024	4.0945403149888	4.9313827313365035	4.857631497160887	5.8043509249422875
LRRC34	3.0375554004775127	2.804433831466219	3.014380842975784	2.82597762103598	2.6785721291359477	2.190693344910767	2.465259130299625	1.7019134953321267
SPATA5L1	3.9672089873730094	3.998819592608	4.28794646452621	4.449843548869628	4.7802498646162626	5.089713641176443	4.867849168152848	4.640437676024476
GATM	6.5624281964078595	6.504234745394898	6.569975244910371	6.5532704135440945	6.492397109984049	5.937939455607387	5.44013964519138	5.224666094405942
RASGRP4	2.6179464446691916	2.754385377538601	2.8088970287079813	2.7372983459875164	2.7655030123755213	2.1384248317272707	1.640969462037227	1.522895683349911
SLFNL1	3.3578082718094233	3.296583504760065	3.433759864598141	3.4359127418448674	3.607235788374118	2.9017496006736394	2.7775587586473858	2.1715738569711784
BCL2	6.622047336051515	6.55197705089283	6.747802030806433	6.700924616527332	6.375524960919302	5.290664307092281	5.24084302134184	5.4545430878381485
TTC40	-4.308332239710236	-4.076763669173083	-4.55119625979765	-3.892807731987423	-2.6567621012307443	-1.307977892399796	-1.611339451720212	-4.220092180465146
COL8A2	4.778932705977626	4.927157404403251	5.022719080154058	4.869726701058916	4.870380340568053	3.8594436862371166	3.303256368125806	3.30977026005694
PWWP2B	4.1960316177033485	4.135041315574183	4.069509499888227	3.625944875502234	3.4327071631147072	2.9618515406591603	3.2420878035047993	4.277234438414597
ZNF570	1.87901528865327	1.803588394065903	1.166716605830902	0.4203339443989472	0.41887443067780294	1.2889369728310516	1.4111592363846033	1.4682159493716664
FAM90A1	0.2226814268322192	0.49752093540299464	0.019743329955858997	-0.4597120977100385	-0.9548348233347913	-1.5162047181447613	-0.6251277769165556	0.002472908507627415
RRM2	7.427161084889281	7.439512646614006	7.539331503611077	7.6059923382818955	7.547516584594889	7.665588098446689	7.633622964371191	5.432953712873761
IFNB1	-3.212138429096618	-2.2204736909823772	1.8161356841824992	3.262825183732618	3.3789584480814163	-0.07819502109494886	-1.4997504693624975	-0.6091263239551512
C3AR1	2.1904520849416698	2.8909813615238793	3.3244537045446854	3.8054485120687307	4.325842450897552	4.603124247611854	4.760818351930391	6.392907877153908
FRMD5	0.4450649547796211	0.3339660575531206	0.13857680875385348	-0.11596556387884493	0.25500517731571154	-0.11738741732027007	-0.3395159818582759	-1.5535950558019986
TVP23B	3.4507298470384935	3.292632998573883	3.3646542314152477	3.3802144385777364	3.385158369068809	3.9805339386907526	4.031064177738381	4.4733892214749975
PPIH	7.086157449285656	7.049615663767252	7.045133178257473	7.233174177761131	7.183005213938537	7.068621530612363	7.037430093883187	5.979271350265261
ZNF57	1.8737518390111703	1.821670132206359	1.2085539155889355	0.3274490843918747	0.2635555131904961	0.9211754403700292	1.09645299698348	1.16534472844284
LDHAL6B	-0.5895703623165502	-0.8972716419818358	-0.753472092143634	-0.5091088370293116	-0.39205698573801234	0.37663950720446504	0.0996049171610733	1.5012978130856673
SYNPO	3.6408489994650832	3.873963379574047	3.772104069574896	3.823132054888088	4.052711786809691	4.371946063363927	4.523074077942251	4.7997239973301795
ZNF556	2.3589352161997508	2.058013711639895	1.7439124728645181	1.0626126174777621	0.6697752948465338	1.3394112769519868	1.422394081573775	0.5076594257914061
THOP1	5.829917851742616	5.928361527608827	5.940706549004088	5.867312405420742	5.839095772389918	5.2373604701876495	5.0520498298210805	4.747602699865287
EPHX4	1.3046639372801327	1.158685627468741	1.055024512291943	0.9668926718003752	0.8382953020506463	-0.1204795128957723	0.2792132030193096	-0.6056879914866871
MOB3A	6.301513433823056	6.451740541812301	6.392191966798224	6.083352820619929	5.663548592031168	5.92370160430482	6.241538648676931	7.414645916914587
SLFN12	2.9775887292954293	2.7390440371859084	2.5660117961296804	1.9803102709802534	1.881605434266834	3.5234114641550445	4.083694521927851	4.183680883775994
FRMD3	3.2210334102149343	3.3869287725689765	3.3370592842381983	3.2930423305257372	3.021086040057696	4.143169393902167	5.480594541995719	4.084418286294274
SNTB1	6.4489393744937	6.365889309557476	6.422102925477525	6.436171106080421	6.385977399489191	5.521834258462068	4.69955646478688	4.472814868129296
MTBP	4.323526207507723	4.2957782591780225	4.488517850894768	4.390210148455175	3.865974318955222	4.021420612977412	4.297380595446718	2.5244324970195082
MALT1	4.611682918278749	4.5697692489523405	4.682870257046789	4.993137714209101	5.176683735121644	5.986507934394961	6.2074629741193155	6.599900602426268
ISG20	0.6970557639109185	1.0934500940928455	1.9140138178876258	3.079065911404922	4.291245596653948	7.02025634535201	7.901736548882813	8.084653196342728
CEBPB	4.638977178905133	4.953893616804455	5.300979989520773	5.377704142433941	5.730624696660554	6.762278226562335	6.662415258442364	7.868899868728603
CLEC7A	4.080820464718403	4.065991475316891	3.9349916779712033	3.4674471781978315	3.200453867925461	3.213281880675936	4.311988213986847	6.071192744130354
C5orf34	2.99099734339255	2.9596267481701726	2.802036168731706	2.4758385717457863	1.8047987285091784	2.694740059705881	2.6476327739492294	0.9035044283145555
CERS6	7.869785999532457	7.913799080760479	8.027046710245633	8.173475771385291	8.299288477172105	8.91072796686057	8.781930635682663	8.251484780279064
CLEC12A	2.8005448494432468	2.730472772605549	2.6233802152569696	2.551604031233048	2.3906641413150065	1.6122447198410295	0.6928366955034271	-1.2311949337837138
BPGM	2.722734783059651	2.57740279502081	2.6941930781833467	2.651236784090092	2.6607646821243742	2.828292152754024	3.32980491036815	3.7852460955026546
POP7	3.9725751975697063	4.068882518713945	3.9404426314583914	3.6628710119075323	3.33135176673869	3.204820286663071	3.1973883500474405	2.6361418376126693
STARD5	1.1534449212252198	1.383794592969702	2.103916212935456	2.229051754871219	3.0696771994017165	4.200414036532483	4.516928645140989	3.963017024527648
RCAN2	-1.3016231510708272	-0.9978168161484517	-1.21073334175457	-1.403913695002824	-0.797491321128128	2.1753794090737744	2.830343041043149	3.295587060677832
IL16	3.4491968110159132	3.366736683639643	2.7682696725461735	2.1846863823954674	1.1342588529212954	1.0206541200757067	1.555926869749514	1.6991257901216366
C2CD2L	5.282458390849845	5.378581500599999	5.332872639047961	5.2070661577475335	4.8343612965926965	4.679610173051232	5.296137039068227	6.5378377100812965
ARNT2	-1.4906077881730653	-1.7951163079400776	-2.084358729327821	-1.1778432307171518	-0.5498965306591285	0.9601746200397593	0.5728704436662788	0.35611362306267264
EFCAB3	-0.7933087373137415	-1.1083869221065008	-1.2261221823220319	-1.2083071731062303	-1.6782580284103448	-0.9038078490308934	-0.33201551275573077	0.43576166329414434
GTPBP2	6.242878451217441	6.291297251707904	6.2433844418995985	6.277644912493255	6.413468820673815	6.997473175770391	7.201316604597784	7.348137430445917
IL17D	-0.16371448863565619	-0.10215214790241892	-0.1860037724459339	-0.35715788906227464	-0.4782743400406611	-1.0240793727262485	-1.5859467142527333	-1.7050649897549648
RASGRP1	0.27610096835440034	0.35979497797361487	-0.11120257961755928	0.9145153774604999	2.3330937818783926	2.907659629502935	1.7986191236227516	2.52179611692402
KLHL6	4.334200183588393	4.265924234149928	4.284935405286298	4.2770745955166545	4.131239028422197	4.190995594484987	4.224159599501709	5.725440207659847
SMPDL3A	3.325600836420688	3.5080348239543246	3.414689211194102	3.3271642966631574	3.088340481773302	2.6129663125114493	2.869835811921516	4.407282417836899
RND1	-2.809187494591053	-1.386664210269161	0.9163780695963022	1.9063061088884683	1.7812098690767026	0.2536605070627134	-0.5331505940054604	-0.4915272957201561
RAD9A	4.112762885726532	4.071305091340802	3.908794343803226	3.6788467345751057	3.75608937070929	5.412291285477262	5.673022360185655	5.008925218802722
C17orf66	-2.534133195309199	-2.1738572172856374	-0.2622102779920811	0.7649248437317541	1.2400164303550578	1.3931171636802322	0.6966063292314865	-0.037962754244757715
FAM21C	5.793905859977048	5.677667424315292	5.699167611040636	5.767592172954728	5.764176750387681	5.420309489094935	5.6413383378267685	7.210119940198432
ZMAT3	4.586986087729611	4.557926933385861	4.440961136434812	4.315506131523597	4.371579949214032	4.066839286692022	2.995141516113494	4.218045612199104
SLFN11	6.990714616901453	7.0277839366589365	7.193676027242736	7.349362329914829	7.449543211670514	8.027719680737562	7.855855556276002	7.031966462189356
CCL19	-3.700819659119701	-3.4315866713400056	-2.8447659411603077	-2.566195161067946	-2.2631147166556014	-0.30146827114944486	1.1272262344172135	4.920865373167585
CORO1B	6.581976690965115	6.639618182201826	6.616533912705144	6.51469759016604	6.515947552924086	6.163421636800079	6.072244792946041	7.759405173402024
FUT10	3.7127374569027918	3.6149467322363402	3.4390481121229994	3.306956896166981	2.6249487078813116	2.7001452698560087	2.6369294820122375	2.2529087124943477
LRRC20	2.7910489826446674	2.9253115828683476	2.9358763812487587	2.8352467556085452	2.4326027387204086	1.4124870234017881	1.6227281068737176	0.7467475576245068
TMEM217	-1.863915303189588	-1.7282649073167846	-0.48383260358170077	1.2074386414705356	2.5839534596753353	3.3077485535091014	2.057911801650193	0.9482448073787586
EFCAB12	-0.7593463054125205	-1.0490962902210172	-1.4200746995748053	-1.3700863995526928	-1.1699120286599038	-1.1093962809751192	-1.2628743721257947	0.3387896199102499
RAB43	4.246607524692271	4.278728958213781	4.381756278258605	3.595499030889972	3.662720889176312	4.27063238846409	4.99150225861206	6.4302803949894205
CYP7B1	3.651084890841117	3.4559843375665062	3.4659988514999407	3.558063612149234	3.7423389738376134	5.306752196111182	4.91835172699516	3.918635318247378
RARG	2.082440999152981	1.8863631107715633	1.5902447294102624	1.5196588344267046	1.8049953780142822	2.264594972720986	2.7129876664835333	3.5467691635406284
CES4A	1.4881532436816531	1.4179457630664971	1.2345830699785358	1.319396366507489	0.9920463895538032	1.2082122324750555	1.382305209604686	2.627090665058505
SSH3	4.956071835908629	4.977728451769888	4.8711757334455665	4.710680752614486	4.622201306224841	3.917179061419502	3.5448961153645135	4.343387333647263
DMXL1	5.963901504617244	5.9734599577379885	6.045628403293664	5.96741754221869	6.008588906092277	6.474499516257664	7.008039905872872	7.041474908416044
METAP1D	2.4279529201481576	2.5327360741051046	2.3792871663497257	2.3195560540435674	2.333021162997504	1.9847074075204985	1.034216401305398	0.5267487938253523
DHCR7	3.9463662149098946	4.16505529940033	4.0527141673304286	4.027434685576912	4.054206277796597	3.201779552341045	2.367778545115782	4.813466672732696
MYEOV	-1.4753467100424045	-1.773999472550504	-0.645906814444257	-0.39488650029325034	0.39119037857534605	0.8902451560836526	1.3988504074513104	4.101637183839849
MYD88	5.137140882762581	5.4093695774132975	5.5916296790502145	5.839871234149184	6.325246970808466	7.7298431572770285	8.009283447094043	7.781004428807942
GXYLT2	1.8677059123416149	1.697127619560745	1.738992217745058	1.7456001779223835	1.8481637053018174	2.0925905102331335	1.8163900498877534	0.5526886291972586
DCAKD	3.4564738167846443	3.431547053530112	3.4037172077490148	3.4052099902535002	3.36699752409536	2.9009552874218816	2.405211047521254	2.086456743119803
ARPP21	-2.1940119595911685	-2.453483887851828	-2.911791607300435	-2.6865276257154243	-3.0042774884422867	-3.700998481603803	-4.204616876895635	-3.906916970586659
CCDC96	0.8458075309118065	0.9591472174815461	0.8169978658020656	0.6325654349033186	-0.2823014942562574	0.683277435352704	0.11527108717080703	0.4323592039435308
RELA	5.727189374232726	5.962079335161912	6.2883335880564495	6.704779107466269	7.119483626380939	7.286077077332346	6.843725556500996	6.993441336224857
FAM222B	3.9695973735032304	4.056018556065605	3.9145660594412783	3.8278853335621035	3.9484759333851933	5.751104366180224	5.866986608223932	5.8881330362269875
COQ2	4.9425105128653755	4.993818122429653	5.008646133547598	4.968368552200152	5.028589035512065	4.888532062382424	4.973148285959233	3.5872759608684044
HSPA6	1.0775776510542934	1.4647363731971799	1.4352359072262515	1.1935894510501472	1.2984107091500623	1.857261050696215	1.8050895042806925	2.5947267096510336
KDM2A	7.0011306197747105	7.0611102769463905	7.057674507084197	7.004323256021321	6.783624871838354	7.071836418268665	7.529113266353308	8.190645081134871
NOC3L	5.21123281549564	5.087989046722232	5.111196470045428	5.296016265170062	5.432314302180563	5.751534741741668	6.218057398876981	6.096299505406835
ESRRA	5.436000078967027	5.424650576412811	5.481344433423006	5.273041383328778	5.1690256158142445	4.262258086854052	4.354408065656932	5.26571268935278
ADCY5	-3.117584264525857	-2.6654707760365697	-2.4725754678572724	-2.747958715604694	-2.191414732227399	-0.5921820680884481	-0.5238603617858325	-1.5852622007888804
PARP14	7.523895298581854	7.512656700840926	7.606375106856159	8.103316605778339	8.910096407572947	11.322141116078546	11.693725303457981	11.091196599225325
CYSLTR1	4.972760934158268	4.9597924399169395	4.966238926173302	4.815354019636473	4.565421065125236	3.251994028781527	3.2140160316340207	3.4817700039904613
PARP15	4.338149724846527	4.267658466615394	4.217321625150358	4.197725850865886	4.178109132417887	4.454302472829283	4.578712528519114	5.3631591854279534
CKS1B	6.041528050496661	6.066964356082838	6.0272891001386455	6.065701320645935	6.002822420283939	5.9130802520286085	5.912709120659044	4.2720651884010215
ABLIM3	2.6275953075612204	2.671199338745624	2.3750728069629776	2.166220360542691	2.105798210101593	1.474279301104111	0.8376962015439986	1.741125770728483
GLRX	3.5033897455617433	3.4704977630708163	3.3477989327464934	3.2666168016862613	3.293717308637219	3.5821901842144306	4.3293462493943355	5.70975805258375
C11orf86	-4.551196259797653	-4.55119625979765	-2.753306787200091	-2.7510829529852385	-1.9751008721354628	-3.162368217434797	-3.9007439160563253	-3.463188313936149
LIPM	-4.269858915217961	-3.9210236757441574	-2.2799741951559644	-1.3327591213160042	-0.6325583730589739	1.3424343274195374	1.9157586265954065	2.9079595169648265
DMRT2	1.8858310982948898	1.8901948771172115	1.8450393827039644	1.529332173004454	1.0359789515293092	0.9843920306495965	0.8362568420609693	-0.4400581717936039
ZNF449	2.5798570789346726	2.182567065826765	1.867863603097726	1.7092225205013922	1.439275857414759	2.4269009019418224	2.8380364672645064	2.7232636010619764
ZBTB21	4.78445437796718	4.6949481899809395	5.070479567766949	5.672323837564877	5.85324042939591	5.341614961593994	5.069631689783472	5.31072775843484
STOX2	3.758246534690962	3.8977559385626757	4.067036561242784	4.152643848093897	3.9931396479988406	2.51046474897511	1.909056777562468	3.227367410719152
MAP3K11	6.6524232628192905	6.713004848197864	6.739931211035389	6.610811747917169	6.594186808271568	6.6261840618702434	6.789804998937518	7.6501964891525684
TRIB1	3.6783161008815894	7.134583604752658	8.268851370490292	7.842639145751887	7.532401009553784	5.997916597123892	5.743736651707998	6.52825677899151
C1QB	-0.005861412809731736	0.1726122606186985	0.29996159210786194	1.3122452019457214	2.4028499023455026	4.725888369014009	5.627853511865025	8.848441869636044
C1QA	4.991542148012467	5.123070252459719	4.838442674573471	4.8199779034755235	4.741546628967211	4.805124724007547	4.8315626555094155	7.600964468421946
OLR1	2.7934552082760504	2.782282262147019	2.828602530439725	3.281352791583635	4.026324017671355	4.627337344372039	4.611557219974893	0.9361352369589401
DAG1	5.629246393317466	5.7306567772200925	5.647713816496563	5.472424281255281	5.1533954297107165	4.291444123601768	4.597063435161479	4.612618752415499
ARV1	4.779929918055116	4.70861278849269	4.68903666272174	4.6499429897039875	4.435033884218023	3.8411475655516014	3.9143798715828826	3.6455740731537096
SAA1	-2.986744150933589	-2.884235676675713	-3.1919980887039596	-3.0530795021935235	-3.1190004502430133	-1.6914478960476185	-1.1813089625705093	0.08590900574783034
EHBP1L1	6.556666656266803	6.552987809929455	6.622922116447846	6.622133331288627	6.691627978608992	6.581765222425174	7.010307368554397	8.439991118228836
THAP2	3.046410230907722	2.845966831733601	3.4047846564835846	4.044429282574141	4.379122641229401	4.384952460871608	3.813778154556921	3.740230582767999
RNF26	6.858307886258977	7.026619281254346	7.01082105007748	7.000294966396007	6.838708187757376	6.320009403905754	6.631869155079491	5.381363446930916
PPP1R14B	6.420790005038713	6.447024989996491	6.610893599854132	6.510060708523826	6.526121390001616	6.3787700056000585	6.206693976950374	5.345160153704677
SMARCC1	7.654829649465541	7.656691681490786	7.70641380330239	7.835223201343665	7.895463516378852	7.636251395922638	7.2605338451987205	6.181586282728966
PEAK1	4.552921501635426	4.57920692129567	4.597462280923125	4.49276109254158	4.374893436119855	5.981785439467959	6.210344860164444	6.616550582539979
MOB1B	6.227799494125455	6.081144172924121	6.096203079625521	5.961908996170983	5.870816808608189	6.289182322723453	7.012048112645333	7.166998685861285
CSPG4	5.609570912316261	5.607013518303459	5.639129913761861	5.379698195865295	5.2322850860134995	4.003154114805174	3.9482502544615463	1.9879382697785717
SNX33	4.331417865726705	4.160117966622451	4.003273059506045	3.835616868893295	3.570433930864266	3.132655279831807	3.521459032428413	4.74790200905813
NABP1	5.330640930006408	5.625354483860029	6.000446373183371	6.271927077448135	6.754413053872359	8.118803444837283	8.039717962428346	7.277783036772654
GPR113	0.6029476568843739	0.6389030921771625	0.7734614965470261	0.5400561535652627	0.49968011679187874	1.3549631623663707	1.7812449034003022	1.3065056928834913
CCDC106	3.6775896188281907	3.7606556994208455	3.701836112810473	3.6584813673398138	3.610940490430065	2.7403406563433568	2.3660099882739507	2.8277253129519266
CCDC41	3.664182428959589	3.459543839938975	3.4351343381571837	3.5408341215517845	3.6221930343154236	3.5358626607086068	3.1453887561334835	2.5853444628119924
NUDT4	7.138277043676839	7.197264725114709	7.228857263257225	7.117527724074263	6.893493131569752	6.451134948560407	6.449991473144994	5.243367338015396
PC	2.692978011328437	2.866274157124993	2.6583649687703064	2.736129681316164	2.779456367366468	2.226272333307347	1.6017611886768224	2.0907373060099754
LRFN4	5.145451704233592	5.223982976340422	5.301861713021731	5.047956076913746	4.951945191121962	3.5695540830517967	3.4711536685212687	4.491134194305484
APOBEC4	-3.49893809413605	-2.824788563185553	-3.7861968019029764	-3.211655925180537	-3.4974690267950654	-1.7162639745846728	-1.6412959356767765	-1.3809661876163635
SLC19A1	5.725552153362155	5.97668862040747	6.032284011936817	5.799917435740598	5.665969807258698	3.988801989281906	3.0951886744011916	3.0779195505941654
HSPB7	3.4318458641039644	3.3875640852151587	3.215682595156496	3.2169216529613958	3.2461873862656487	2.9092700971954555	2.4095747413927207	1.483433118954426
HEG1	4.859427316338246	4.890942645676148	5.708353286379496	6.895615898924323	7.832053329490009	9.245281274242991	8.822728634867282	7.420171329984844
TOMM20	8.826270277661063	8.814839936262398	8.84812793879421	8.833582216856968	8.809663933451056	8.415549733485982	7.999310822155412	7.730889671677133
CD7	-1.5597286685098783	-0.9874839113986327	-0.3523664499128808	0.018892981663970423	0.45877703958704663	2.374725083861194	2.1059484485237028	2.5842962407815318
CNP	6.5989775767815075	6.6251894792859165	6.576170628533838	6.556822132743165	6.709825050420806	7.941386941758609	8.397249903190023	8.463899157947145
JUP	2.2106844229754143	2.5129633774692777	2.3003145381525956	2.343439415526333	2.44524932596115	3.959804535894539	4.59819082301823	4.918108664376282
EIF1	7.922710407285426	8.147263836432924	8.457723573492636	8.777761328374336	9.01342590519414	9.199019218360409	8.94617458974406	8.60461294075132
RNF213	7.946931590716159	8.043381598205654	7.9431699981341595	7.957056936704287	8.405697007970458	11.403892660072643	11.80798120667051	11.978567688114204
TIGD3	-1.1905301434701623	-0.9636024091068482	-1.511970156768002	-1.839984644036515	-2.4530009924679175	-3.175878352811578	-2.3234564099801753	-2.6198313882066904
PLK3	2.641762135790701	3.757781207080991	5.409292300200345	6.1559783987525565	6.560633809217821	5.7391180658664425	4.94955481132029	5.3179159304710435
NET1	5.783647804019948	5.734426788696286	5.792769126863925	5.733569786622131	5.395367906169683	5.448364828653661	5.510041774533249	3.350385648799449
PHOSPHO1	0.5900904539242311	0.32702157177240887	-0.20950211235897964	-0.7194350340190138	-0.9035647530822588	0.37467640062275653	0.32762192614678703	1.49847400494113
GPR160	6.5275734075838745	6.714559221382131	6.896911752429631	7.000185699797345	7.077110345927329	7.057634280074059	6.769120189380249	5.387304149096339
CBX2	3.4255193617270807	3.382868060116479	3.182757522853783	2.760377095618385	2.489402032120604	2.473415890391757	2.215881529817694	1.3272632912441331
SPTBN2	-0.28022482282814387	-0.12934344691038713	-0.11995147191530821	-0.08973704126314605	-0.26105632863481343	-0.6669170387148686	-1.111797668797533	-1.7100420694740928
C1QTNF1	-1.7686296819450031	-1.7375171195366976	-1.1967446417752352	-0.5287585697890498	-0.038429736552948575	0.5430710305391525	0.5889058811474827	0.08639546835031942
XXYLT1	3.4467986223786324	3.4419641125783187	3.578535117377651	3.5422229880822034	3.3900492894175525	3.0125022834617496	2.749193656437672	2.2396050824601685
UBXN2A	4.462092015407652	4.4475439750373065	4.506009679457081	4.532858084461596	4.513056800222288	5.27487749394273	5.455219235718637	4.461880602992158
NRROS	5.913254983620366	6.189901899485461	5.963825539816613	5.3449138710880355	4.433860740195648	4.79023288095371	5.656331009444893	6.540712842063463
SPERT	-4.308332239710236	-3.5898954334272046	-0.6599480053318523	-0.1454462807269225	-0.6041141506422052	-3.030081358503153	-4.0341754542800725	-4.020373770007405
SLC25A30	4.709231606312459	4.6896739136701004	4.582959174807206	4.285819134931777	3.2891722209830334	3.265127933908888	3.9988776991832973	5.154058118509485
CD34	-3.7811776851948777	-2.5369724368874724	-1.8320008887459442	-0.8725353685888186	0.04604748364812121	0.634105758112786	-0.4636926855706578	-1.5522783142639496
PIK3R6	-1.0854042019367887	-0.5923213009766402	-1.1405830656539422	-0.9013784781485432	-1.5165910664665283	-0.7890636299312714	-0.7289295486977018	0.6445376091803372
MSRB3	3.645978519032159	3.562064954411884	3.715099318220108	3.896908871519237	4.092753457819395	3.9217072903969155	3.667624187419836	1.1431635036019852
TLR1	4.1926353761995285	4.255394090702938	3.952710579059925	3.5600609980704814	3.2973032837176097	5.145886695852225	5.81627417159835	6.829616997951675
TLR6	4.179012942380734	4.150841684735422	3.958814643965927	3.4284565783906826	3.0936711380522857	4.136127231322874	4.657000989963406	5.04551262411478
C12orf66	2.6608450339074796	2.5333675103382642	2.6478155725663015	2.4843252093439814	2.4760348300130914	2.2763032148760884	2.5335003213139853	1.5984138884261554
PITPNA	5.045932400053177	5.0333955092509015	5.07912962375684	5.391926004310946	5.676292597533824	6.345801104647955	6.388484050478969	6.28528100913203
ZBTB4	5.330954637051454	5.438393989482872	5.228824389377639	4.830763228900789	4.363132946172895	3.603612033038149	3.7727856433526723	5.24335778479824
ZHX3	5.3406386715306535	5.345245624884352	5.273109578422277	5.1210914483539405	4.767673883164068	3.783625552063115	3.9680050679236065	3.768329841574048
SLC16A13	1.0015898369575336	1.115168228637607	0.8954908172765065	0.40314703871593743	0.0191497491016345	0.1906842053718815	0.2969046984075687	2.027243337985331
C11orf45	3.57597336328422	3.297391754953881	3.130825897493699	3.0025065324830758	2.6275046934337465	1.9058198932511958	1.4321686132939249	1.2629152915805546
EXO1	6.256275954465822	6.177315058742665	6.123277895697907	6.052243840792374	5.710423116459465	5.755134420140532	5.4019658472594045	3.399899659856743
LIG4	4.037798653429089	3.9682490732570104	4.088005449901086	4.1947800128791926	4.501515320668959	5.548583879077326	5.597035360834624	6.0712054058673965
DENND4A	6.878501083354389	6.873456138013296	7.057788994805431	7.457569812484239	8.002415456644687	8.267989421210602	7.334253758640459	6.522569085092479
ANKRD36C	4.321738685347849	4.264875534091864	4.40367391358415	4.4837218203841065	4.360996547547124	3.8643844166590933	3.3636218001122655	2.4673206152276483
MRPL11	4.814901958192043	4.843192231204954	4.890373440514043	4.946965534829257	4.998575748354437	5.060563238736096	4.885343827443034	3.665783608471255
AKIRIN1	6.275396468667642	6.297979368138822	6.390565400557685	6.446165077972836	6.43659693661316	6.492283422351762	6.45869012616182	7.258750975512314
NPAS4	-0.5578780998061352	0.20968066660576348	1.0579680454389122	1.0865364943924627	1.1823147583815503	-0.40586723783625933	-0.9403998129781216	-2.545842170528359
CMKLR1	1.1786838346145636	1.2696447604898957	0.6454391369408665	0.07548102506616505	-0.2701239097726691	3.3163174042413748	5.287452402223948	6.2292487104367495
UGT8	3.3986428315025536	3.406090256344504	3.36564937708772	3.256176774776711	3.091703182122336	2.5814025970559067	2.3865858632348407	1.6712284686607823
IQCK	0.7709305495946073	0.6705543849555627	0.8808739519521601	0.47163217071459296	0.5699954928305179	0.6809774863398479	0.2524483837304702	-0.37272022130351756
SLC29A2	0.25800511088574746	-0.015545788300273866	-0.14400636110020382	-0.17200527063005022	-0.37550767298022647	-0.7765231551940401	-1.8612225861584353	-1.6182323924753177
B3GNT1	3.086255638956052	3.137295317045914	3.1129599182472263	2.920601481488642	2.5164290170618453	1.1187783656801524	0.9241943415417854	1.3760224671289791
SH3PXD2B	4.07723660133963	4.170812946624039	4.108048256335784	4.002508678401526	3.8137247433363877	3.2765257547574125	3.5167429594635546	7.435857089041281
KIAA1551	7.826914181195798	7.729375495676189	7.416532507520406	6.863653533862417	6.604888802904174	8.20412351337096	8.685236919807924	9.225222984317412
FGFBP3	0.4442258203068872	0.31238679764381083	0.2651711118244986	0.3673618870999261	0.2200258216574918	-0.48466117028293987	0.08941306971687557	-1.4502485953722415
NR1D2	4.768811775352344	4.702328674985605	4.858955230420712	4.858265297147723	4.640330823962038	3.598845180444723	3.3965357157727585	4.237651600867714
WDR49	4.089260322726753	4.214934632935794	4.3550280522540215	4.4622836089556195	4.612705558344508	4.283915958103773	3.9600990833866967	2.739351199567013
RIN1	4.239432569881753	4.324159732443796	4.204810206280297	3.9449263973713506	3.466567204557937	2.1330202584524347	2.3878133526872274	3.0218210493576425
FZD4	2.111299665194773	2.127549017767924	1.8601944674846687	2.328966812238132	3.241622550143693	5.681559101653583	4.384508253395339	2.8569179948990557
BTC	-0.32618276256692214	-0.07475170253269779	-0.1636037657134654	-0.19759220587262602	0.02601482588580871	1.9166508397721165	2.6051505115213605	2.765610225950808
EMR1	2.557841238441483	2.6888814977332425	2.5395422975146387	2.3930623785325453	2.5820003893386483	4.217219794421917	4.7181423698851255	6.635190745455134
GLMN	4.7917650087129005	4.64641591002829	4.684182954566097	4.723329579006224	4.573983393083281	3.8845200463913283	4.006549458314332	3.6967756332353905
ASPHD1	4.435775464450945	4.492406165914494	4.490160575134156	4.378737033498911	4.348553216394551	3.6461089274456535	3.213869039637336	3.635342963694064
P2RY14	-2.874820669727632	-2.5349124917063666	-1.9007026705715115	-0.6593473383187877	0.35932798343377553	3.388206663057159	2.859595102592592	1.2214619520296204
SLC22A1	-3.027277478429717	-2.316040149962543	-2.6695181009901177	-1.9024074096288262	-1.8486374744122054	-0.6615554240816849	-0.9059583400213737	0.3401462631318239
CTBP2	5.571479768940614	5.604122950753606	5.644411281355627	5.5956058215087925	5.449573426790341	4.744757093539043	4.283928242089621	4.140220609575506
CHST2	1.8237577786178205	2.1966996447496516	2.9007454700944058	3.776684365019864	4.461956945515054	5.719773513860551	5.887405563739163	6.007301577251022
UBE2C	5.184666338702536	5.320510620659409	5.311823541565319	5.325120449948276	5.186031256303229	4.811496081962977	5.1718164635513055	3.0084924966917983
VCPIP1	7.323329557528286	7.328711967921283	7.517942898913542	7.471316507503657	7.506760606526207	8.43713713830372	8.282523918106953	8.702766227175614
DES	-3.845626198744216	-4.272272353668981	-3.1956770891487167	-2.747958715604694	-2.2631147166556014	0.0663534630181433	-0.13750664245996802	-0.9644890515551224
PDIK1L	4.075504885159761	3.982489124656787	3.699642961054054	3.1019912559428606	2.1784439139478877	2.9778308777633278	3.1112373159908957	2.5665174632991103
SPSB4	-2.2131419366690688	-2.004515383631178	-2.355035313060477	-2.392090188519584	-1.6782580284103448	1.0266725536470274	1.0093082547003098	-1.5455984850292368
MARCKSL1	4.334543978342587	4.431092185804857	4.699318213858554	5.221002356467879	5.596061707300938	6.69081442635688	7.345412101929085	8.406286327190646
YPEL2	3.088605086475569	2.9996682967297765	2.6147136366820574	2.0657512297265948	1.8100191939010308	0.8739382984307233	1.3216104032585563	2.5668809568946416
FAM131A	1.7346320223046816	1.8191837576035943	1.8480169431198048	1.7441478241921473	1.626635550953858	1.477737184737832	1.2533688945739818	2.9312297956623325
CSRP2	-0.83066173638208	-1.0034043410847842	-0.12706870260891578	0.6565486197379811	0.9129495007677582	2.3985899298067253	2.605792585234891	1.9688220739744047
DDIT3	4.378256099676415	4.196037670399899	4.093091361076711	3.959772070318463	3.5206705835267362	3.492555687099233	4.415026602365778	5.514850649854752
CKAP5	8.058172234389218	8.033943889132999	8.078510441950453	8.158691651956467	8.012851697891003	7.460315725394029	7.675499694369037	6.545380396484088
C1orf127	1.0194589745727534	1.305352415745109	1.1102791256481677	0.7837701614235094	0.6669594745199379	-0.6615554240816849	-1.2566125819802343	-0.48807975653620983
GOLGA8A	5.7233137368017015	5.605140418096877	5.589129060794087	5.584016187902999	5.628666588787034	5.629700144246701	5.43190284965321	4.667043934647402
APITD1	3.7959764517086616	3.6911079311851553	3.813139579406289	3.929724623157001	3.9592210951370803	3.9966418300169524	4.059335436667667	1.7203603318746699
CCNE2	6.265907363656748	6.155876455872479	6.309350712446522	6.517472242982885	6.733487619746995	6.668268395474912	6.054891545447127	3.873079896969042
ZNF519	3.108377482581316	3.0282863934995135	3.0495711944179495	3.2603730018377526	3.473574682062811	2.9836266450946765	3.032668319246884	1.3378544056787018
CHRNA7	0.3953345833647995	0.5455009076259145	0.7285378731767358	0.08824694069331465	0.1443640819502875	0.4759685707432341	0.7421519344519414	-1.1368048703233082
NRIP3	4.393633879031539	4.3758506262119905	4.583802076123795	5.063414719097606	5.705087199470617	6.2637083880479825	6.172192559287543	4.333305716152482
PTPN2	5.170125126013193	5.111564361615036	5.404346930123346	5.706700860174099	5.957285672367837	6.420388039707747	6.36341591849142	6.431972321164853
SCUBE2	-2.0943200915863502	-2.0639319993329694	-2.216586067840442	-1.447702044084299	-0.7548919921160989	0.33796622747177085	-0.46238446879223893	-1.7476875404114605
LPL	6.0819953830049585	5.938585863546953	5.857876762047495	5.931888634142317	6.212183983117788	5.993310011363926	5.190245079390603	2.56858749582302
CCDC14	5.8185057336495785	5.803897489915604	5.811548567908456	5.796039527030198	5.5556315748134075	5.604644652579008	5.530401295927714	4.222777194429421
TBC1D10C	1.238778181805595	1.2713784845577951	1.1546147029327845	0.7534143744140462	0.4290332155643804	-0.7986183816874615	-1.2043700090151581	-0.203225029644731
MCTP1	4.176103148201635	4.271908894335697	4.405177595943447	4.740587876729668	5.262989404223122	6.890621750468271	6.365146788619406	6.582672065087232
LRRC25	3.193181993509542	3.2223533647026654	2.663826693309253	2.1750226525192855	1.3581468685303553	0.8880232699778736	1.1380283064326768	4.835530376942426
LIPT2	0.628213874584663	0.5488263465830892	0.4125735032005834	-0.059508819290971814	-1.528725527502655	-0.8624596380836713	-0.18942346973215257	-0.19973634520689154
KCNE3	5.155450325896284	4.863286388545792	4.443802179277441	3.906869936167977	3.246678978298924	3.878713226282814	4.480019719756447	5.5466735271221665
DRAP1	4.721731800859515	4.763668432557534	4.734106055741842	4.9461328669871865	4.9851358845304095	5.1265857858889134	5.463277429182153	6.46586923142134
UCP2	6.608254418409427	6.8340713340503925	6.6689426726661996	6.673265353656465	6.727331668907019	6.5304750880928255	6.595074386295661	7.794122098582035
P2RY2	6.022921138774805	6.260272590016152	6.206695852261513	5.8843997168461915	5.253205892757132	3.8538648148265984	3.926886161450472	3.0239582502160243
FOSL1	3.1433561456212917	3.41061754202301	4.40851497109783	5.192699498947137	5.18343334366809	3.767120148383756	3.7817378652816895	4.611536585565045
CCDC85B	4.8644296510772085	5.068936932738883	5.184850031489357	4.980677950681583	4.827917040182156	3.357522444245304	2.9794438137151587	3.9202786746001004
RMI2	3.6434865617352488	3.606249580285084	3.5929300454065958	3.614269482923878	3.630710521483577	4.401973917272299	5.042524499258887	4.24460189551975
RUVBL1	5.6768892891850875	5.674301816886228	5.763102914924001	5.851968826420222	5.822503031272886	5.3836239350279165	5.0261510463655394	4.518148718654357
ETV4	1.1447319946187196	1.296635786328744	1.288015136308828	1.3572263293562306	1.397362187457306	1.0117615134910398	0.2948540683507994	-0.39099302341320136
HOXD8	-4.551196259797653	-4.275658866023473	-4.2723250389197736	-3.1640708306912195	-3.554868685452691	-1.4667615241381113	-2.1773624148431034	-3.2962147165837132
PLEKHF2	4.984641172429823	4.852708928944498	5.6548076691913485	6.685701440531072	7.056537455063659	5.957990350770995	5.642803655934623	5.366871121801991
ARL4D	1.2677849915022168	0.9522824131652874	0.5224800918895927	0.14315932704452733	-0.30286840732082826	0.8604512350613203	0.822982587696904	-0.07851878282477912
AMIGO3	4.271664329475062	4.880034892220839	3.6148584230775396	3.9524134821974073	4.03532161414619	3.5037152798100815	2.3267677919397842	1.9269166967097204
NUPR1	3.2571877476968143	3.3252569765657327	2.98668861141273	2.9098674820426	2.984911775894953	3.6925892569305647	3.714133600612099	4.952093824958162
MBLAC2	3.385122932977816	3.347603075195698	3.3921236616804866	2.8504098892835774	2.0512480354418727	1.387714378408572	1.797135066785012	1.5129605648597075
TPRN	4.629044413332487	4.727037783643766	4.723479942134659	4.514529646931733	3.9147418637049105	2.9130692442459076	3.0923614785295337	4.006217206130374
SLC35A4	5.7569088824171	5.8955947946250316	5.831433945590257	5.707364860637495	5.768787116618592	5.621077222930542	5.706284425385871	6.832897468295165
YES1	4.9272668415989385	4.848239752128646	5.062400933393269	5.19990974147978	5.134061731889251	4.363570577485898	3.9125208169147028	4.54881891947316
DLEU1	2.9177571442968944	2.7711308676498203	2.84617020901799	2.496845712085004	2.2482982148777158	1.8488004012932606	2.1550663560341716	1.681038499891012
CCDC57	3.871131545821494	3.844366166831594	3.9433981327279835	3.9568438222426137	4.186856848856081	4.820263937722288	4.977007027123914	5.733899314793023
SPHK1	2.8535556245211122	2.926946035115685	3.5774091369121157	4.229468958164406	4.914901791373477	5.261493539116909	4.696199763149124	6.118416501167895
MYPOP	3.6749113240437037	3.762630742791144	3.8493587211858804	3.9627023792761973	3.9757627860630054	3.700959735524127	3.559402838069816	4.725300349160914
ATAD5	6.3430420919232855	6.27543244959611	6.364874200933121	6.388624672901251	6.180365247191386	6.437786748578953	6.377191337189459	4.993432308392165
RTTN	4.644213383922884	4.570848633277819	4.712045657166271	4.733830579900449	4.559035223529864	4.4796895311139915	4.699955714433223	3.121963729249318
SLC35G1	2.3434509078652397	2.2550531644850267	2.2736165613430415	2.45568176301694	2.9268197182208384	2.304062790808545	2.037741757460453	1.06503320285174
AC110781.3	0.6829347256633002	0.6872366545402651	0.6061788700038613	0.22052189516800713	0.2585588553156026	-0.684511136293133	-0.4047851749138132	0.249295934294974
CDC26	3.961456156794991	3.8399482380247822	3.9860629393668496	4.267018333035707	4.4743459677860535	5.442870078334876	5.838198476694691	5.61225288730696
EID2	2.9764785421591937	2.9575254740003416	2.9876984207386847	2.8825574140019317	2.9968155643917638	4.296681796127528	4.256507398791561	3.8027827107306713
RIMS2	0.7945564885546641	0.8313053362746576	1.1563905072171385	1.1617508295190382	1.1492554719153036	2.143231370065065	2.9208018780639966	1.643249608396684
SYNE3	4.87710920276019	4.965876394216831	5.018020614478175	4.887149607561213	4.982266103058505	4.72659103043121	4.800527847890489	3.573613552449885
LPCAT4	3.6587276831934745	3.762019056295679	3.6901281483643142	3.516570258437773	3.4270800131077315	2.5323946034938505	1.7842651628252493	2.893280227484519
SLCO3A1	4.277003050018666	4.434449895184827	4.4310757089939905	4.6192536347469115	4.697338618238933	5.71260321449724	5.535715854943225	6.379864196109796
WDR25	1.548087846616213	1.5604742777640932	1.6927552165064506	1.575326895735528	2.1862595148800397	3.1263817996558716	2.9456393222563033	2.779649560592696
DIRAS1	4.722058030589923	4.6771653696471684	4.501508301271336	4.3206192336517795	3.9469247859696974	2.5336224820765305	2.278628379230161	4.226339990296053
GNG7	2.7809401101532796	2.748776737454956	2.7965163128906045	2.6799265905030216	2.597080129080952	2.0317955976896163	1.3943731347227508	0.7746956252016952
KBTBD11	6.693227867135565	6.791408098784045	6.999032048101581	6.9387007573049075	6.822101372249222	5.615270673340872	4.94936663813905	5.258777030864741
B3GNT5	4.71879328329005	5.235852492341159	6.251972785781262	6.975392128594544	7.128781811199071	6.105507298827694	5.413804800920855	4.536421807855662
RNF152	0.1843925546648301	0.2593350758687278	-0.09353879640760163	0.17155268657562714	0.4498976455470267	1.5311660869039931	1.3236483278073483	0.34011945381572056
C20orf197	2.362911630805412	2.3248818898563903	2.178146077645656	1.7268130995129272	1.5864636890324477	0.9848456096529156	0.46122997353552286	-0.7107050883371316
CCDC121	2.2962996548517802	2.1260626841284624	1.694038418540091	1.1162358493361135	0.21189281734958804	0.11913698444058515	0.14414879421873988	0.13447459146872914
CDK5R1	3.5507678832653635	3.388111429417264	2.958672867770412	2.216265055319073	1.600293806607894	1.6143383915653107	1.2484656384119615	1.3175558536712295
NCKAP5	-3.5802787594192793	-3.155916805502506	-3.187528026755222	-3.7237231347815674	-3.9212683512906175	-2.2422866850693497	-0.4433193740928779	-1.1121311131308103
BASP1	5.842155083808615	6.039684422631739	6.14723166743994	6.421732940174257	6.699806063293351	6.949659924052707	6.692751319506435	6.522147713033775
VSIG10	4.429198434400076	4.41816820880276	4.411153035911612	4.311332144991631	4.367710090113874	3.9788358547343377	3.694994799312114	2.783107688032987
METRNL	4.408676973455465	4.65032119813478	4.918291013624133	5.057007241931767	5.412768830320198	5.621679023539904	5.506504070727229	6.51421278361776
GRIN1	1.302341267322811	1.1888831431099114	0.9945827813621191	0.8377963999692132	0.809915646378879	0.13832611611927215	-0.7657877655896977	-0.9371833177029469
TYMS	7.813545872358028	7.807718051179069	7.8407464986140365	7.843497659198847	7.814600664189312	7.574640672559713	7.310852258521631	4.889235778550397
PXMP2	4.4814910654976075	4.539764774313253	4.480481700587589	4.525188634108378	4.614372976109124	4.594932795126383	4.35892193885633	2.724974599449533
C18orf56	0.9266244655915933	0.881136775552095	0.8693082710040295	0.7595204783639034	0.8046749682412213	0.8428266414533593	0.43853294599730563	-2.28179785875556
C8G	-0.44925598117394283	-0.026371074814389578	-0.5822796057097819	-0.6369337873082445	-0.27837602451588966	-0.339089722428688	-0.2624887937754714	0.9462527638522307
GCNT4	-2.0682225045853553	-2.3176124511470757	-1.7423887184252147	-0.06048518716009197	1.1293247343212447	2.6906874198108293	2.5831889911298376	1.9643452525362295
SHMT1	4.588173900772396	4.66282550525715	4.548163987055823	4.441411057523261	4.352829943521549	3.6470896997657167	3.3618753853051846	3.0789142067141886
SMCR8	4.752970879210694	4.731477101801183	4.552543446747317	4.348583748486474	4.309491612598176	4.918426193053124	5.363941873570684	6.647214886541256
MTHFR	5.604530407108788	5.686168670876626	5.714656363181339	5.728401320934601	5.867265802262085	6.048893556834594	5.932126857749271	7.10033792721391
TMEM80	3.069101441546622	2.961421205375454	2.7563762675300514	2.6414287166118164	2.465492762153228	2.1004643013564075	1.9263517655960984	2.268154214597482
SIX5	2.8880746120281837	3.0364052761646643	3.6611302810264457	4.355755232567979	4.968622929107646	4.096357220786025	2.957129476958025	3.7353146523567555
ACER2	1.9943894480521815	1.7601442445729258	1.9444036828698896	1.7265469819733728	1.5848772227521466	1.2958065290815886	0.9208305809428617	0.5001684782586756
POLE	7.0158857860023804	7.0936066480066735	7.087707150917288	7.134548628525675	7.202777874540121	6.92999079811948	6.627708194312548	5.241390492376366
RHOG	6.486464448367265	6.629740265468577	6.550421098689574	6.480116573841997	6.557656103525256	6.875993509748561	7.142764004795131	7.87988868373146
ZBTB34	5.82866466711835	5.835188769158574	5.451603794514046	4.772663959817153	4.401589539219359	5.46715550441716	5.4393691159272475	5.937199511784478
TALDO1	7.2966455407075035	7.295433492436458	7.347800717140453	7.374480492568662	7.467577948505551	7.636177149989534	7.683426361783779	8.344436551365014
RIMKLA	1.9749465467984209	1.9928463426355134	1.7753372646006498	1.6341346019068985	1.522059427033971	0.7952486630451785	0.5972873020947774	2.1771246172091
B3GNT8	3.1498070044141167	3.1280551107671957	2.6402293916894175	1.8035372254810793	0.551797154671842	-0.06881536379375014	0.5972873020947774	3.1975567189078156
PDDC1	5.4430008478362595	5.328441918387245	5.1751713115995805	5.043719036917016	5.0717876962984665	4.801130619792032	4.607383471666035	4.389827999388828
KCNA3	2.4291942155052064	3.2409842482260345	4.602566075874806	5.195151148991332	5.510864469706503	3.0643710349450135	1.121688239979695	-0.8477073009490461
FBXO39	-1.7137991320984134	-1.062850584137414	-0.8746529057375261	-0.6048628866897413	0.23989930039761378	1.9513733262610735	1.809089004092147	2.483780874984812
C8orf31	0.5449143740117877	0.4024186148523083	0.28092320880741134	0.26753476878944904	0.2651703970302245	0.9418303876649181	1.2619970663356357	3.341339265560291
AC024940.1	0.7610610254963008	0.8615932978243406	1.1849738436025747	1.5219044558962918	1.724118036383166	1.7999581426593727	1.820168219296688	0.9986066472674864
HIC1	-2.0699952481061996	-1.7812576228715837	-1.9223236246224307	-0.9051793887496439	-0.14242729172019733	2.0808395000101285	2.797564582647123	3.3803620945424013
PPFIA3	3.9607905859522816	4.017839314980891	4.0023964322837164	3.755242931258881	3.542510269442527	2.6784411652959914	2.5483016981914988	3.5816057428493933
MAGEF1	3.7117791149374053	3.724940302854481	3.420522944025992	3.103506666108825	2.3253502991882424	1.5614299432560808	2.249477661744362	3.765686950677202
SAMD9L	6.549904503319908	6.6417979752175125	6.580427869583377	6.760830321676643	7.292238310081668	9.979113664196547	10.741586875779351	10.703801667260493
NIM1	-0.15173722449949761	-0.01128010132231326	0.2327549568005327	0.7293116660686825	0.4894441637122394	-0.553379289273671	-1.6148961782415892	-0.08605561103882917
ZBTB33	6.638276085087662	6.44058480387232	6.193442530433363	5.786616443889564	5.2789278866699405	5.915200468006002	6.1512962895214525	6.260380902581279
IRX3	6.268646419676937	6.346309377658546	6.203669302877694	5.5177499210435705	4.621994829815559	3.6536715113150393	3.7993583889021356	3.567948485844732
ST8SIA3	-2.540920386690356	-3.796091646439256	-3.41846536671901	-4.103682316292022	-3.554868685452691	-0.7153623240043048	-1.4558967268078638	-1.4040688307288294
NHLH2	-4.551196259797653	-3.9967349598948045	-2.5131194467789335	-1.8695307783175554	-1.7270630857076346	-1.669144098800776	-1.7839284322853328	-4.220092180465146
ATOX1	4.4631034233574205	4.521379173368798	4.486351614871031	4.51225400047842	4.58794933267521	4.774729425852398	4.9241946077102385	6.422584229075205
CD163	4.831979560675732	4.724890451885306	4.3112793732247905	4.076820009088985	3.7271081129242813	3.5277606032039595	3.3503904370143958	4.680951425508998
PIDD	4.9270051172556	5.091050942601151	4.997518261760396	4.731494483362044	4.734521993465773	4.330965949486948	4.010769758489104	3.0601970391311566
GSG2	4.000797874232986	3.961897427448576	3.9232687944049216	3.559745146095092	3.4749084215054484	4.0507305965997205	4.008595087348166	2.308409542577625
JUN	4.985583846433958	8.310140375459532	9.776607421307242	9.123206940442659	8.301556803728985	7.654886525001297	7.06674068009536	7.094188270466075
PGBD5	4.313494955998744	4.247033286641454	4.112886494558724	3.881381984138203	3.4176685345129205	2.93914310021541	2.9244826945820424	2.3104517219142013
GBA	6.669207623375403	6.738360492242046	6.6947089626004495	6.732809793015465	6.720859285348343	6.534637338970882	6.399797885086672	7.662021897253734
MBOAT4	-3.212138429096618	-2.8238807045742735	-3.4184653667190106	-3.4558354513706906	-2.5364774299311152	-1.3753227472745064	-1.5568887348562597	-1.822634769261942
EFCAB4A	3.433797490791415	3.346403309281998	3.1128735488758688	2.963416876117515	2.9415104677146395	2.3979100879586257	1.8320917666654988	1.8470837031688139
DNAJC28	-0.9097471550157903	-1.429653267070875	-1.5309566878948906	-2.1909131640603503	-2.456135949877695	-0.7829499229164779	-0.37765500111842376	-0.09426515821605942
NAALADL2	-0.09261699561034542	-0.24721412444779958	-0.21636856077524447	-0.3155047607030324	-0.09991722794583882	-0.029650336407548744	-0.4522241667947459	-2.467500238051206
FAM20C	6.802515355920635	6.878093886100286	6.903201226329106	6.679987477855743	6.475663089406516	5.365839644412716	5.27010451855902	8.06798108017724
PVRL3	0.35456173325039986	0.026792338516797604	0.33302470464449585	0.5051593836255996	1.354694537057637	3.038277892748844	3.328890257576907	3.230473556218622
ANXA2R	2.6290602554333	3.338107553316016	3.673215376015917	3.95233130633172	4.235484848280837	4.651975001367967	4.3235261805193534	3.9528458748661848
SOX12	5.854718654096503	5.812280310826365	5.695103884583535	5.455155905733394	4.94763475400734	3.1769121891931897	3.072572756728929	3.3411666233560506
HNRNPA0	6.92332536011007	7.0103796493956025	7.110303654622905	7.1444426504853915	7.168122070151384	6.809163958685279	6.313751112132175	5.63150419425644
MYOZ1	1.9709117438918025	2.0388552741717656	2.019397800295135	2.0366300291985135	1.8151036379133887	1.8335555644433164	1.3823081746610497	0.15490008833276783
KCNJ10	-1.1822217314792387	-1.2770963717873653	-1.5005868416681247	-1.275637027449564	-1.469835468063188	-0.8623500396634985	-1.3874904292736026	0.8143855012135691
ZNF620	1.5872573482635115	1.6043343194779132	1.6374919110217308	1.5528671881497658	1.724910459848072	2.3160332368986998	2.2903642118792207	2.0328299870754023
ZBTB41	5.025973015119317	4.838689550048404	4.787974257009964	4.615246343168039	4.579291982237201	5.7972277374178205	5.744428187765982	6.075227670309692
ZNF354C	4.157209884866424	4.075334255615072	3.9361948849329753	3.4633209600740775	3.138725980811666	3.8947703246710543	3.436548193333085	3.0221235919500016
IMP3	5.1916333559568155	5.227713575539765	5.1636044078737555	4.8493765185863635	4.359231217844185	3.7244266889603344	4.2439407444582375	4.4196645260311005
ODF3B	2.5978877940668363	3.692060218763638	4.1126346063785	4.291308495582518	4.935383830309993	6.134153245199135	6.453097250939544	5.9330830240194565
DPY19L2	2.5636360580093474	2.6526978131843304	2.5718054287013135	2.6215633982311397	2.6436132334615063	2.1696526572227333	1.5909732711707978	0.19735214617030344
FAM26E	-0.22898542994400425	-0.29790315431541203	-0.06790953442174463	-0.030432175804570576	0.37610001440396135	1.0968886572976049	1.1573520012248757	2.3255959892907097
IMPDH2	6.739101954722068	6.817859339660021	6.843484367763047	6.990388156649914	6.96023465168761	6.306134403081554	5.804419965965351	5.158315897673013
ALS2CL	2.6118099717296053	2.6484173813760794	2.302965050479683	2.353914246216303	2.4413026110749705	1.3931171636802322	1.101557318473601	1.639101079948789
C2orf69	5.684800125212837	5.587920986716316	5.568580168231387	5.306074739078646	5.056011788418217	5.4079637928961715	5.38667943972807	4.506472824439566
GRAMD1C	-1.8349565041244973	-1.6970385538771149	-1.7858907491261466	-2.1817084416167942	-1.6992773602129403	0.30655767348830937	0.6493547743667258	-0.9798796221076478
BOLA1	2.49967889096529	2.412868954170225	2.1993149456595464	1.9593362373358407	1.4768613015618364	1.6367528915994254	2.013062173034746	1.1637662365115315
PDE4DIP	5.304292549569895	5.224986848659759	5.182442928522562	5.404301026405973	5.700332863712134	6.1921519738731465	6.138249437785973	7.084642948891263
GOLGA8Q	4.090577393721099	4.113654029779279	4.368964997198627	4.407371655889147	4.404528434440664	3.651709804240059	2.941270775285049	1.2473727414968931
ZNF114	3.0738563441474676	2.9394370402759566	2.596375391521372	2.2390690476318342	1.8620580892405245	2.2394290501720446	2.1671340817954707	1.9483194578510394
ZNF366	4.018373096119267	3.9384136902697398	3.291587129577111	2.4104059831666307	2.1971259491617463	5.187476912543509	5.870929768497787	5.754672165975791
PARD6G	2.445726913523716	2.58976578785392	2.6623738196585194	2.548145673685613	2.6065907362169067	2.318102073604334	1.872488685361486	1.3844446904352918
ZC3H12D	3.966106276190162	4.176781247876129	4.476812459930217	4.257531664334749	3.921866213834701	4.9814233986984195	5.218042420402542	5.343096321859724
KDELC2	5.3909308511930085	5.378109759838095	5.477170576365344	5.524255340608677	5.5184468217597225	6.354807154301389	6.602969782749207	5.661565642638827
RNF212	2.493067413309543	2.6391429776829263	2.429957522008947	2.37187796514754	2.468184090711827	2.0084724362942326	1.664691103778906	1.35115144806654
PRSS36	3.9153035533047786	4.030055811355577	3.8951762973409654	3.6858178167475852	3.6543873353088188	3.0313348848414696	2.6783275239315416	3.044587090445773
WDR6	6.294275985059457	6.371192910259165	6.318187370104857	6.2479972983044725	6.055481268595587	5.465066863352253	5.193530617529346	5.755900571340076
GEN1	5.871201146574423	5.689436246773019	5.689175466041591	5.733017136470451	5.7338609681204264	6.332531529936252	6.259187826667926	4.817873851419002
SHISA3	0.89293626910579	0.8844603384053504	1.0953217474841714	0.8050239438325666	0.45171538935104105	-0.8054735817961949	-0.4733508454943214	-1.8689789613852363
PLEKHM3	1.7114148643200497	1.9546197825502316	1.951924472107704	1.7026846636605573	1.9005257583044948	1.8418165745506707	1.793179989239551	2.9977997114826267
ZNF223	2.484613710594653	2.395480118573217	2.11636821726744	1.8120440005029859	1.7301506066379218	2.5518060091534562	2.5358226553362586	2.730566244692965
FAM220A	4.907177850506786	4.840157422459545	4.8333034616363815	4.662068660681317	4.495859617339377	3.7927990936885765	4.324312362303926	4.628860914780649
DDC8	0.6557699802541422	0.22083714347300368	-0.5414221616352397	-0.26675559547922023	-0.9213929767761688	-0.6513197337100429	-0.5228524535169267	1.048849872796411
BEND3	3.608870782334582	3.6345545824083993	3.6880819564584617	3.5333929895890206	3.325944387974266	2.5465365504134896	2.316666868903548	2.426232469190017
GLDC	1.3018646875319866	1.1897960146749238	1.326575228843739	1.5657099234597078	1.7402467304568376	1.645828311740717	1.128158981392172	-0.5994217993425303
P4HTM	4.131177950958902	4.21495925011431	4.224225713644973	4.096268638500782	4.127596216533368	3.847409771388091	3.648496790466671	2.5115468101358234
CTXN1	-0.6670696473124492	-0.30112006471994923	-0.08500324935584282	-0.08523806221999684	-0.556531843588044	-0.25918470716115166	-0.49901787728373637	-2.4409060846360786
SLC25A20	3.9613666669797203	3.911499109806524	3.609531750005971	3.447084821402534	3.353634564850007	3.39956909141205	4.221023829829441	5.522341565096095
MAF	6.0416782100411695	5.977881870165449	5.60246884132537	5.185949276806996	4.620598327086473	3.6309250831618343	3.9141873949791517	5.821316747950291
CTNNBIP1	4.187541567501057	4.316544254157231	4.332304894987962	4.277346804548081	4.124783050172207	3.72914043418161	3.2465321652166343	2.046399776965465
GPR35	2.379893367652752	2.6226942621725886	2.4888264348086837	2.436085437998416	2.782330140962385	3.978043971731566	4.813773711399808	6.836063568122897
PARP10	6.079503265340561	6.27491256062888	6.202548499992744	6.110151160923785	6.330821376173368	7.621053180600004	8.409837543197618	9.285828917086427
NSUN3	3.250492706158279	3.3083966133577327	3.3827733717943578	3.297399960434996	3.0279399300170304	4.513157397228545	4.826026536640277	4.410867243205724
KCTD12	7.532622540824546	7.434509942589348	7.4827766597528305	7.748022099561982	8.281498730699681	9.073993532508343	8.305837160804554	9.218001547127582
RPP25	4.791837950032615	4.764400157608588	4.705617108604512	4.492902619168731	3.9480683373714593	2.5805233476457015	3.3387317943433192	4.018227272123698
GRINA	6.829589739813694	7.162327633670374	7.32882670754439	7.507363677420566	7.914191878107352	8.573289218416765	8.834269674434431	9.264807651921995
FAM132B	3.675070037741846	3.7525639682971423	3.8686509956006976	3.7064574773521093	3.7625957463670066	4.092162684255996	4.381423492222947	2.42355502628957
CPNE7	3.0851435918988814	3.1441121928506996	3.1890245901411496	3.0924106681529278	3.0647271850759434	2.8683900902984885	2.1408573372711075	1.2390221431120958
MPI	4.273528311093241	4.194317155633187	3.982472209380865	4.022743341851517	3.8996563110539446	3.399798821089586	3.148776038637413	3.558269791344034
TMEM52	-1.7724008019519846	-1.5483245582111047	-1.5221051438963351	-1.7028379600682513	-1.5031584886397398	-2.6703742418747294	-2.4662865383643977	-4.220092180465146
MSC	4.0810732758400015	4.317237270518204	5.2414868990572545	6.3178291929782	7.218647380996723	7.557308510461507	7.599526781575296	7.188193186628025
APOLD1	2.216691903618525	2.3621637612364657	2.246872976769586	2.371699336214763	2.1309331121560646	2.311350318050115	1.9217607246270605	1.1780363445317241
FOXE1	1.8301921060347333	1.705155669589687	1.4286234256246009	0.9158548473878765	0.09823568052130283	0.26100271239317796	0.37855329076248856	0.19376414080308937
PFAS	5.283377305896757	5.338959926083049	5.431717820525072	5.4146385863505255	5.476969297423592	5.064024715944429	4.685997502016013	3.8123069771994658
HYI	5.19753169918393	5.342344243337426	5.334328913631987	5.35306513557991	5.447100317998088	5.239950375945847	4.9792431804445165	3.431930312515836
TPRX1	-1.3248626977447904	-1.5810630850952418	-1.4386834671858602	-1.2998255360144915	-0.479200686461302	0.12111385953803006	0.2845259140638336	-0.7936823749729065
GAK	6.469225351486893	6.516367939749816	6.571975660246124	6.533544247180256	6.52037243158723	6.334928354616379	6.505402171480911	7.58061052524188
C1orf173	-4.308332239710237	-4.275658866023473	-3.3487886857226172	-3.761577266381749	-4.55119625979765	-2.3513237043640203	-0.8265479791868529	0.2854865641162202
MRFAP1L1	5.352792175795756	5.256280054979656	5.0613156212645585	4.781635599835399	4.307653080352585	4.776047901237909	5.008514496143194	4.931854584539083
SNX18	6.0143704042003625	5.981655878103082	5.764470243224023	5.118613143475557	4.350719595140751	4.507863892551018	4.854626131127548	4.85102881978322
AURKB	3.9276517813895264	3.918239843010147	3.925702946549749	3.8317399292973753	3.635792340680637	3.5691795497719045	3.9664542496222204	1.5053765817714377
C3orf38	5.145635621840043	5.0485576605548665	4.896492382634668	4.6932946525265375	4.907627826587696	6.370684656158023	6.4766024918367755	6.445580377485284
TMEM107	2.8316156822265857	3.188495886498746	3.43861573408644	3.164036575302958	3.2322676318546564	2.811706924930386	2.5506909798785893	1.391202502492941
RRS1	5.398117655913185	5.300034434668557	5.22208906779465	4.975870289378106	4.581033115409666	3.485570598184262	3.9632280476936845	3.8492523745862837
EXOC3L1	-0.6347736715800074	-0.44976272687264957	-0.5485852138221519	-0.7829055113561001	-0.20443054200266897	1.4611040693463355	2.4241169691671915	2.811196011071056
IGSF22	-0.28496529822552213	-0.47448804489131013	-1.0213757420409775	-1.4052605493532346	-3.0288374080775293	-3.175878352811578	-1.8878327025525805	-1.16755547441675
PER1	3.9802747317284033	4.148127712824442	4.235573371612178	4.030617642637797	3.9332023030565804	2.25430707198168	2.6657502734974265	4.763035676276731
FARSA	6.515673374556883	6.5901563157860394	6.57077721757115	6.58827326906134	6.431415162847318	5.198486062819708	5.417943837871462	6.176926396240448
PXT1	-3.356944968721133	-1.5484793793421503	-0.7056490105792831	0.4773723935864126	1.7318717751085684	2.426117690662759	2.1988202488497155	1.9340476261478303
C17orf96	3.489655228592939	3.3579239738993216	3.821017413343606	4.2992373741754655	4.653944940078074	5.151839497406073	4.964530591060656	6.077587217930798
ZCCHC5	0.1835572841687663	0.10027788886181145	-0.07616704738684113	0.14988290146556063	0.2675178128913489	-0.7911288029210978	-0.7968146302296293	-1.3530307012206397
WSCD1	-0.926572663795382	-0.9277767436285839	-1.102759466989478	-0.8769679335189273	-1.1891372005041148	-2.8906469563903308	-3.114257798004925	-3.152610154102664
RAB39A	3.6491623524213175	3.724309499719035	3.5921754037140268	3.507125960896885	3.545261009743718	5.490817875961461	6.121841156374943	6.291512429444495
HLA-DQB1	2.7867130352657776	2.8871232669202795	2.8610657871976626	2.9158102682950804	3.009842635619138	4.369452170774766	6.089907623813554	6.580721838258421
GATA2	3.818321504575012	3.993862772259953	3.9714490529325834	3.8814423755506127	3.492739872176375	2.584881126181681	2.617118589165986	2.7810158497032353
ARID3B	2.849060506142462	3.0249088946776963	2.7578846668598054	2.2637046788524753	1.8511049272615931	2.0659461627262647	2.8000907755206343	4.279806654282728
PACS2	5.6318842106514175	5.758395799102884	5.7893527010408325	5.74364456121804	5.7425839440055455	5.146636442719261	4.722164235870716	5.056553133236179
EGR3	-0.8428325437101906	4.378126951866776	5.600163677282733	5.658636635076101	5.806251357347554	3.4573258084378446	1.6163688434079988	3.7286133693798833
GPC5	1.4034557573850592	1.3780365437002642	1.4049298731059081	1.7211170217871645	1.7276666416467406	2.0373504831730043	2.4386971126737853	2.179883586197631
GEMIN4	4.716854178815838	4.724197472707848	4.701239542074189	4.558156989237423	4.244418237522446	3.636756195587518	3.746144869585481	2.8224254032289444
FJX1	0.21449399672038635	0.36398801093989813	1.8496208251527957	3.0054415604152065	3.6931260258008667	3.326129166428778	2.420097356940466	1.0127734765052796
KLHL28	3.55661915279324	3.5391154499882127	3.5957081731477807	3.4172899527737193	3.4318223339286305	4.276581126715213	4.145932061046274	5.230497973530094
LBX2	2.088930458200977	2.003685743157984	1.7028680376233498	1.7237494272406626	1.6676631185017934	2.4283397221477006	2.828632451045526	3.2547130632323507
SLITRK4	4.763718475037573	4.650927500994035	4.509822069763869	4.29600327593511	3.9098889328717945	2.832744507904292	3.506637203640424	3.975816041841471
CIITA	2.324179154580322	2.482661687085088	2.7790008005854423	3.5474334426382343	5.151588294637232	7.7012543698861835	7.074159698285142	6.108302071885387
PLD6	3.702247275616966	3.7791535525874065	3.772917593772346	3.409392104534664	2.6406575367568283	1.0868765082021778	1.9756080149384445	2.7325785389394266
CDC42EP4	3.0108535251561483	3.0633925930289534	3.2255697748874494	3.126168319940807	3.268500352291355	3.470918524944505	2.9488985931472778	1.4727908680874577
LACC1	6.017990252065027	5.985669349475644	6.053084117783111	6.26585820421527	6.351531069420172	7.332001564391618	8.158435222108839	9.91879449842007
PCED1B	2.64600282814965	2.732043154178775	2.5270601169140887	2.30106931024757	1.7117073963189027	2.1297518866659817	2.4806344658045685	1.1430215222725018
APOBEC3B	4.763914106076852	4.742837954610032	4.702836193495466	4.743496165131526	4.777980971789274	5.513316586817686	6.087401881519883	4.919762597437504
LRRC3B	0.5624282199507576	0.48600333288521624	0.4722616712312467	0.6690344810855786	0.08396448955233386	-0.7988710355518469	-0.27172877290698266	0.3387896199102499
MYADM	6.577554725565983	6.939863171701573	7.2669410152075375	7.336777746248872	7.449172009682654	7.034551471601523	6.393761239438726	4.557559276517672
C1orf200	2.630838498493765	2.5174919018684463	2.326332714398277	2.5115550732754937	2.7432227324614944	3.2249260785782825	3.281292801615765	1.588248981474978
CITED4	8.354448524990106	8.822433396117987	9.354835046533118	9.399085559303558	9.500799646268288	7.352284962825434	6.910699049887736	6.422825431127098
TIGD5	4.739375514644625	4.636089600030308	4.661534384309667	4.113677813474967	3.8072621270501354	3.4134305585165547	3.544021098281469	3.617450344399234
GPBAR1	0.39583265305659204	0.8728901933799862	0.5386327675099638	0.3361892822067266	-0.18742234131250068	0.048227364212217017	0.42639277953723764	2.357070868333386
GOLGA8J	0.7371361280890683	0.6904833634416758	0.1851558578528346	-0.26675559547922023	-0.2782389840174335	-0.34770225754132544	-0.4304392384351836	-0.8049870685149002
BBS10	3.3623868417399505	3.108908323239466	2.9087708605196183	2.6340583956850807	2.1400249830340226	2.7820996077993194	3.3774174593430706	4.03353958097361
SSC5D	1.1561260765045418	1.2149149034908744	1.096430606449482	0.9479938072227327	1.2310794499584259	2.163265838135886	1.7005113482269132	0.3389808429880943
DCTPP1	4.8780745619159	4.886919389313002	4.93987251914329	4.96777312081776	4.812590651321164	3.7791879804306423	3.6203573185055697	3.769979984915371
CRIPAK	2.4681927698169313	2.657936947049756	2.5261339075966562	2.2876827775138424	2.4294965512850153	1.8768170641823958	1.6872446404576613	1.3272632912441331
TSHZ1	4.323990755601937	4.347443898304425	4.236606989731763	4.047470040811712	3.5796957870136055	2.5871737647036586	2.800103347761406	2.5959552563520427
ZADH2	5.2118095240114135	5.086012918427526	4.9790793650508895	4.794702819586947	4.5556032157992234	4.0231062425675335	4.194520440308839	4.222414816759139
ZNF48	2.8986068729024597	2.8069779813925004	2.4164517200572084	2.188109813581915	2.4178338663375722	1.9643514273323266	1.574766951179516	1.889284098185172
C3orf80	4.469871409476298	4.4284658484643185	4.53304850495306	4.198634337893871	3.9053827998318633	2.7493708142447613	2.3036029060043863	2.2357771852298094
TMEM150B	2.154520198200842	2.4675873010306915	2.284202465031604	2.274942684590214	2.5777912739135953	4.003205713610608	4.57493260353046	4.844132645761755
C10orf91	3.953123596316262	4.047091111377389	4.009874527438429	3.930380592913357	3.867827362376018	1.9483156065137166	1.2518672586188249	0.44991929422182386
ANKRD18A	3.887680822113965	4.138771136423381	4.325876373889294	4.6622170637172315	4.991904106584373	5.267286503398065	4.895897436810331	2.1506807547528126
TMEM86B	2.0115600744393443	2.0101169345823866	1.7749621664997977	1.3922015910030892	1.6176310185383338	1.7038352425001961	1.2412980618193	0.9455533425232531
TDRD6	0.43450179150271784	0.3554966197780236	0.24921771211499194	0.6820206484096472	0.2893215978677304	1.3844453537720676	2.315607683645286	3.8161411586763654
RCC1	6.138799018569233	6.198209416853128	6.191748053186419	6.287821723046175	6.201704793798724	5.485425526832687	5.159200299552243	4.641676098142064
ZNRF2	6.025201278415593	6.1823399241760395	6.3158132670452884	6.2202741104027846	6.19380074007362	6.568722173095746	7.130081445531695	7.9647160463196975
FGD6	2.8620108495614374	2.5798858640353606	2.327549343519192	2.1466145545040103	1.866929308640811	2.7031571361641857	3.311344672512727	4.146440273254712
OAZ2	5.123776551034819	5.1075601316121055	5.120720269445357	5.2416402115289715	5.279414798025101	5.205298910611622	5.32388474912646	6.840357206101399
PNPLA1	1.1401048163259957	1.3452986491975056	1.5968656682088145	2.097372731200451	2.715099368157274	3.088424874688098	3.132801009878311	2.857172309908031
C17orf104	4.128801872554558	4.058919573268373	4.158465763986211	4.1588433214273834	3.8848793752433366	3.236032529449349	3.100699818860922	2.8266795582450923
FZD2	3.181960226103649	3.3535517091329927	3.17283326978961	2.718603072943742	1.7360282731436287	3.0144883436673817	3.18673387765451	3.1370566518178427
C11orf71	-0.19068481278656885	0.2040659023330409	-0.0800134840924748	0.22529328258867015	0.2938556884606732	-0.03157131184223442	0.2726829150984683	1.297113806145693
GAS1	0.5640451328176843	0.8018940121405622	1.0888221386837322	1.0990453306059407	1.2593642280713984	1.6915504917326878	0.9712354700141042	-0.30067410208126044
HMHA1	7.65159769581523	7.771268856647314	7.795095028823978	7.543708590618801	7.357580510368024	5.829921528653479	5.502582481585163	7.7964567275648635
KCNE1	1.1706309634394039	1.2875425227398558	1.0630891931311013	1.1943063226508803	1.2107496339589534	0.8206711971105087	0.639001119329326	4.382789523938734
NRIP1	6.846642938142085	6.874971749167081	6.734471187170592	6.3038046534204675	6.013465465627216	7.343326990636331	7.691971498057239	7.876872719774495
C9orf139	3.077814818172598	2.440726554823443	1.9462438368848058	1.3079096464797826	1.0299429948555985	0.558896477901955	1.4322717381751733	2.599772015753997
FUT7	4.822302735780523	4.620574382198613	4.410316172277046	4.028683909904088	3.4721033749659416	2.3562436725835187	2.779337723460606	5.04554425033239
HIST1H2AC	5.631283522238037	5.721796266028899	5.4873162239848945	5.473620996717189	5.624704405342823	5.860547370739744	6.038509485459181	5.233881942366708
SKIDA1	5.114748768289452	5.1502974146275085	4.462403852115885	3.7978485357118466	3.717446584688794	4.825320155126544	4.587950642751141	4.233618224261141
HIST1H2BC	6.389133096140582	6.4346720513588185	6.4044924498201325	6.430745060275804	6.629192937805588	6.955149306504211	6.977978284631039	4.837612376298361
MB21D2	-1.0767642360491991	-0.4399568393740947	-0.5744879214302403	0.59623422507148	1.259472632037483	3.155079745629835	3.7091714438244985	3.8707959163800356
SSTR2	-2.385759274694828	-1.6970385538771149	-0.9071804281444394	0.25044311236779127	1.41180431484656	4.444735411146021	5.119608087165808	5.625364607229527
PCGF5	5.756852241354289	5.658148158054823	5.63799011234318	5.601150199589018	5.855400925441057	7.170976820312617	7.50828726686542	7.64482703679693
S1PR5	-1.0063256476743785	-0.6798145385608101	-1.4589793205668622	-2.2668190429478203	-2.751178474925582	-3.4029707990583775	-3.7955991429202256	-4.23802104991916
GPR157	2.935347825694389	3.0139537733664548	2.950081801934938	2.82400738518417	2.8967302855522865	4.923137439826901	5.374644249502177	5.3308965760836236
CHST13	2.713837570474176	2.962976307965125	3.013979004149072	2.757651213273588	2.7020346627182468	1.5848091040108792	1.0054749885690646	0.9977188969011153
ARSJ	-3.4989380941360495	-3.796091646439256	-3.086036938042547	-2.7269439737222534	-2.4530009924679175	-1.9728850329987728	-0.7209730176047745	-3.152610154102664
PPA1	6.394457276618638	6.352104150286863	6.54805427427087	6.823879323012601	7.141905218434825	8.004907866322814	8.207571324781707	7.907826460979907
HOXC10	-0.7250639262984614	-1.1474197684733016	-1.4157606209678693	-0.8293786506070762	-0.7551573678856142	-1.5459637021282027	-2.2025194388777614	-3.463188313936149
BHLHE22	7.272980862874826	7.4983479286118495	7.778890293548697	7.940700166152408	7.957755452714437	7.813508461967881	8.262529475755834	8.533619826354709
MAP6D1	1.3780912876291935	1.4226415697910968	1.4719352648052002	1.2796901735340036	1.0597887360727585	0.1698435424630807	-0.09769277251152902	0.09479896951843772
ZNF443	2.436671792210988	2.3782823865491514	1.9676301885922718	1.4207278430582129	1.4753852142869053	1.4788918803862525	1.4755115882934464	0.12318012859754998
CXCR2	4.5328545375877844	4.610312769564946	4.282571931954285	4.068695780407748	3.0331619043863567	2.283348676043192	2.718880948220438	2.640229139497989
ZNF792	2.4798350764371073	2.353070074193566	1.7320109366537304	0.9299745412237804	1.452202442263532	1.8127467820959082	1.508308790265226	2.3559408790589567
CUEDC1	3.338049393714901	3.3025216808020357	3.1954243782402854	3.1075503846621952	2.8453850286500337	1.8251396563502185	2.2104736194746897	3.1850592318666515
OXTR	-0.08346049499533274	-0.07089604940394906	0.40740439819957514	1.0833680058693962	1.9798506846095045	2.9933325932892965	2.449754811331842	0.7434259966124681
CMTR2	4.215793288158649	4.145659370529635	4.004970819249417	3.597207310913649	3.1383030629647646	4.147306101196604	4.1713770583204015	4.204408143522798
ST20	1.871153034280079	1.7101223049234027	1.5961382563231994	1.8404636703318098	2.17569122106309	2.2973635445203895	2.2561156165073806	2.765658912680501
BBS12	0.9541311967224232	0.9342207639081237	0.7383952644889917	0.0314358650143141	-0.3329793709770148	1.1398114904731624	0.7352445319328518	2.2829603682023185
ZFP82	2.265406919415427	2.0350768680981437	1.6430220183683257	1.1052058562326383	1.1096044995431793	1.7654735549561	1.5193155051395735	1.1690947168456447
NQO1	5.89634044651743	5.773669747211537	5.687565934914959	5.680681482279875	5.610346323114328	5.800862282679203	5.783802343164663	7.3081375542747615
AEN	4.978991158219199	5.100311017738473	5.255228634338026	5.434509887682156	5.475350294173813	5.176764143311944	5.419308512561682	3.9208962872677393
SLC25A42	2.081642899762546	2.2717978367375142	2.2162786377530557	1.9627974566791053	1.6052482237617371	-0.21855500488997226	0.08512716631177028	1.0334256381921727
FCRL6	-0.8880418934019676	0.2761681605270435	1.5871880517227908	2.42768717063871	3.1591988834203297	3.99485070572036	3.4770732391151586	3.178951209216142
ANKRD34A	-0.45290628897299834	-1.2006813875633573	-1.7720487271979517	-0.955534755108723	-1.042320282314548	-0.35149899993748523	-0.0771525899226797	-0.013423925282456978
SLC26A11	1.5373816837851177	1.6601548177430503	1.6099062132540494	1.4249722409937644	1.3185803970270442	1.4524943852273613	1.8740928996869104	5.758470056607144
ZNF746	4.944869875669515	4.968860157846886	4.862115579412045	4.4566544663566425	4.468466520014849	5.214153537137831	5.406093347277487	5.90553146908691
FRAT2	5.640866363021836	5.493064155775473	5.1262617713954075	4.43682929723479	3.3079857536909865	2.512966087362569	3.1577623440784945	4.477602533262919
TMEM102	1.7997326904712228	1.7469122128902554	1.5255832765444195	1.0079135556316958	0.5517971546718421	1.1171011273500406	1.6644020759166132	2.3290382659803237
HEPHL1	-1.991085647060589	-1.6105645897415548	-1.5005868416681247	-1.218230519082511	-1.4650844272680525	-0.42358009226697074	0.2543249812501872	0.39090432666255603
FAM211A	1.6123038890393344	1.2592861914178761	1.0212691332542	1.1042318016333834	0.8761936178775629	0.4149339743639802	0.36186339080880164	0.578785147607641
OFCC1	-3.861616103998971	-3.996734959894804	-3.187528026755222	-3.1640708306912195	-3.076402572588926	-2.0496191534086083	-2.83920680958797	-2.169467147931779
CCL13	-3.758363643166041	-1.7776726038410353	-0.9604036233993353	-0.8378817260565634	-0.5577741727662062	0.5211803113678439	0.702251829369274	3.05875767156691
DDX60L	7.96281602906368	7.860179961068834	8.021449946969241	8.309159105730068	8.96158516846197	10.241972653148515	10.402254006920487	9.931252027856065
AATK	2.8694401123344306	3.0040037868284877	3.000758196184995	2.6603427751025066	2.440130385264559	1.9868546457504397	1.865265574042801	3.302592862689761
ZNF467	3.7367387894066777	3.8205042973460044	3.4384686364697123	2.7585935666649575	2.2976913262942467	2.3107939206973604	2.7411885505310805	3.872264302447637
RNF135	4.780829363586674	4.893498693383469	4.65702373881784	4.1777786509929165	3.5852067418065356	4.099939953473404	4.725035149502233	5.964180861672111
SGSH	3.726484894040573	3.802881551569312	3.3181272189214774	2.993119771792835	2.899189390868945	2.5768664861145654	3.4587856716411456	5.9860156612086595
FANCB	3.6900121579592335	3.4932513633799624	3.557902871220304	3.3746446201198723	3.27950862776209	3.469503034121038	3.4555059997904922	1.904620376251256
C6orf223	1.0608405699102956	1.278702312879231	1.2790227748354062	1.8410653610730143	1.7795797423219746	1.4585730353060418	0.4852926275245894	2.2340176839051704
MEX3D	5.040968625192935	5.1756729290839605	5.292386347285655	5.054401695297329	5.168986240450353	4.78360466769824	4.285761312715862	3.6317318332418105
FDCSP	-4.269858915217961	-4.55119625979765	-3.242827535061205	-1.6057748377831689	-1.064302561543406	-0.6847268190416516	-0.23455971466282818	-1.2372487674814414
TNFSF15	1.7841652955710932	1.974069396995538	1.9037932534286355	2.82181461286341	3.712917310614734	5.975445208964841	5.3475414452145955	4.021036734632652
PHLDA2	1.4216524574428475	1.761485534461271	3.089274398156535	3.9160558791399787	4.267878382310977	4.003651648266689	3.9029184971840296	4.23229790869133
GPR88	0.008302307297826633	-0.20132869516879637	-0.20707534349376994	-0.14478397769759646	-0.634250702727428	1.0375880056799869	1.8498469287471977	0.2106168061823143
PLAG1	2.0299523547554097	2.0302628766516393	1.8014976453200084	0.8723675212551018	0.6058068175193643	1.9571082683636072	2.268519875864837	2.208183603880803
C3orf58	5.491611797183567	5.496379665509178	5.389016897864753	4.909700019183957	4.368971582290368	5.363650037568474	5.263528502014843	4.364111588268292
AMIGO1	1.4947744574371562	1.1972824748115871	0.9243171565611628	0.509268408239987	0.6697752948465338	-0.28541700008904436	-0.5657649985808881	-0.258099279867668
SIAH2	4.9188403162881444	4.961491959949669	5.240536573195646	5.57067302137852	5.981986009528696	5.322241458973915	4.939714380955936	5.020645420400363
SLC9A9	3.181592924906438	3.082139973664483	2.6199145403539705	2.521167393806461	2.1283335397693146	1.62807485735738	1.593915506823707	5.287608228488627
AP003774.4	1.3061903908123305	1.3988886855180889	1.2497950311571167	1.2490047278987388	1.0479697240760264	0.5464756633359011	0.40580485143941225	-0.14331983768829207
GINS3	4.094222143131944	3.999337568407226	4.133438108925917	4.089334279319503	3.892760206937794	4.308134606375372	4.121479657198679	2.7535588589659605
OR52K2	-1.9742344786440662	-1.8826490666794866	-1.515089385500706	-1.5032779695161862	-1.7122499350472409	-0.2838442382735286	0.10862581862695374	0.4957749057037816
NEUROG1	-1.2172515802525503	-1.3406440272075189	-1.5142127353917036	-1.9881875665474573	-2.4984751758531	-0.9956470145064069	-0.7953446077486591	0.6799688108202205
CCDC149	3.8393968022188156	3.81007247728097	3.527086580769249	3.3759204155571507	3.220860417586236	2.5387248533009092	2.5846456216450227	3.2848735886086518
SNRPE	6.196700680501854	6.142612828000495	6.289902281104887	6.429799370846029	6.469837249075902	6.459184856239995	6.305910004404541	4.959781586251344
CHST15	2.5845273210913002	2.4060772129966184	2.2062406116006574	1.7866075114054105	1.3674667730984158	0.9287773366829579	0.39583317791758305	5.8731070301419805
MGAT4C	-0.3797691844077226	-0.040806377145167896	0.4441579208722635	0.7391358895867852	1.4313750193087054	1.407277759365497	-0.14729208638742847	-0.4018537261373227
PTCHD3	-3.2751447336026973	-2.0632995149196605	-2.1228142989305203	-1.5277924348829495	-1.2263609405535816	-0.6104869622769022	-1.212775038564727	-2.545842170528359
WRB	4.051725215047794	4.013679258341353	4.004311229515247	3.901359641390431	3.929782400700099	3.3109444396004175	2.238558186383554	2.163775238317759
FAM181B	-0.6808674514687171	-0.47438324536116816	-0.7958570342549491	-1.9048298870141431	-2.6308938036259533	-1.8590751102602197	-1.5753079420764844	-3.1243381347705217
DEXI	5.166796148575927	5.317171831944396	5.353444606325283	5.225036590073647	5.159870547437083	4.099146476836339	4.0133480988234504	4.384649097731058
CREB3L2	7.030449051531761	7.139971779469443	7.179415463845134	7.059662924582009	6.881088917558534	5.685156246240984	6.107618387700665	6.760010894080065
UNC5C	1.1867887924340927	1.4027375917512306	1.5707415297834209	1.553974541349147	1.620297927133603	2.9259734921471887	4.245993200413482	4.263631432049784
RGMA	1.2926958700751578	1.6998994319719056	1.798762148728915	1.5560882865767613	0.768918411923037	-0.3899521724224797	-0.197505669955194	-1.5455984850292368
UBA7	6.147780694551374	6.2349274913349975	6.086381728842641	6.054480587671497	6.161576618433328	6.847366631188345	7.1618343142523315	7.638278053860829
FAM159A	0.17912764344533777	0.1640298685192001	0.4543437519236208	0.08824694069331467	0.14474535008075076	-0.29725407154760813	-0.29823321382604306	-1.5094335359808624
EXT1	1.7791270334958345	2.051799636039272	2.152040308174195	2.25452813854349	2.507388058235108	4.803649489383666	4.363301196992364	2.9664113809830948
HIST2H4B	7.493993037263797	7.279783706367541	7.253003026454833	7.024238639622688	7.123062603311176	7.613812376742563	7.807431434389407	5.53010770627127
ZAR1	2.372089357847675	2.9940054796754136	3.6493649496927407	3.520318294451233	3.594246920701684	3.54356932628695	3.510789218061694	2.151780687511958
UBE2E2	4.592656067130099	4.620353754054485	4.646221389037471	4.786172680586946	4.78539308983159	5.518074886565231	5.805095095549557	6.549110034722936
AP1S2	8.042840204380825	8.01182262429113	8.033277580221561	8.059433453571277	8.084173810682795	8.408837250755807	8.675773956552352	9.035980402874447
SGK223	4.883686970718963	5.1228056649333995	4.86962684809619	4.147653854677616	3.418172632615286	3.4152980503727877	3.204072957109692	3.4562631059201623
C1S	0.6046849601477089	0.5857491271242476	0.8634599310307365	1.4108940620851467	2.1780531708853568	3.3046715504385906	3.5790045769978662	4.302361646953493
YBEY	1.5786057525718005	1.6629738637115157	1.6327955598134498	1.6988374366900532	1.8872098932487211	2.0632552553061534	1.845765680086946	2.670412405548297
FAM27A	1.2989905286560968	1.87681832692299	0.9521983886571355	1.2811197529353535	1.5186603289596388	1.3875711852134929	0.20978040584046087	-0.32624131151276736
PLCXD1	4.410840445369443	4.560728445313209	4.501137738922415	4.382620701829538	4.17834054510962	3.2175967480926135	2.987897641909787	2.9924748324455224
CACNB4	3.6010621717665368	3.4632026725326472	3.3705991124573087	3.353543448197364	3.2891722209830334	2.3938139316010476	1.316561505835669	0.8159126335792195
IFNL1	-4.551196259797653	-3.4403893408863597	-1.2925403174619452	1.1368454010535227	2.074578451383678	0.37569866754355685	-1.1621926690537396	-1.230633197611016
TRAPPC6B	4.693342865903142	4.6152354860927876	4.6315947476943276	4.6939280895698605	4.611797092731408	4.549034172632071	4.687580475365904	5.566279197970712
TEX19	-2.2240465695672453	-2.3317976121974904	-1.1320641677568193	-1.1809464159826413	-0.6203672243482389	-1.0612523118156019	-2.1577821311234606	-2.551076535637864
ORAI1	4.421149810010206	4.599186540252601	4.728202198917735	4.771066903570916	5.151977122654735	6.1600347219190486	5.980056288002913	5.4712415351929105
CEP97	5.094169025133604	5.059884187355235	5.1288960726897885	4.832236400452205	4.268426128710712	4.1308969252955805	3.862051402499556	3.178733054036162
LHFPL1	-3.6675528610700527	-4.272272353668981	-3.6736562637720187	-3.392667698093091	-3.2220649690314254	-1.7229629264077246	-1.2230366153117243	-1.78881052011229
GLRX5	5.1565118437786985	5.134255156985564	5.158617986344085	5.302620621973503	5.233089238719089	4.6216376653870945	4.300711647642039	3.671134059009843
FAM104B	2.3379220802450096	2.1606586482683103	2.288379390980463	2.411875586672722	2.355050360299243	2.272351418521098	2.0857262431971084	1.1483389288723505
TBPL2	0.8168461250412533	1.0634364202883	1.2812621548068805	0.9668926718003752	1.3423603917826423	1.4907937680141332	1.7319694978517404	2.0845579969671233
LIMK2	4.5750118114715725	4.683405523044659	5.557287597086967	6.612883309446329	7.3325054601099335	8.300232397856096	7.77497767316363	8.172883798675745
SPNS3	3.5252350596559636	3.634984489611447	3.7005617251681375	3.6412324754400864	3.66359892612434	3.3195080457237216	2.9243848327052193	-0.2635029040157117
HIST1H3I	5.787568603788571	5.872783903016274	5.480472141333385	5.415572035388578	5.580519921747349	6.0074460030415935	6.10477098561223	3.213933025365508
CSF1R	8.370690683185034	8.437490083433786	8.205190762885593	8.076174242728456	7.995136070770016	7.957177199323634	8.284603972425305	9.602981801975297
EPHB3	1.5095471379108385	1.6325213273017152	0.8610753882657631	0.1386482412406847	-0.06819401486677366	0.5364042936514157	1.6347925759588036	3.8056572871737337
ACTL10	1.2199082637603471	1.1322827867195868	0.9307886237467305	0.3080493601514261	0.10079667728003625	0.19036365456069437	-0.16766539786520834	0.46684871017284363
HIST1H2AJ	5.9414037005446225	6.060502251002683	5.957037342477918	5.938622763973642	6.060909664922152	6.362791104526906	6.422423020434799	2.739367642096666
TSPAN10	-0.16350784703223833	0.08701887716002252	-0.3417766714138357	-0.9017588499753408	-0.5320953141691089	-1.6103973589612386	-2.4490498160532246	0.2075387072352104
TTC3	7.2675878143597705	7.210296790742028	7.2485581071806795	7.285220298539497	7.2993386811985035	7.079179877204275	6.39052246509071	6.126699338798603
PPP1R27	4.8293200933365394	5.017237237268695	5.306850491209251	5.257195282049105	5.294153107956845	4.7938947508869845	4.078108085719501	0.9476333927583867
BRICD5	2.893210812844009	2.438126979831468	2.2049565275663383	1.915784799673799	1.7482722924867382	2.1250105219962285	2.057842191838686	1.7698833073748772
GALR2	0.7635317978359881	0.8258342903887752	0.9679887672571139	0.651350894264114	0.4914502554948442	-0.44906872979593687	-1.0936327913786914	-1.2383830406884033
IGIP	2.7375290505856804	2.392154033208165	2.1790099808884844	1.99480933602312	1.7866660672795267	1.4557275092868915	1.6197199930300314	1.186125143533129
CMC4	1.7644838678192984	1.622333842375465	1.5660093774052608	1.579976540990751	1.8032133466540194	1.401031451246865	1.059358493275179	0.6322364813091887
HOXB4	1.756024502188617	1.7276885488269023	1.693133195166428	1.6036087448676637	1.380330462909113	2.469818069821537	2.5244485695695373	2.766729517345254
PAQR7	1.6595582800844246	1.8224984891008655	1.569866065533839	1.1831116735282738	1.122564438607602	0.5145607612600539	0.4889790368743169	0.8910716247223404
MAFA	-1.1140609006170006	-1.678900214580587	-0.9204024173955067	0.4125736396381751	0.8566242412930702	-0.2437984879682244	-1.0774046923032616	-2.159382968066189
HCAR2	-4.551196259797653	-1.5559931428364424	1.145322632842698	2.888556902772779	3.7581669204954045	3.810415801549154	2.51455557674303	0.43401933854508346
CRIP2	-1.147201787091713	-1.118114493141065	-0.3615943954485543	-0.4134395812016894	0.06883876075062197	0.047758669253130104	0.22524127647555225	-2.065398108415887
GPIHBP1	-2.6244399814053394	-2.426229485153174	-0.7068729400311934	-0.6721181911905966	-0.32810088452753816	-0.8320563501636431	-0.05454256431591227	0.3859938054596841
GLUD2	2.947180467048207	2.9433157607213207	2.8315257633722313	2.7153221002583523	2.5857329248412553	2.390557929876655	2.548169845147394	1.7967560663748232
SPATA13	3.6736133014965833	3.7893089450977806	3.7158734517653693	3.528507723279963	3.364870917425437	3.867781154074959	4.6348445013689155	5.804583093295777
SOX1	-2.454703910016274	-2.0632995149196605	-1.8859843784068713	-2.10605412502698	-2.895615021276249	-3.175878352811578	-4.247323298958339	-4.551196259797647
OR4M2	-3.168629528651545	-1.6716791013086074	-0.8950467995390676	-1.6174125217374313	-1.8158518448336323	-2.563966891636107	-3.5232755319803335	-3.160718782275824
PYCR1	4.713581137745162	4.846525348571138	4.737419579112472	4.646994301864822	4.598942171913238	3.8507518549194035	3.225519799527982	3.20392537173462
SPNS2	3.4268016823073233	3.5579412651910447	3.372317621659361	2.9617273298544995	2.741621228680626	1.3029847191372754	1.0640789437858662	2.1505546812332206
C19orf59	5.159970104908236	5.155251460683251	5.08090640949311	5.157656647948816	5.125473341299176	4.7135015293764315	4.318955477945655	3.89533436771035
SLC8A1	8.109137428040565	8.051651740978874	8.006694455501489	8.008635919906396	8.001629221122919	8.006778773029641	8.361691059978138	9.590555975772524
SLC25A10	5.493678922450354	5.66884582005369	5.7358114461865615	5.621362214793164	5.556549489383603	4.531328814392246	3.761447417667931	1.5211443700066505
AFMID	4.071724457912248	3.965095431557173	3.982977016654885	4.019415897432344	3.8323940937834235	3.247985223508204	2.9045209366381086	3.451457071963328
GAS6	4.6638311688578735	4.810730420001181	4.891845328840988	4.82798935582897	5.086303655131198	5.6013524509449315	5.840585984365585	5.717166959054001
BEGAIN	2.390601376530405	2.5564686197176902	2.8216490875313878	2.5950090282762694	2.4363189769072155	1.7177565338708654	1.192613504606272	0.1369626603673198
CSMD1	-0.47387401305308663	-0.42480129840638203	-0.32513152841740506	-0.8215798589504723	-0.9908534867120935	-1.7264604398785952	-1.8197755011812244	-2.021303900303497
GPR19	-1.1734955520956891	-0.47001620458110954	-0.8533222647158948	-0.9177743038172157	-1.528725527502655	-0.684511136293133	-1.2179038351878901	-3.2913117321229577
TMEM119	0.7213557037863328	0.6657356942759012	0.8580984726309455	0.32406794389568605	0.448114064165	1.0737680330279171	1.0262772884603175	2.940501307790502
CHST6	0.22106572684680964	0.24098465532692026	0.3798752950211066	0.25795329163482106	-0.050554886082019856	-0.8340670518255849	-1.6476935334470277	-1.9506429092086546
RUVBL2	6.401438974052439	6.452267863428716	6.576953587113507	6.668637651842071	6.753164625697164	6.391528387715155	6.046459589458803	4.524146684835302
C21orf67	2.893645121642211	2.9836193318530233	3.1433777213960603	3.061260804534657	3.0310089305551395	2.540369149067617	3.2198579853069074	4.9593562278592405
ABHD16B	2.8863050179356677	2.7943160157467464	2.700880137225308	2.4365800491545873	2.4112568345387446	1.9601330490694697	2.387823177802198	3.9848457007857663
FHL3	3.224793766354186	3.333406409864353	3.2359581114163056	3.061492029328152	3.2148061005269275	4.520650500779819	4.588607214220557	3.9917219521046996
XAGE1C	3.732701843624403	3.917485746714159	3.9540319249101845	4.47686721429962	4.592903999775816	4.387848023208736	4.670842470151064	4.870715848547636
TREX2	-0.9133157991819423	-0.6376419661807742	-0.8576158054781827	-0.752276176341285	-1.2313708435897355	-2.114052810241644	-1.3105960917035975	-2.4675002380512057
GPR132	4.541003589569527	4.992869770323452	6.389997771226378	7.392611100622549	8.102577795871957	8.627152958494701	8.6573241238432	7.8283805235543085
MX2	5.495837630515349	5.757746517316838	5.666645824445879	5.920644139892464	6.304538352010072	8.867974648412993	9.549674421258748	9.65758199317211
FAM46C	-0.06836417038668574	0.37288151235907774	1.449118270964418	2.368205554999315	2.6362441708223265	3.7900360719525272	2.7159037121938936	1.3784001508136496
ACSM5	-3.3413776250592093	-2.7250512875922075	-2.954084087987889	-3.1850950775893816	-3.6846210366285375	-1.8010637914513237	-0.966912554121814	0.29419879199940024
AC131971.1	1.2958138045432057	0.7995856188468398	0.7864587434222486	0.5614814443196887	0.5935487447173676	1.020903717564086	1.1036069770642423	-0.05803431411899934
SERHL2	2.681146357875992	2.507063688769912	2.427805591096173	2.4750700486391493	2.3377266200812312	2.0129196500017827	1.7575918430636432	1.7870145665551753
ZNRF3	4.249440699993016	4.4243588130753535	4.634070413221885	4.45519672869241	4.253760452839794	3.2599854252609015	3.0348900819201603	2.9720945300842496
HIST2H3D	6.808548433468772	6.837851343111587	6.704780189968533	6.399825275178944	6.6435023976394305	7.0648705664464675	7.166586937342409	4.0040298628311035
CCR3	-2.086182087022247	-2.5563394193452327	-1.4377336375455663	-1.8139316350022483	-2.1385488746920105	-2.8643405348893722	-1.8278361234690474	-0.842507223825271
GOLGA8G	0.10488443804178357	-0.008460159321262817	0.18436018981237345	0.5913828816077187	0.41887443067780294	-0.24109549675718878	-0.17822249410956775	-1.69975026317751
CXorf64	-1.0016696596151187	-0.7912932405060042	-0.5636569919084384	-0.6181303399577426	-1.0925591067451879	-1.7162639745846728	-1.3975003096864032	1.6361271855037343
ZNF530	3.2343511038315618	3.1487695382433287	2.8093636739199215	2.4102452392054152	2.373656441520228	2.8814124845640223	2.72117999186892	1.110940097358268
BMP8A	1.3640066077562023	1.6044349076266116	1.7056565533399115	1.4701083350771014	1.4802621509282239	0.5083452105924993	-0.33249434441610637	0.21454688341595063
ALYREF	7.107599144254789	7.18699919352308	7.296245737802142	7.35477879324498	7.353316857317285	7.171096148244672	6.862139302826154	5.716370279871135
FAM101B	6.430688307596781	6.4357385766147495	6.417861103163199	6.406158508284758	6.4437498501934645	6.000568029690863	5.223672751131122	4.684637696644463
UPP1	1.5986505636296517	1.6482777632486427	2.5697614638161728	3.2048954690508715	3.618834102857287	4.039629003846871	3.727583249981256	3.7963615649271443
CMTM4	3.919763562543053	3.8826290572399915	3.980479952797211	3.790485536812286	3.352938726118082	2.3138894523600113	1.8792993098977746	1.6947280500068231
TMEM50A	6.2578456291501645	6.191086303129576	6.23309036023719	6.342427717748842	6.3882329308168835	6.854801634177107	7.1487342796392355	7.300364621288699
ASCL2	0.7110207171193765	1.449180546539663	2.0713014577764546	2.6492075886358526	3.5311185704215453	5.2075099156360505	5.180704738977415	5.15764133708055
TBK1	5.2521079168491935	5.161650386316824	5.2629715283229555	5.431338451135613	5.438238122824	5.740915141386154	6.146337437440664	6.594732193905257
MACC1	1.2635310636263481	1.0844288125524886	1.3791315274475409	1.9124628010130937	2.4604893174195572	3.8968586768539213	3.6960097341642615	2.6610556883931515
KREMEN1	3.964531649708902	3.9880348179785674	4.047703374685447	4.455871457737308	5.0518582040836435	5.836920709355303	5.744360723683667	6.061344090028188
TRAIP	3.5165590782591423	3.5479595979181306	3.479291307989058	3.4262661566940817	3.1125352664630106	3.0521813733990966	3.141569666861301	1.0985280862800688
AIFM3	2.914169241606186	2.8100895491421385	2.915086679278257	2.6982163990143	2.5852248276571643	2.0484563862225027	1.696446606882394	3.0478614230168084
ZNF703	4.724889023649407	4.738990923753332	4.596811100197097	4.220293024299151	3.9421870805430883	3.6159058679642033	4.114288722963585	5.268142935964614
C9orf66	4.128897054870016	4.223494596800521	4.212545474617194	4.182059710996155	4.311122806277476	4.432965484554648	4.73699828846887	5.3357013316785995
FAM162B	-4.1269635433239085	-3.7978397630444136	-3.5494048982082695	-3.6058279435555916	-3.1850650397549636	-1.9137378641739171	-0.4924111480361868	0.4277625861764453
LIN9	5.5059172687485995	5.453933453945293	5.538689933017684	5.348582455903999	5.0468378837469	5.416311590872823	5.528173175053606	3.5496329863570466
ANKRD45	3.394076812250043	3.3495330934203604	3.4897387764475907	3.579008437649846	3.666309312807285	4.629693245460666	5.203581737460553	4.739136101907048
MAATS1	-2.7455814737650406	-3.4403893408863597	-2.9748701980073298	-2.392090188519584	-2.4530009924679175	-0.35663823683144513	0.11655734520842825	0.437734454786923
FAM3B	-3.6680568570699004	-4.55119625979765	-3.8238569624685823	-3.892807731987423	-2.85984094209162	-0.8592461499299482	-0.4440677732526667	-1.2586799604774939
ZNF730	3.604898973881098	3.5600445241503125	3.460958576284299	3.230199856808194	2.9293619288493264	3.6282528684272655	3.534538576405585	2.0277697981979643
KIRREL	0.7218097812262939	0.46874821880191453	0.44710358092392943	0.45224021690901783	0.8573265800500381	1.1820163152848768	-0.13584516913844777	-1.2322565978940467
IQGAP3	7.023353187185021	7.109122973840311	7.057924177705882	7.033138977338958	6.993814373191049	6.491758092209947	6.2991186037781794	4.246318191686578
HIST2H4A	8.98470734625419	9.081860382193016	8.891263142194779	8.821851395684778	9.020844198380093	9.343924086743133	9.580012579421606	7.279273772336975
KCNH8	-1.5744570852504127	-0.9118734902735279	-1.1062144606868922	-1.2199224807633486	-0.8288443460440089	1.2132099729806198	0.3111324667648574	-1.600637513967014
SMTN	4.56830667267552	4.6166211875341885	4.663569486911312	4.59258633501419	4.505675126899359	3.6997254165575724	3.8330744492083	2.9994138652232034
ST6GALNAC3	0.003844199992550562	0.02153148195856326	0.02410221509251806	-0.05007775946205876	-0.32147390727953146	-0.16393077355178526	-0.5459513288172271	-2.3534754526756507
PTP4A2	7.900804264236081	7.8405856263196	7.86099900536167	7.927713118231049	7.921248343594117	7.9831997750409265	8.153513223193553	9.29259154561423
DENND5A	4.50789458311289	4.598003222822075	4.818175083146602	6.045747641731655	7.487566907011141	8.625906622169133	8.334083087425306	5.587888229634888
TBX1	2.625481600141156	2.4475006920314115	2.4880952453099847	2.197476817947062	2.2255461939294814	3.4072297203897337	3.917514767021814	3.746391487143141
ADAP2	4.873177500959134	4.9143639397847005	4.601182183905504	4.459723661368401	3.9569396839763202	3.6193003008830713	5.009238349912799	7.199895252270361
NIPSNAP1	4.4978489790118275	4.529733587776118	4.434360784247839	4.529771760453828	4.418342008996412	3.7187222485636875	3.4134052751201187	3.926048819317022
NR2C2AP	3.3224218746050167	3.2489250064412207	3.147281765430436	2.954054925312339	2.8385117687363364	2.3448456712226546	2.4279452062608122	1.3744249741879564
SCFD2	4.145740489064579	4.196842917256598	4.14410565993691	4.234924726904729	4.0595889154479	3.520668897675523	3.1980660714689852	3.2313064764481023
UBE2F	4.440476508251622	4.3701189049530385	4.405460495210103	4.468841410809441	4.424276252397222	5.030668862182662	5.519617157854759	6.064224214679082
GOLGA6L4	0.9774661721967729	1.041211804832622	0.8787376832639371	0.41207178950164064	0.4874850499700101	0.24789911287421917	0.32318196795679593	-0.3698534809146476
PGP	5.424791578937971	5.550926906867764	5.633425672842062	5.360259606796506	5.173999778456517	4.3975023475442825	4.302804132188321	4.27043081489864
CMSS1	3.9827047884472773	3.9372282062983577	4.094984431567774	4.204124266394073	4.211878222367815	4.32297650124505	4.097966627658442	2.6368455530117982
PCDH9	1.6227616214238774	1.6279155445436841	1.9345252314756407	2.4740920172137066	3.1314962521399337	3.3187354071333077	2.8464798522817043	1.2815529576032763
OAF	5.204079160863328	5.320652472947841	5.532887301599285	5.533426624485243	5.611379666472895	5.149878463836849	4.657684899297442	2.401809045683846
HIST2H2AC	6.6473128733647675	6.670852833405771	6.49194521968415	6.382995106085392	6.639521118075006	6.9964913076616995	7.1462253286165325	5.246532219607408
KCNK12	0.5146591824763586	0.5821509762429932	0.4475433885830238	-0.292743610299956	-0.30387890647206767	-1.035933387866261	-0.6538462393820847	-0.3565047230205134
HIST2H2AB	6.321319684439855	6.322532500441417	6.3372467375275114	6.313634622109199	6.46281384120692	6.842525468182384	7.002424730568907	3.849225757663044
MROH7	0.7669014991317833	0.5378052455834424	0.9880105841902346	0.836297909526422	0.5999772112122251	0.44050279236360534	-0.2872617404746188	-0.17127243972061454
HIST1H2AK	3.3349319882402537	3.496001555490118	3.1747829345122156	3.107981335870379	3.223279334056877	3.2346796254850876	3.461999894561273	0.7043274116288755
HIST1H1B	7.976542370153212	8.045254666487594	7.8894598722237275	7.8824268980621905	7.998683948314408	8.206444761843454	8.23854992307901	4.665967844515376
CSF1	0.32819322165772213	1.4498861345529188	3.5162166389868723	4.814666441288858	5.976021942570706	7.603020767593005	6.968137536420308	5.402014993857442
MAML2	4.486164519559718	4.585769403023518	4.5435860110074895	4.622432356972885	4.881104701510335	7.526086163179718	7.232552012711177	7.120007750968701
KCND2	2.4554700025398724	2.445072240221838	2.4021129723017633	2.4904120024999443	2.3473674958951234	0.6970950161705718	-1.4349271226101874	-2.1114116104217713
TOP1MT	5.294932678873762	5.317634794123671	5.405795865425253	5.657451409027229	5.737176558117668	5.233919162996223	4.861972159811565	3.645575068306761
KNTC1	6.931935224258856	6.901844792096842	6.9620868652042756	6.982054784633926	6.927991337655721	6.550504369564548	6.397614022175299	5.508082914494031
WDR27	4.620034948416429	4.590592744251971	4.558800485019926	4.5389631529602585	4.496653387747774	3.9578028419580153	3.5922753209652285	3.541431166814718
FOXO4	2.369649079372764	2.2326671618241205	2.079376665294165	1.9586176041422034	1.6188559939485254	0.7714445355891629	1.1798096322094718	2.9774189762935777
POU3F2	-1.973054169148563	-1.6780872866112193	-1.8336850213487437	-2.1706115471284297	-1.6803985554956962	-0.0551432798691725	-0.017295058178563416	-1.0755231630649817
HDDC3	2.960515595170805	3.023650256627368	2.8533459736390467	2.9725363254090476	2.607788010176969	1.977154299273118	2.0277010731317624	1.35115144806654
DUSP8	2.59105170245669	2.859077387790525	4.250700540210564	5.05597006598043	5.632196583116242	4.700165099062833	4.302570948770527	4.598783825627179
SOCS3	0.21552745981354127	6.711188515509642	8.143455803417236	8.068430971973827	8.2814365486714685	7.184593622163325	6.4407597675425015	6.084899350884649
AC132216.1	0.8200785126078949	0.2766626542761086	-0.44614269398432393	-1.3482525495660966	-1.2461306511793553	-0.22718046942234738	-1.030944529920327	-2.4039442846946306
LPAR5	1.9082364307053012	1.8651186955155619	1.7054538383458477	0.8804704564827154	0.21610977694432343	-0.6847268190416516	-0.5133766368507308	-0.03255673396218557
XPOT	7.8008150992290926	7.763283798602174	7.7792510244879125	7.794415906558639	7.7792121724909356	7.002466518031149	6.430207114391883	6.430946951812965
TMEM173	6.663838834180989	6.784638665128532	6.779231215730732	6.668713496458592	6.49997024766232	5.596846794536868	5.135142251741458	4.067228833595827
PDE4B	1.7325620376202517	1.947829090928957	3.590959215200364	5.072820705229365	6.225538529268032	6.7670667405405815	6.814990982151414	7.082716751167355
SNN	3.617786529048329	3.6854729323199407	3.933742128971094	4.612667452084228	5.131052725932925	5.924542552698535	5.609114852487389	4.679543038919009
KCNH7	-3.4989380941360495	-3.3134430933518635	-3.6563793674350817	-3.171192282620618	-4.27579220203401	-4.217898341601704	-1.5881486103758427	-1.182123785486188
NELL2	0.9377020310132559	0.7741469077383778	0.9157073541003696	0.9696664989674602	0.7408699320014208	0.39320684002073103	1.7607721888146801	2.07270169050609
FOXD4L4	1.186475444344011	1.1324315577426312	1.2846688033305196	1.4828875359916167	1.8037801144006775	2.4554950298639042	2.361963255554625	1.937869353361206
CDCA2	6.869615250080236	6.79278184995438	6.743514789912956	6.474108358477043	5.957017957072231	7.041360907433807	7.237994552802315	4.738877526898779
AMER1	3.95715233511921	3.9713182593208547	3.9062526778179194	3.8554035454639957	4.133433230187062	5.871133872626183	6.044298650829987	5.670602464720829
C11orf89	-0.37826652471598504	-0.06567652854549458	-1.8597497657895248	-2.4835626227892433	-2.117187149291561	0.4444405814517811	1.3008985535560154	1.3736996004639448
CLDN6	-1.5518970522823443	-1.8845632531615883	-1.660354645220481	-1.5663640464035338	-1.2453133384212987	-0.18041382100233955	-0.545254777445167	-0.23165803802693508
SEPT5	3.799354999137527	4.001699876379331	3.9029292599164815	3.95237024658798	3.8510570782218734	3.004118163458606	2.4111036579606955	1.8826728954011278
EIF4ENIF1	5.049089792154971	5.020652878317921	4.780622493893897	4.348704353681045	4.0506068736203185	4.83855921778993	5.190257935521256	5.662120888796736
LRRC26	1.3513773532710933	1.6641553450325592	1.8560853244771978	1.39678367185335	1.4776395905536663	-0.4771575625397693	-1.2628743721257947	-2.421279371827878
RPS17	7.177196905142143	7.365528286063984	7.1369387584714925	7.536924236829238	7.362058043470501	7.4812947403199335	7.553433273212393	5.215129783784457
SMIM10	2.359589034592881	2.4044939457415184	2.3202369281003348	2.405618355605169	2.3889944127125027	1.4473915793397865	0.7298272217417445	0.25470909270019393
HIST1H2AH	5.805822970228684	5.834935390432775	5.768663579549877	5.6858786544444	5.912143483061383	6.038221863883344	6.103535755182078	2.765242122046004
PRR16	1.6125468074537945	1.5289802540825899	1.3118974794446567	1.141411573294	1.1540766417091408	2.2515700272337424	2.648150828813411	3.738756323559529
PIGW	3.9065364866017296	3.9348057193809503	4.038999267295574	3.994870472773015	3.9316091363979337	3.3080991461161453	3.1067809988542887	2.8608246097408943
RBM43	3.9950917740823844	3.8662451891313605	3.5088508090223147	3.272237257067755	3.8157568132392745	6.0078427438553685	6.133464276372672	5.606341437215471
C1ORF220	-0.10423431652456257	0.15705467451139055	0.3417379038957907	0.3827350059610884	0.1841028815428306	1.6169470841955178	0.8674769945253151	1.2628812735844728
JAG2	4.299330705647595	4.299203808469889	4.416755050004898	4.229581101135926	4.248332563671232	3.4854287140245646	3.1296083040302802	3.565189824123501
FMNL1	6.037009794667767	6.125703187653976	6.13976752359523	6.212366695957882	6.47949161372605	7.576433127167544	8.150047958775342	8.208421709122
WT1	4.005243241259979	3.965751349937185	4.075273513965925	3.919853967000349	3.7858518381361774	2.455436965169623	2.360233541365483	2.4311952893296445
MUC6	0.15464092850844335	0.20611930312945262	-0.2240403893601081	-1.106746411074142	-0.7122496208073459	-0.574520197533894	-0.4360739274829264	0.5394529059458789
USP18	3.61156560203069	3.833507134423267	3.657800055713695	3.685736353022182	4.178459385884252	7.661230885110163	8.504226402818379	8.39509203273067
SORCS2	0.2906696900308018	0.5178081142069074	0.5590678404098484	0.4843421829063656	0.36513039580835793	-0.4546739333346621	-1.062223037946145	-0.8555465325122816
TMEM121	-0.26270588154585117	-0.04553992276419877	0.5652565563044316	0.3657983284241587	-0.26869924390850836	-0.8592461499299482	-1.1090455182005037	-1.533510837362146
TMEM106A	4.743940033039751	4.779405693926558	4.7281370205747635	4.797258949322765	5.160530432324869	6.498860701918792	7.073277670905478	8.001685158037269
SIVA1	5.254252481383059	5.414000093438838	5.604291139246483	5.3802527253532375	5.460024709419894	5.276033184390471	5.0440640005050525	3.2988424743763245
BRI3BP	8.069919772018096	8.101916833080233	8.157353023834448	8.119071181487126	8.047983074471318	6.866517404938668	5.698748267819101	5.017548717373164
F8	3.1945702533337883	3.4159608897637392	4.001760945742923	4.4044280390255715	4.69331675538451	4.178764491489735	3.5963328690469027	2.946740540823485
NT5C1B	-2.5102273716462014	-2.378663674800274	-2.4071582961175206	-2.450360976638658	-1.4248861623807154	-0.43519511854972814	0.20849646058178484	-1.9679025851800136
CA13	2.3426419155901153	2.688938686148373	3.3134858957796487	4.089085295127357	4.6751147311423384	5.271551432929094	4.840962643271155	2.693146055729784
MAFF	1.6127702268882218	3.9371715309912645	6.317817274900375	6.813243674722381	6.67315773314308	5.568377915899313	5.139252765523685	6.324493544139333
BRF1	5.932606407974676	5.944598876775959	5.922208799502367	5.813871354174099	5.778721196675272	5.6155979739362945	5.552320329979355	5.3490853837748205
SEMA4B	3.9088039949849938	3.9920511682916455	3.65288655529341	3.0672377001998457	2.678659198062422	3.9951713108403855	4.082517105715116	4.714607910679758
FAM169B	-0.38094142572787865	-0.28635938122987553	0.10017055487603824	0.7914157559238917	1.3221631602235526	1.294325232816546	1.2056606419883638	0.6562978070148398
ADSSL1	1.859156713749649	1.667975690312404	1.7354035361855975	1.754752141244981	1.6076101241258536	1.48913301572938	1.0536315418030315	-0.5482599678377075
FAF1	6.7718889627780925	6.839100526916282	6.898744045134501	7.044605553508345	7.058289289994509	6.610031401068159	6.365358967301022	5.654519633055516
FAM43A	3.953357347385709	4.242385513961641	5.192729617640817	6.047010760531045	6.412231541403051	6.066757570082896	4.547025549977086	2.860237791322614
HIST1H2BL	5.350157591055833	5.37931602286819	5.289161677232853	5.197194642292253	5.289352344204042	5.3665453388615285	5.476527220956886	1.9019404949206482
DDX51	4.855279011760743	4.914722451775213	4.97066084286838	4.916608467567033	4.884449275839644	4.352371195266223	4.170998783467825	3.796458539385082
SIGIRR	3.4449498732706756	3.618518009594609	3.564968001738958	3.427665440929812	3.430934814264884	2.3703904267158213	1.7066306473101291	2.408992407707831
IFITM2	4.656199005298925	4.9703088743379915	4.892347766395584	5.018301134249689	5.293349806791564	6.008660676963748	6.526078417506108	7.575754691398091
TNFAIP2	5.960990910692194	7.545383382521592	9.769017949592092	10.76115187151795	11.599018513598281	12.172037050510319	11.840042148542828	10.776708281431526
ZNF445	5.432553097431141	5.315999568733728	5.191655209836229	4.900745551523906	4.751253342902719	5.002194399817817	4.814952859730178	4.14404880647331
PGBD2	3.7580714208931023	3.8053698340589364	3.624082397675571	2.9560077366207755	2.5802185356168352	3.1744340983190833	3.1126175596510377	3.4911608076094915
KIAA0825	2.0266986899330837	2.0104447091975657	2.0495969373287957	2.0684139273962927	1.648192796224989	1.3074575171987934	1.1690371291383848	0.5666033761970137
KLHL33	-1.0395198379412611	-2.1918676014790615	-3.086036938042547	-3.0399618170149445	-1.9981871712735026	-1.3049770286759328	-1.5039790673716662	-2.633740872102666
RBM11	-2.1255187097361263	-2.3314451934954783	-2.364060007517087	-2.013778517587526	-2.19099844415865	0.24492412161508553	0.10744233206698019	-0.06846015204165397
IL3RA	1.809809317377926	1.7881041144769885	2.0414873389822574	2.3030077675958047	2.7478616015736197	3.553243346441646	3.8025447222301856	3.9914559334757693
RGPD2	4.55268204032724	4.6877332658291895	5.00401794577545	5.376939068499276	5.940784472339455	5.797945400883737	5.6036725883283385	5.316828181538263
ARL15	3.4702158852998766	3.601477060343009	3.531836180163057	3.5945592573686143	3.466041767433347	2.8286821109564078	2.9627488169004805	4.404394067491898
CDK10	4.743731879376311	4.769021957565746	4.732900695022204	4.676006867538599	4.806379032294643	4.64382180762751	4.351036917732508	3.7446188631540256
TMEM105	2.159299923079846	2.4166552122302964	2.327529604151945	1.9561971521099122	1.7828666952404633	1.038332306338365	0.5667488658286394	0.02111388835316795
SOCS1	-1.0808067718635554	1.4388237281663319	2.935745324682352	3.9175796095201654	5.779302939210577	7.443613124736656	6.940950185062135	6.179315305082155
TCN2	0.06897101191471226	0.24521271940916306	0.3592475864317984	0.26753476878944904	0.403025397975072	0.6877136737924652	1.5250320633231782	2.634649616835829
C14orf80	4.121851557302559	4.432150482949723	4.52370703572689	4.353097922393974	4.333749194668178	3.8214618442193586	3.682289007532357	2.474709197156162
RAD51D	3.8851058874366813	3.8800638609438547	3.867388956895924	3.8431637907875817	3.713295178799737	3.4126917377157273	3.5023696774630864	2.5652243816444056
SP140L	4.1290742642133935	4.051436034021032	3.9302276155024636	3.9147753532988	3.844277637137923	5.156796698563381	5.7453138260180925	6.281626054414939
MRPL30	2.179035139450911	-0.005239254671965843	0.8762748266146206	1.3991134213717702	1.560519903979997	0.733622117069032	-4.551196259797647	1.1789310074698585
SMYD3	6.866173694883431	6.928236792683637	6.965432225650588	7.102425823064642	7.137865160321541	6.855347850444263	6.243058632761377	4.1048445143571275
METTL7A	4.591214022094873	4.622199574927907	4.259414899020279	4.137716824800698	3.8645833993068184	3.042119929946745	2.470216341387089	2.6457021449662648
IFNLR1	-0.7344956605314583	-0.8227941626068673	-1.0350965206216247	-0.6472065507203417	-0.7235164102269567	0.5000099975851249	0.285278180154896	-0.33782745412829474
GPRIN3	4.035697565124058	3.912854645708804	3.6875977973990266	3.213520640992126	2.5961506186174077	2.6018637439998367	3.8932960685900335	4.307453768587023
PARPBP	4.44118863110929	4.345975100829261	4.402131592486805	4.321238600912617	4.1290710982844665	3.7657945729550946	3.800639129161711	2.4593021373051163
STAC3	4.906804087187272	4.906262109299719	4.855026077213472	4.980830869150678	5.076041419195349	5.5384957714374385	6.2102459286143095	6.311344607665444
MUC1	3.440449501664852	4.320091366546159	5.0382817282735175	5.478419138823357	6.167320250666393	7.088130974449012	7.496328804264996	6.920339277305054
IRF7	3.8684152889921295	4.870108914966403	5.3483733031964915	5.5893800268231475	6.584456693760207	8.096308884520226	8.228200852468197	8.44471909417243
L3MBTL1	1.4239715736029661	1.6049905215000366	1.166389684016376	1.2034437839604502	0.9083433663204118	0.4650018060105041	0.5395079614950165	0.9628496039377139
AHNAK2	4.8302993741539115	4.954394337654066	4.796289706774815	4.569621951184979	4.476203207558789	3.5165075997888873	3.321339826923023	4.058099061906103
MRPL40	3.7661055019043794	3.77941692399732	3.9110589751285696	3.850859301485495	3.9921807759880146	4.463364252813416	4.924422933655666	5.784165516233484
FAM212A	2.536618020158018	2.0667978129270184	1.4886878997759199	0.5080806601808189	-0.15777887409863392	0.3875018303227506	0.44766079446202656	-0.34457881380616956
ZFP36L1	6.07224125193227	6.43206912252222	6.086869183504259	5.636632904727085	4.902428385613164	5.404800887518898	6.509993346928951	8.19963250787588
SNAI3	3.0890513082080124	3.281213479019	2.828717637396736	2.3813385138768552	2.105449354654778	1.9931004065203175	2.0852490828458787	2.7880916864820877
PRAME	5.681441067324942	5.69126372840976	5.565816409844169	5.426959962089921	5.122230267614592	5.330935146765208	5.792590494468614	6.800120877530835
MYBL1	3.893706952704118	3.7046808000695233	3.834566393404097	3.8760793518912706	3.5768711675398066	2.944815420678411	3.194801356391498	1.2708417308851274
ANKFY1	6.120785268148277	6.145397487426066	6.048340170079064	5.955928035280813	5.922714250161089	7.052539479243427	7.28723891438456	7.592848655988999
ZNF696	3.427163184876125	3.1016200759157133	2.8532813345637527	2.3719368284354605	2.236648425570876	2.4410161297462265	2.656954889359225	2.608368385204403
IFIT1	4.382130877136114	4.540845697302682	4.4821079284765695	4.856426738029029	5.5688700147084536	8.435692452901476	9.00416743987167	9.32795111306703
CXorf38	4.624769824594374	4.561108124711149	4.421536657083424	4.3589298103310306	4.403200225759767	5.617490909993473	6.222274155963271	6.197759510363532
KCNQ5	2.5955255852358317	2.7983232282019337	2.9505047253454944	3.092493703873945	2.9471227702733662	2.693130346582862	1.3874427104427673	0.8687773912695967
DMWD	2.75259883980423	2.7847861890734986	2.7630873880032816	2.789369685952261	2.9573890184094043	2.9491395204361655	2.9138695116894513	4.226562191556129
PCYT2	5.418252441232013	5.447559249105616	5.460506967799495	5.345601020877623	5.305514498993407	4.118591770563306	3.6551394983163505	4.358145320027015
NAT8L	4.346609067340427	4.353869503488191	4.48862457834983	4.221347282614806	4.003111903890893	2.306580185119715	1.3170295714105262	1.8170285992566355
GNB1L	3.030437682583469	2.9364802625441273	2.9222478548604274	2.582184139184186	2.511516597359523	1.9399067124066673	1.3472700488000435	1.685561035280799
EVI2B	6.842905017345679	6.862921016675808	6.604608707132256	6.370149732658634	5.82162250244132	4.066157456936297	4.691736162693516	6.373236221894571
THNSL1	1.4170010652785163	1.2394986717199439	1.1055658083479467	0.9815911807877218	0.3603647318502104	0.02317972550864522	0.6379053033156872	-0.11443677011794141
TRIM69	1.978736508532129	2.5664720879896876	3.2468560075137662	3.8184400762285695	4.38575090592225	5.226137135408699	5.248090039352633	5.317507210419427
IFITM1	3.880424665207012	4.2053597128603855	4.051366839866558	4.335565181138234	4.9100514779612965	6.882091599886526	7.62196845044045	9.292905286430354
FFAR3	-4.126963543323908	-0.134316000708536	0.2161747880222344	-0.8631389327627136	-1.6469279333860172	-2.203609288946393	-2.608315746100054	1.1703665056474277
C16orf54	4.897235798826706	5.16207630410284	4.94250001964215	4.323337127114417	3.515531288245787	3.677584652493177	3.7751369808042696	4.560778804948709
KLHDC8B	1.5623637531799486	1.5091802122814646	0.9201762023477373	0.5113523768072203	-0.4564080996574096	-0.7878860971069547	-0.27917560362195787	1.1362783740514493
PTCH1	3.6996919803251718	3.8009137462276477	3.607465056629878	3.3665446756597244	2.7776680213840046	1.876175883810175	2.361765715887233	3.0542099104227587
PAGR1	3.9074018155543264	4.033232391349712	3.9474490596032132	3.606370122811517	3.5728529061501564	3.277902327828023	3.6170577064075213	3.147299537567437
ZNF267	5.8579163822270175	6.1140014200213475	7.199557272673696	7.414848230826555	7.460579914284461	7.846419545170088	7.685479228806399	8.123457533357982
BICD2	5.905112484110575	5.944066434068721	5.935953517305782	5.857278229010815	5.498296235278346	4.68725341487188	5.051855354699548	5.780665696598217
H2AFB3	-2.540920386690356	-2.172243584270661	-1.6924093921459256	-1.14396879811089	-0.43774313256823433	-1.3328168775432427	-1.8162620434165149	-3.3702574340144196
SLITRK2	1.0925107318517489	1.1888831431099114	0.9364537403314978	1.0365339221447178	1.124453197813516	3.007715250870997	3.7800452681121457	4.298334997841728
F8A3	2.2835475051272116	2.5395735805084616	3.3581543780485035	3.7687688683265836	4.110380704383431	3.707213803854743	3.2070201809140184	2.2579874741820642
DLEU7	1.7113440618105162	1.9480263886318223	1.6494689392731008	1.1631721689583618	0.8531441865758496	0.358187954423073	0.5867106733728402	0.39114151264775976
AIDA	6.931896543711691	6.876759777707641	6.822865798844164	6.916613805047678	7.0421498929795465	7.991122931410223	8.101550847371325	8.07820425630972
NBPF6	0.5718458640306658	0.5439486765535595	0.9324330031488538	0.3796280297901279	0.360497336580879	0.05093036483832689	0.4605509628834623	1.6691335118418187
GSAP	3.850145218171738	3.9819872297177628	4.122702053207636	4.491821927112676	5.07704694985161	6.301917348577315	6.540032624777622	7.325134081404945
ARGFX	-1.2996539065719357	-1.6440458383223158	-1.3622052351889613	-1.6240380624875588	-1.5626963855624911	-0.6128392141021658	-0.08107451442435837	-0.7112937641154198
CYP2R1	3.4424820945902246	3.287464838017927	3.201262250019588	2.908717433246535	2.683015016773128	2.2966286908558518	2.5067295838881636	2.202324418355567
WWOX	2.8144522897529383	2.9290739144483147	3.012535231153109	3.173916827816795	3.2119801854351984	2.99106085453443	2.8687379695430977	1.2747352673873276
BCL9L	5.254702362928088	5.405533572902842	5.313040792204612	5.427070694752144	6.161684078680755	7.234031892006934	7.078879196999224	7.573112166474642
KIF18B	6.169214715754396	6.143044655123168	6.048636206501842	5.730283725120561	5.25973254461517	5.4059649947938855	5.73994693341601	3.6928799332228888
SAPCD2	6.796922829822808	6.920775843560346	6.975986871475067	6.702636538758597	6.510001664242667	4.8218114087929145	4.429564091557828	3.9275657855410255
EDARADD	-1.3716415626331506	-1.5681620686585513	-1.4883923458003476	-1.5220464231171071	-1.3327987974010556	3.0383913225875103	3.2613650868001622	3.0742186178428534
MARC1	4.879401080829955	5.006629380831937	4.999894407703383	5.021805189942992	4.862282161761354	3.447723639948041	2.3310096302138943	2.3077593690927065
ZNF749	2.135630428391731	1.851849901009856	1.6051800123717306	1.3046285453362303	1.2154802387882273	1.0899487535310595	1.2122217495933008	0.9012095199253399
AC016757.3	1.130621105650795	0.9410676781062624	0.582956336316541	0.4512464667009476	0.06066066009873447	-0.7178423931888706	-0.6801672134466875	-1.2372487674814414
NBPF12	5.280082282280833	5.325412355422875	5.413745328225934	5.6352250850751044	5.883160613264504	5.735448759860979	5.804464370664388	6.5104386420639155
KDM4D	-0.6455970942951228	-0.576929456860397	-0.7143998573554278	-1.4580641783255226	-1.6977099711647172	1.1071855298331954	1.4795451458506839	-0.200755604516858
ZNF555	3.6262542086080667	3.3257009841758425	2.733265857791207	2.273214235329423	2.244395870883288	3.04858689970537	3.1595277703003832	3.07669087728429
NAP1L3	1.1145975212380108	1.2058410702810907	1.0047450475512583	1.010489041515006	0.45456607102795643	0.3659244725123869	0.6514755481138734	-0.36339466355980166
PRELID2	2.8496349820665934	2.8673545167927323	2.799536952856534	2.816045209274489	2.7118545604443707	2.2423271478182314	2.341233274865006	1.3963386877764146
BACE1	7.07612069466073	7.049530985741794	7.007843784415263	6.967593559863981	6.873344882811652	6.251041123854897	5.815518557168258	5.26563247040321
RXRA	6.599799229066502	6.731084784269825	6.640713144065312	6.407860369548109	6.1691891223161495	5.444689226769365	5.746810832733621	6.8219042906297425
C9orf47	-1.4156921840155432	-1.6578098162949688	-0.9590760671927039	0.10674494798021637	0.6835656026430141	-0.07760406800164069	-1.772287539959827	-3.0466939969002684
GOLGA8R	4.252370890269196	4.4131466555631755	4.448173483363778	4.637484631552683	4.487112718456624	3.768573421435026	2.9372772511510044	2.116891356713616
GLDN	0.4083766802123675	0.3369462170536539	0.43768729082669255	0.5760564118971103	0.7311302457469069	2.11541718773349	2.1562026440945647	1.1318064910878032
FCAR	2.0531303812763997	2.2130853698922683	2.5081373138210186	3.0239247674682748	3.481266210600366	3.61023811353766	3.454139157827991	4.000104014159769
TRDN	0.9819719930856432	0.7826003297427796	0.3601552990700156	0.09448599936691834	-0.6573139983838501	-1.8891138477107892	-2.83920680958797	-2.1114116104217713
RPS23	9.118641175578112	9.05961381875367	9.13631866917222	9.259806195740182	9.305401647044365	9.359387870891965	9.16321123174514	7.8843945909074975
BTN3A2	4.2319001966519245	4.16109639405824	4.113467406963348	3.971479360344178	4.010001723089754	4.394722576562563	4.875366887607791	5.545830759479266
INSIG1	6.219507519133437	6.394794901809179	6.85821008464802	7.293497239735917	7.753830663316571	8.513582295982076	7.682470758663195	8.381341593302295
ARHGAP30	7.840509190388895	7.827316758342403	7.6901841551985575	7.5840508927817245	7.18166964588909	6.513187098058341	7.431949665934001	9.112207069997954
FAM86B1	3.3820903976498666	3.3289280588097885	3.2180211145774145	2.9939350742411364	2.930803265350815	2.1042547586032696	2.0342970658856743	2.436186177927696
SPATC1	-0.21218567243023764	-0.2494710557397025	-0.09353879640760164	0.12088808647424615	1.3201049684702344	2.6828188668177795	2.9585791247461533	2.1569707592113723
UBE2H	5.656546218495053	5.615373705993566	5.622740320007929	5.80924787825581	6.052220612363842	6.227646685476733	5.962435986722557	6.013126037862392
HPDL	2.7015202898605173	2.7989288800097984	2.9257805719487306	2.7326297722119977	2.097265230891907	-0.42467931030433537	-0.3559341598367822	-0.08369141079466791
ARAP1	6.882039923528685	6.996313453841693	6.940266520732955	6.800137095213982	6.63687260829383	6.586766155776503	7.178646396944702	8.60112096666202
KIF24	4.540319457926239	4.597384468947279	4.603547400951127	4.722389804153947	4.606394426088775	4.924774287453259	4.554539607857572	2.4733885650847727
BCDIN3D	1.2407092159581312	0.8944980759817156	0.5226835043397705	-0.08303571219845525	0.1325017750005677	0.712946296990866	0.965972375934288	1.1780064700767414
LYRM7	5.50979861937653	5.475900700746219	5.508493294867355	5.486975619012594	5.517488299522559	5.284937437566799	4.828359951928663	4.2108715652441155
MPPED1	-0.9293050763867063	-0.9688688300874528	-1.1031716333130934	-2.0337810869992516	-2.935791152575634	-3.687014194293773	-3.5232755319803335	-3.8221342219132
SPIN4	4.45626694927964	4.546284366012488	4.687771982710137	4.619877343143401	4.490842124395036	4.48698446186648	3.973351135455588	2.189857731805078
SPIN2B	1.0876857469657044	0.740633116966793	0.9471643685454384	0.6856861811206325	0.49512982287855034	-0.23999095546514262	0.051829092817492484	-0.06812419387813365
VSIG10L	0.36130052631088355	0.7400102760638617	0.6854554630467924	0.5936712740115171	0.6172016853647646	2.046070241845098	2.688454145582498	2.2322227874872516
ANXA8L2	0.06537072742114969	0.3498441689144074	0.10008128597534438	0.9512686903663343	1.2813895431003748	1.277713649808422	0.8767559040891446	-2.545842170528359
CXCR3	0.5146805111426125	0.9196898745344466	0.7735840849252534	0.5254119421099529	0.725157608331899	1.6902508305046582	2.0072530920862306	0.26214308528047553
TPCN1	7.587043974985513	7.7660808762025955	7.686112587205882	7.635326291800871	7.575081220662614	6.8010117589381665	6.165235004252787	6.497419402592527
LILRB4	5.602455805491147	5.823727968133452	5.846059529392949	6.0190215105512035	6.196073182728271	6.560824212186722	7.074682887934232	7.458875688432903
TNFRSF4	-3.486184164683724	-3.1476709789858184	-2.9835193034252536	-2.434821483697521	-1.5141629466051416	-0.015312438551691482	-0.03160546637037438	-0.5137438154421523
KRT16	-0.12249308864436494	-0.20511788448904839	-1.0148433173346552	-1.0382077960959966	-0.9667199507550415	-1.4227886983889366	-2.1577821311234606	-2.850140622442339
TRABD2A	-1.7686296819450031	-1.632698448336619	-1.980289796429193	-1.2027936629409302	-1.6554099134583091	-0.5041453357147363	-0.5608264971742571	-0.4971991865008066
QRFPR	-1.682872713938382	-1.8572417410178415	-1.6368171106694407	-2.508861158881868	-1.964935724472992	-3.3096090136629197	-3.5232755319803335	-4.551196259797647
ERCC6L	4.231865066195267	4.2170087130266785	4.049623720482372	3.7178295457041663	2.8779844817358873	3.4416268973355626	3.689571316835771	1.5972233526092607
TNFRSF18	-3.3867195124902087	-3.2846493474574348	-1.2103359439368013	-0.7109100480973995	0.7563737573303168	2.4229371785666767	2.558797939898496	1.914603730348466
ZNF395	3.9045862923761394	3.9813246518542043	3.960972938535041	3.7888595418748294	3.5503295300256603	2.473435217009242	2.046703563722607	1.4801122671297566
C17orf82	-0.27463539930293174	0.08579318419225686	0.618997176633951	0.7132517896338417	0.5593745355523203	-1.252268072920507	-1.4863160357621015	-2.473765599845759
ESPN	1.5411326923073208	1.8084487648813974	1.9380551772222199	1.8085731902902948	2.0143205315393553	1.4925231858789045	1.2496705847855025	-0.8994622020547265
GPR141	1.1594723195356136	1.3617536585138335	1.0194535427879166	0.8582666689491965	0.6672265764744034	1.3561032344459534	2.54339632487532	4.327465534219699
C3orf70	3.1783277347962713	3.026083833921481	3.1258184477725948	2.813817578906299	2.494027621550459	2.485675281853111	2.5455776746671277	1.8820749813730626
MITF	4.864937329503479	4.986123366768211	4.807768756295589	4.6984584047512366	4.262823994208139	3.46639477651122	3.403212222824899	4.523046327567778
LILRA5	-0.4499110719359847	-0.5541133302259342	-0.30180751463966515	-0.7913661270422949	-0.22756046298374602	1.9461899176953654	2.508983463137003	3.5860278500228433
SLIT1	-0.9931197981279618	-0.23882351882910868	-0.9760367826890158	-2.6756323534676074	-1.0589964134456002	-4.55119625979765	-1.2628743721257947	-1.0386228427561477
LYPD6	1.4125010894170655	1.4000860815259673	1.3957517698889739	1.3899898056364548	1.029920648311284	0.27621853793979667	0.6911077260009466	-2.269029502822887
FOXD3	-4.269858915217961	-4.272272353668981	-3.8131699644537393	-2.8720677292809693	-2.895615021276249	-1.7389138471620484	-2.4249188659002923	-2.689778113658157
RP11-195F19.5	1.6139503529587689	1.467678709862474	1.6806685522840334	1.5912169042498583	1.5528848206102288	1.5131580916474763	1.3712965758025333	0.15154592676169173
ZNF546	2.63495598489651	2.359858645751558	1.8788261453654915	1.3952468466672658	1.2503484942115808	1.9737763561583095	2.2394792934535257	2.4075268508128396
MT1X	3.693395831538772	3.881039366770656	4.052372367232557	3.950394727754815	4.105671164719746	4.262205013011238	4.369304305943161	5.239239767755797
GCNT1	6.268049691736027	6.212034064918271	5.9552266896001615	5.333709237023706	4.541611177810236	6.497258112965676	7.450729275498663	6.947749873833159
FNBP1	6.28433594349963	6.306238584987816	6.293506412037823	6.330674418574064	6.22801206534779	5.876621528062364	6.268395057989005	7.553647754830733
DYNC2H1	4.875651202018831	4.767948668219265	4.8502010395231	4.8711090852784205	4.918200361023245	4.64540810875916	4.23353909360622	2.349060556096066
RSBN1L	5.891373096115178	5.899182603218926	5.8081663994154	5.4312073981350855	4.8671915280717375	6.197728686929677	6.375834075183711	6.308763018626877
WDR86	-1.9252242001965492	-2.8238807045742735	-2.505540128801951	-2.001856087718066	-0.48914641499510747	0.05613066222506599	-0.7318076380043411	-2.6508669189031986
EPOR	1.8081148350980525	1.891248398301056	1.602224138262456	1.4532955310111952	0.6035014940234513	-0.06142117233996547	-0.310422388558277	-0.6869270044312425
FAM9C	2.809426554532873	2.8192467779273747	2.819583212857273	2.677148267196892	2.6185992593155696	2.8080103346526792	3.0829273366266223	2.2690943524638705
CIDEC	1.2511415910020918	1.2795981480287075	1.2013199748934458	1.144751897755834	1.2215315217529907	1.1103817053140954	1.4562584521419488	2.3337287990391093
TAF9B	4.671453107320366	4.6294968984760825	4.633023244162333	4.637509007852876	4.672950974885586	4.781939385310454	4.690291571747439	3.5198522460654846
C11orf96	-0.687581119169931	0.05512874543204578	1.6953874171190626	2.423293832499957	2.736639796376129	1.0867122584740028	-0.30556692530688945	-0.08681635221381173
COL4A1	3.3712230038541606	3.397128541024421	3.390528178615435	3.3746446201198723	3.4268768425008296	4.084969918104048	4.560339824948022	3.940472061399834
NHLRC1	0.5624469232942322	0.4481483845914102	0.051572880132903134	-0.156076731932183	-0.7710540262374654	0.0924758580969942	0.46344344012856814	0.3948795964077689
PLEKHN1	-0.9661867139828539	-0.9650015465382649	-0.8307336576594606	-1.045053551640414	-0.3649375202819988	0.09794048267043465	0.72204072435643	1.7426010750957102
ISG15	4.382554352150095	4.741777714190281	5.075977584680279	5.489737790230958	6.525605940436088	8.631561238964569	9.11748191865283	9.47140056758063
C17orf97	2.1296724005100875	1.9049599614243813	1.832020188294599	1.6474394785403799	1.2003715644449806	1.2923994347205867	1.0159111485312653	0.7543106402703372
ZKSCAN4	1.6405916666677616	1.4599512486098059	0.7334212452885076	-0.18343005297452147	-0.1866847450728414	1.4092930972955502	1.3002165879011285	1.8494683021575078
DHRS4L2	4.341035764764772	4.454575381624226	4.402902551743825	4.472637974726007	4.399199142568033	4.047942392874669	3.9215209603662062	3.0694334455182304
C1orf170	-2.5580518867285105	-2.715587998203656	-3.3162494542677097	-2.5755362972177283	-2.801198647581411	-1.7811231937922927	-0.9346768024869027	0.020207077076321862
B3GALTL	4.00446415564136	3.962991694786208	3.976454148240613	4.032239850512518	4.005560968769128	3.851575475967116	3.564750505153137	2.8858313291318907
SPRY4	1.770559197554624	1.6539520653348458	1.6872828378046512	1.3248849306412338	1.5508150264040914	1.6868363320005042	1.4802104129406037	3.90906484430265
TRPV2	4.812026398218579	4.940325956022091	4.902240152654276	4.906578633350074	5.019783285661614	5.1231134019401035	5.497956242006689	6.417789908729224
SEMA4D	5.2727592089669635	5.3196838924638055	5.346715065192106	5.290171641320053	5.436067587222994	6.273531812541611	6.686642581490895	6.719438338824772
CARD9	6.45516147436715	6.506468620913196	6.494688861803134	6.301742037032515	6.1238232215042485	4.439252761668271	4.420598336619666	5.389909323593713
SOWAHD	2.477672517432624	2.1176427609423936	1.5566751432097197	0.7302886921553952	0.36701238909090594	1.6784061517076694	2.1735944105519645	1.52957425120867
ZFP69	6.998721993728386	6.897367849372433	6.689252222415689	6.110645560089575	5.460217956028631	5.767505795939173	6.054835559018221	5.8217995317207665
TMEM220	0.7635317978359881	0.45149943836450124	0.7331588033309189	0.8941793764412289	1.2847311659289087	1.9575394677991067	1.5679048450857818	1.2163941402568264
HIST1H1C	7.6422812228663055	7.637883833262546	7.39666665193853	7.36116967748389	7.489326336320619	7.771578655970654	8.020062054790628	5.436604296998074
EIF4EBP1	5.70894501032134	5.76993393355192	5.7050797710538905	5.580695995718459	5.551803819588263	4.550476925088804	3.8540014683740456	3.829484285875539
SHISA7	0.7408280959838779	1.0822858502582107	1.2245747557078532	1.1407923784603442	0.40353404489396455	-0.45543884684339997	-0.9374235810897734	-0.9474188647699961
C2orf66	-3.1045892987160064	-3.7978397630444136	-3.337728725451785	-4.0022264784647446	-3.6177536980946945	-1.8375326039277375	-1.2573092645797104	-1.6126739349948216
CYHR1	4.814188075709897	4.896511482164657	4.765314842242978	4.6499420238474976	4.509950950076939	3.8382381577655877	3.8288112180510825	5.009580373669681
KLHL17	3.2272660397967963	3.2222770087097117	3.0863454812800297	2.9067372114120134	2.6954373700929324	2.3880196651868264	2.19311047795454	2.65002153624308
HIST1H2BG	6.190423248484507	6.070109803832581	5.85846400464073	5.953848972781808	6.162858831891621	6.559566145040242	6.783447976851252	4.137345607732513
C1orf204	-1.147201787091713	0.9017719470688914	1.6012425053030617	2.018839318258884	2.184352963483672	2.370468857783533	2.4051387486874685	2.6062382066575482
S100A3	-0.9041827923008101	-0.4845452672822566	-0.49027206657018085	0.03597263673792006	0.8846299488274537	1.5801980699580995	1.7604078868760755	-0.7447103811880553
UBQLN2	5.2714702126688	5.322867866179225	5.334169669914431	5.277816123680683	5.307388950733753	5.836679034187868	6.008333034936988	6.420570599580392
ZNF490	3.9103833270271817	3.7802437437668797	3.4856435359647016	3.158578050943849	2.6604046923978997	3.676993104254166	3.804477497720409	4.0402889386061895
ARL4C	2.895830273422763	3.0152088433580655	2.6881999008711936	2.137407294181763	1.6127785125856926	4.76148597777482	5.205377266433752	6.114216502624442
TREML4	-3.6716130380818517	-3.1566359846493577	-2.9540840879878885	-2.672052836717224	-1.7803784846045985	-0.08256188426161182	0.26590930564753057	0.8691756345830568
WNT7B	2.4023498666750642	2.8588173777994834	2.863603281003763	2.7504943004389792	2.4169004576365283	0.4847440436665107	-0.09184501500992728	-0.611282010221037
AGRN	7.460739131474695	7.539664408592843	7.5608032111802	7.383755498386954	7.56573127065311	7.939165636363752	8.106407895878856	8.513274587450713
NHS	1.8959861824162703	1.899138323731153	1.8676109730021206	1.5624308788106167	1.302191398839867	-0.730505641246693	-1.7073774740793857	-0.7947555826383392
NCR3LG1	4.78463475894917	4.823428664779341	5.402541834750024	6.140213239738417	6.936918933225875	7.01691735637251	6.012969124103561	4.084479131351699
DCUN1D3	2.913478170244865	3.0270744436705033	4.556437859161061	5.121481654185263	4.885293625059624	4.692535013154925	5.03289598314982	5.810687638333588
AC002398.9	1.7261135411336832	1.4992200736506889	1.3860113376998406	1.1691444878620285	0.5876861053998803	1.3281137460053356	1.5905693735778828	2.6694160117613936
CTD-2228K2.5	2.955415950774713	2.81974712428718	2.7733638790879773	2.6176715763342426	2.1462018758980363	1.2011711777130862	1.6502047236753494	1.9332851920826213
RUFY4	1.6817936022252589	1.8550614841464563	1.5411795694062562	1.8567428686627108	1.92119240330248	2.9896607901580055	3.7257486394167874	4.736812457503513
ZNF383	2.9413180884994343	2.772800202857857	2.425204915681303	2.008200664021504	1.9811060482359235	2.348372754147844	2.342294405143223	2.682256259355368
HES4	-1.4765066173027	-1.5893605137692806	-0.17804152261492373	0.40856959555126626	1.315882081161797	2.3716556171597545	2.55651135533808	2.7264734136363202
C19orf35	2.6148777311729052	2.93826329187423	2.6360865697334983	1.9800674271978045	1.2471317217070226	1.3883262631117554	1.8795859563311579	3.509059182915707
LRRIQ4	-2.6197920187592274	-2.824788563185553	-2.632436726614513	-2.467996067407054	-3.3182213707906105	-0.4113093448960052	-0.10951561447988212	-1.4478508384759985
CENPP	4.26326669492982	4.184347935127213	4.150131597246283	4.101192964387719	3.961418075093011	3.3855681194706877	3.4117341055423522	2.671112088051706
PLSCR1	5.23047855131121	5.384431135924137	5.680038360821305	6.054780360485637	6.6530662334492785	8.04855713328872	8.291364569028705	8.6384914052114965
C3orf62	4.463609652606557	4.346003684780241	4.147193209679112	3.831918734385253	3.6256244833055424	3.2970139611771248	3.443905843610959	4.793230254011238
FAM92A1	4.750691078520354	4.759854860683971	5.315023822957416	5.863194629757091	6.396604056470988	7.151168346200029	6.83441206018754	6.412587978643563
FOCAD	6.144861722755329	6.161610811934398	6.215725927754711	6.247491462446602	6.246439892242632	5.920782918904585	5.521791528482986	4.961921613501769
JAKMIP3	-4.026994895130544	-4.272272353668981	-4.013786176939392	-4.053341887061221	-3.143523526531729	-0.2861614701044771	-1.3104761754055154	-2.246778083723884
PDCD1	-3.6680568570699004	-3.7860893895559986	-3.086036938042547	-1.7838751579562535	-0.06714612376304151	1.1814736835509185	0.42639277953723764	-0.9204876562166409
TCTEX1D4	-1.3338737495837294	0.9115815514737357	2.3114868596376903	2.4239101272590116	2.8751527163523427	1.7756684390190443	0.6248986120277784	0.2564643485101745
SELL	-2.0131434118015643	-1.4186399075555984	-1.8336850213487437	-1.6410576965063024	-1.8499613959832863	-0.08675907871566817	1.2887631063696137	1.9800300533448816
CERKL	5.359585253255974	5.2627594308760415	5.306598462456044	5.19620068854152	5.113910819750599	4.454424203030505	4.162817144398154	5.237548322281653
ZNF788	3.4698935467057836	3.502240712937244	3.5986769189240504	3.3968467379361087	2.4526776626317393	2.468558135451251	2.435713200767091	1.898058569120884
IER5L	4.5025664324816965	4.268071186732955	3.7486444178038196	3.3714098875585305	3.4970841246360065	3.3703509269812555	3.106070757222671	4.354672453322118
H2AFX	7.692328634311915	7.871182406429188	7.992855963134474	7.753223000552611	7.79045947404815	7.670313031474853	7.828249098822953	5.841276863672049
NCCRP1	0.44871586796723634	0.031194974086818244	0.5706017318086176	0.5073435711565318	0.5435055737730785	0.5769574649003779	1.096639712516125	2.5697062137349578
FAM83G	2.821058953790807	3.027076267780555	3.2933219084251153	3.7897729081069005	4.20166439994412	3.324671909940171	3.253192158441389	4.02139037821697
C15orf52	2.8165221583352738	2.7327831459558953	2.4098069343854327	2.055454846105221	1.9816041111691283	1.6351041589612918	1.420339377785182	1.8809654564893004
RALGAPA2	5.655982596719955	5.726336467342364	5.8105120413563185	5.929811580870526	5.833293829588294	4.998491894787659	4.467986318428379	4.420294595044856
FAM72B	5.579017109002395	5.619385193904801	5.663223457631126	5.646040891919528	5.270202702927094	5.130954748817032	5.451513060130976	4.101973436550148
ASAH2	-3.1744085779495346	-3.4403893408863597	-3.242827535061205	-4.0022264784647446	-2.6369235011903718	-1.3813431037617623	-1.6544718483417467	-2.94060382126687
HMX3	-2.809187494591053	-2.5563394193452327	-2.007760033219662	-2.2727388673118636	-2.981986198894088	-3.3014477429176132	-1.124452645382199	-0.33709491190499496
GOLGA8M	2.8465463599239644	2.685817059325135	2.7844766447428393	2.8057038892197217	2.6743812986293296	2.1650507154814713	1.760602256261497	1.2427515794975332
C2orf80	-1.6366060023667768	-1.2284601282955667	-1.5830148542934235	-1.0944887247455368	-1.1460987094618764	0.03724744609273635	0.07396433156063378	-0.48447084157857734
IDO2	-4.551196259797653	-2.24722612450101	-0.9568052605686594	-0.17948940310172615	0.8151988242016132	2.5532255740693843	3.5217771745626383	3.702326458535522
ZBED6CL	-0.28975497686784557	0.24521271940916306	0.6645055049286918	0.8558476357414408	1.348709405098644	1.4416845249038932	1.09169236680144	2.057527731513606
TMEM120B	4.1029540867330985	4.122673290573599	4.124287616005963	3.9401738876466474	3.8259830398522263	3.2856862033719487	3.090716901463125	3.602904307381869
NOXA1	2.3660927001243133	2.478269434244922	2.539394538715976	2.218986013997374	2.284425305363394	1.485963852386257	0.978876218599933	-0.2771219041830594
SKOR1	-1.864638540460594	-1.182359154438113	-0.45197247751701863	-0.25163980948647713	0.5999772112122251	-0.15266326860458107	-1.3874904292736026	-3.3868001590145784
ZNF548	4.283572238808088	4.263062935014673	4.2558980615370565	3.877936410352792	3.7552693278278615	4.192167544842727	3.8770045151369867	3.2909305021355966
MTF1	6.179322797408108	6.138513282311526	6.650579217771991	7.262312660670199	7.742572223958044	7.6006414092706835	7.919773570290559	8.726008201197738
TMEM201	5.306255796424537	5.399814336305276	5.3497342513634365	5.106912721857003	4.766310511335247	4.162703932251677	4.335321438481731	3.2215569792571035
NHLRC3	4.520055191173767	4.442106306698296	4.358455898289601	4.205863747866915	3.9570701820757956	4.561904153940446	5.388032492367742	5.6843612360080265
HMX2	-1.2738609427008387	-1.0275993585138499	-1.6444285895476924	-2.2499451666642925	-4.184796593959723	-2.5594289682499443	-2.009263462379233	-2.3968392469563633
FAM26F	1.5759923421560724	1.7256897502658648	2.186570877762065	3.228147173261089	4.5274395366691245	7.459905771915633	8.42282349036801	9.421732417708181
RPL14	8.397151577122468	8.414125990983113	8.423221126803256	8.574337624933554	8.630129382094804	8.575998247889693	8.357370304108949	7.37023248260272
BEND4	3.7037162720915506	3.6235157019193975	3.7004208144576864	3.3774893818189096	3.170719770426206	2.4101331685250065	2.4163533936375243	3.1081948557240935
FBF1	3.6473321606373905	3.833056035420583	3.862839283285152	3.8383458726821993	3.90440346567072	3.9338015319153508	3.640998794818156	2.1174127353114036
KLRG2	-0.394344349740594	0.31636967150561157	0.3603999690294296	0.14695936693126394	-0.3615289481147599	-1.6174894968661402	-2.27882487076322	-2.0911252154546256
ASTL	-3.032381138804472	0.15891457660415337	2.6150947796166415	2.54188782294266	2.709016556234166	1.8557644626934904	0.6510529416925503	-1.3809661876163635
CTD-3088G3.8	0.4509014692756351	0.5575374405268887	0.4242803733377656	0.7321417753513538	1.1173761317720292	3.040012996237854	2.8713662620448517	1.4575473281910962
LRRK2	4.203028174244139	4.064206601109975	4.104109133911294	4.119501616378006	4.140952791739268	4.882435047163799	5.548682603676996	7.468757589907007
HIST1H4D	6.470031341170636	6.4985165453843194	6.405810808654607	6.371101521496312	6.402029160355225	6.5342779720029505	6.445345010991671	2.8261215905271815
LRRC66	-3.3783971944356272	-3.0279034426944293	-3.4730400512863673	-3.812630774750078	-3.9093925361960826	-1.8590751102602197	-1.5832292600115823	-2.035990307155734
ADAT2	3.7727608812614033	3.5853359742457487	3.472079021860201	3.2820559638488827	3.275010181552844	2.91287389880035	2.7224836431669166	2.3786162665337613
KIR2DL4	-0.36327589340055155	-0.4401246093945314	-0.2667145795466874	-0.32361011858995864	-0.18080818077556293	3.6730333955546235	4.7483745804864625	4.365480445140382
ALKBH2	2.092324204176047	1.9222105448693383	1.912572745528926	1.6986225182463568	1.317469256941494	0.3683111500917348	0.5274794700480891	0.7761434325899811
FAM111B	5.791801384690615	5.665216404154515	5.641439281356436	5.552884326368248	5.238924956467606	5.795546901856566	5.9218452548414025	4.301907670534382
H1F0	7.550669151478997	7.809216591002441	7.833488130890826	7.987088655852348	7.979440163628361	7.896917386682157	7.7739942047075115	8.87259717624477
LITAF	5.848099016260294	5.941139187552921	6.358338112498135	6.991689233474593	7.584580940321956	8.44545322129403	8.225565080227035	7.82257468250866
BLOC1S3	4.438157092317762	4.380626468631844	4.029595664888299	3.755421786813627	3.864720068702754	5.3290488477000775	5.865204238123528	5.67969157034795
FAM47E	-1.4640231115776718	-1.3613889324891733	-1.398608078362114	-0.5557394205412031	-1.0918984495616546	-0.555408994242526	-0.5572292619277608	-0.9375572572799986
ZAR1L	-3.212138429096618	-2.1168027109811383	-1.3490645277685323	-0.8232578202149969	-0.9216517472129218	-1.3750996242042208	-1.7073774740793857	-2.1843777466815752
PCDH18	-2.0555924220617237	-2.30359878430235	-2.848122937326476	-2.54980849120913	-3.076402572588926	-1.1668005309814427	-0.7685978514543672	0.6008543398455548
C15orf61	2.5665197698776954	2.6402393410715703	2.7878201936463265	2.3778599318236866	2.217241599493791	1.1397610528711222	1.4879152562478177	0.2655672874518631
FHIT	-2.0753006016209556	-1.3126791972900356	-1.4096162585689607	-1.649474586638426	-1.3775087184805277	-1.4661239653929663	-1.6977764625624285	-0.08613466308100852
FAM53B	5.5404662678250585	5.661610616642248	5.649737971824337	5.211806640557395	4.691338567544509	4.291178143707623	4.897457909440124	5.081953359795004
RP11-113D6.10	3.7739967429493637	3.6326985533678857	3.7290801010506813	3.5656942019330424	3.490944927920698	3.21545189799682	2.728944693285597	2.5920212451648244
S100A14	-3.8456261987442164	-4.55119625979765	-4.55119625979765	-4.05334188706122	-3.287960072882396	-2.7515674309075147	-1.7515978037142754	-3.689269690674904
KAZN	1.6917671463036448	1.6665213672027195	1.736327444856684	1.905460852052005	1.802566096420337	0.9390527296743645	0.18625549598613877	2.187082677032792
KIAA0408	0.4157689641490523	0.4568290890979564	0.25921352380027374	0.5262462700818054	0.10835686134887029	0.46309683211629715	1.5393334013359095	3.089546706035435
GSPT2	2.462725226972739	2.416596033164028	2.0748522110809557	1.604529208444042	1.050421779851406	2.2406122010828935	2.1721536698746142	2.111713338787678
C8orf76	4.180388141508516	4.048362044361948	4.202054242510679	4.141018310366611	4.07800173687516	4.705459000353196	4.797641945707351	5.195128607279988
HMGB1	9.374305418435952	9.34781946287186	9.416766952743881	9.5468112748638	9.5921832252386	9.504685835274953	9.34186890694004	7.808401711434007
ZFP92	0.266969654123717	0.6613826137523788	0.18849438979293806	-0.26675559547922023	-1.3936927561908767	-1.0584693359182604	-1.098979996941957	0.008600633167112778
BLOC1S2	4.802250741942266	4.7394394858621185	4.616558521449164	4.558693526652139	4.501878562092782	5.451834279504087	5.960724957208907	6.548279942799281
SYCP2	1.9405550319127567	1.6784040878017248	1.7196428683013374	1.5466128933252308	1.2306887794756938	0.616177335019169	0.4834800578654259	0.6647168891593855
ZNF724P	4.666988742530352	4.584223432043611	4.40683154909355	4.125914045246484	3.786628583822739	4.420874349270994	4.007148710001822	2.7929498183997428
IL1RAP	5.0531219840802795	5.1391551703710725	5.300285799612537	5.560000590138332	5.9228214101142065	6.4259320115706275	5.879527668224461	4.994673274187809
PAX5	2.1194931202961538	2.1829283393797954	2.2439337317939065	2.130029092719552	2.084762003187274	5.812003573813649	7.435257126944775	7.725541471954964
ZNF699	2.2439278492478945	2.150424405505297	1.8379547184530136	1.9131080361575008	2.4487997694032058	4.334666381729364	4.069775135814252	3.474179854830857
TDRD7	6.85405780227274	6.910517195181087	7.039644936889994	7.087948487705523	7.029363519227218	7.634675989591466	7.9863022360573535	7.7449657549439355
C16orf93	2.738587139620931	2.997426746819105	2.8758727137638345	2.898987184450317	2.90580095954435	2.496670256407957	2.0570869857300087	1.13585707614941
HLA-DRB1	5.471497391728272	5.552126616755297	5.464910892491471	5.586153709412703	5.594815393148121	6.440167357495689	7.454475670066044	9.121762611600385
AKR1C3	-0.20773350332334123	-0.10149880618772228	-0.1866559491114555	-0.11637133230225577	-0.04648970977992768	-0.9617565196348026	-1.1700223451114158	-3.906916970586659
SPATS2L	6.051577238649324	6.015513933481609	6.02962004365283	6.070443895666657	6.058449334476598	6.6342484953939795	7.067676611303854	7.4166513662944
S100A4	8.254323844690337	8.314805678819592	8.27576795497669	8.340526978652642	8.424180118289527	8.48242069595917	8.449266515001012	6.809664254690407
PLEKHG4	3.5231268686139776	3.6435186881685118	3.743011842391975	3.592900950421983	3.708638692431962	3.366298461877631	3.129249363161347	1.9686565780960439
FAT4	0.6562855743993649	0.7324969447340994	0.7516586311762281	0.5454833357674308	0.7189445258153	2.4609953394252564	3.059301552063753	1.51142112139308
HIST1H4A	4.937124291910202	4.976976073342605	5.0606212388078085	4.97261641414751	5.006550398724188	5.329901214970036	5.303025319529803	0.9951691186643896
STK40	5.442780182848269	5.504198319492559	5.581209099280885	5.87582486970255	6.321510408761484	7.593811412605718	7.777857695168151	7.468660461791382
TMEM63A	5.6857153238475355	5.742118207998474	5.5626601662896835	5.424030338957198	5.369799396380023	5.700720992540569	6.304874315597577	7.184417734215867
SEMA4A	5.915216595581817	6.126821280302508	6.119342618075114	6.274305005222345	6.649769396018769	7.565916466070185	7.984358857212499	8.81185457326148
SIRPB2	3.5972156406070295	3.4984620581522012	3.2605378091224297	3.1399853338761954	2.9680728277494457	2.54776750692439	2.492909890891516	2.3513031734416616
RYR1	1.4001592307579376	1.64713091389488	1.7294506257973805	1.7955193574482917	1.9624931679127329	1.6293393477993239	1.4238263543173484	-0.35274812177200643
SRGAP3	2.182557525028516	2.1360209424601835	2.1303804668038655	2.0373388417432023	1.7271254296464362	-0.4854789662740634	-0.4440677732526667	-0.9126924743228704
HIST1H2BB	5.771958761221063	5.685195437502047	5.515527621273428	5.614228789419174	5.7011356513762905	6.002556390961585	6.3310800351285454	3.2564735259469244
FAM217B	5.442169108681399	5.274968138436108	5.157235140495386	4.8180548688681615	4.012511959431525	3.9263083463408135	4.563040910409925	4.956937625346621
TUBB	9.84391052871519	9.931051443748489	9.90687122391471	10.00504129200358	10.055621447348441	9.993047464797176	9.868408520252	8.086461718571542
LCOR	4.929844233990691	5.065800379294757	5.691964645830186	6.784001107928473	7.166116812487063	6.786161746844863	6.160078481969732	6.535577174683242
ZNF107	5.396225567099664	5.353753965456695	5.181737266316373	4.9314177287929075	5.002330093729471	6.909880036640043	6.96709638942165	5.837477684221685
IARS	8.017257477667433	7.996091389396003	8.028277443995393	8.114757886952766	8.14688008802866	7.969330264071685	7.487629624475664	6.877080709656331
ZBTB44	7.227414652911632	7.216184258088987	7.22280928697505	7.130126425989843	7.006908403108317	6.292310479055736	5.97878565687901	5.600479730312234
GIMAP5	2.594997082450793	3.6176844593699355	4.790531160080878	5.467342935619155	5.412663391416409	5.0563265790291645	5.317426318889829	6.684498717025134
HIST1H2BO	5.871205900494712	5.84176656507424	5.713500410645538	5.684803292708545	5.875142785399907	6.287341192072487	6.536720107270844	4.119513013445083
CGB7	-1.0287948394885003	-1.464105489216636	-1.279044414369646	-1.2009621929690364	-1.654375297661867	-3.525992662394649	-2.9461152088327287	-1.4040688307288294
NTNG2	-0.21619553830625413	-0.08893263474249713	-0.31288139822662075	-0.39870806909638323	0.04575599273383198	1.569401874602684	1.506410236101619	1.3800184748721485
WDR5	6.805445634545021	6.723688038538806	6.689025128885939	6.652309198095994	6.550510292514108	5.9964551085984725	5.752175899390442	5.373427408217597
ASB13	4.291037190572746	4.2347626245849765	4.260465052485433	4.004619944057779	3.730546376723491	1.913094040744713	1.4541538673111356	1.9807254954542426
HIST1H2BM	6.125739907080183	6.120419656047496	5.837907227769842	5.933545295104169	6.014969909080023	6.217205626164203	6.422274445281355	3.263999060301432
SLC35F1	0.4802131677176114	0.741261896701543	0.6482837996296495	0.5126067613476694	0.8084012783826124	1.7808370167397682	2.8322794414747063	3.1936963558759537
ZNF140	3.9171849976097723	3.9504466587399825	4.25420439293819	4.632119753350819	4.964449845193206	4.974915260889182	4.67571766040455	4.14527706148432
PTPN1	6.313618760441675	6.3407381023134874	6.629162160920323	7.226994710128901	7.93195219000839	8.42854527109422	7.7853382037455345	6.996186504785855
EVL	6.00763169559793	6.107925929195452	6.035843010296869	6.011726801624178	5.945785865137619	5.620234773067398	6.124392060869837	7.474462350721454
ZNF658	4.947600629925962	4.959663555685527	4.517246476519188	3.8278168534292165	3.513324305410266	4.15254544240377	3.939109930532288	3.4322411136530158
EPHB4	1.9656269154244466	2.1042985658765305	2.213322180812752	2.0485691448427965	1.7116205469392962	0.7442864697227576	0.30639039403008095	0.5559885156248048
NBPF4	1.6913218938973766	1.811690357226576	1.520898205641662	1.6793869771057492	1.6687598640844794	1.1174736725419128	1.4620357822361327	3.2591722444008906
TSC22D2	5.402048542826778	5.594737125500155	6.023201172808378	6.208229974465404	6.179788086379194	6.312606554314975	6.331861862405429	6.477540492594352
ZNF569	3.7986981004949985	3.7595833022553036	3.573370623340238	3.370646467517882	2.9669413109873672	3.2696632431584725	3.1239727705431104	2.4534063345132413
ARMCX4	3.502483093605367	3.4892970833625174	3.53494295255497	3.52676639190959	3.584361475913796	3.5604888586334793	3.4453204430718074	2.0614197764012347
YRDC	4.390199111188917	4.692974435636057	5.308714654425606	5.527031354860366	5.482553513707336	4.764788447990998	4.945942395157655	5.088342113029352
RFX8	2.7754467017883364	2.781554599899396	2.9116673361454852	2.5815048904637825	2.4890214744256602	1.6113878599744766	1.0452026907328338	0.10512401797490546
C20orf96	2.802561056731323	2.753699482486504	2.596277884357043	2.6838907168185453	2.5121633753839703	2.2405476318300233	1.9264933373786117	1.3638238794897166
IPO4	5.629097018360813	5.795004909744824	5.8639137762601825	5.91695210573943	6.042623922334686	5.525652961516867	5.059680158800587	4.211957572243787
AFAP1	4.558463331150641	4.591237452582428	4.50822155337576	4.425443283656778	4.217553113103656	5.505735897781205	5.234291638562501	4.809949954328124
HIST1H3C	6.155451965819328	6.227945186008358	5.927227137996891	5.751152418272136	5.954300750576246	6.3987185841555405	6.712348310874594	4.024315300193033
MYO18A	6.900875425652248	7.0522448840308645	7.0034854729199605	7.034534384413195	6.91306582400229	5.7564742915064375	5.325910070824171	5.739572310639585
C17orf59	2.137592904707631	2.1109208357885407	1.7681682471041944	1.3974857492018837	0.6052207382904697	1.2247592798246232	1.91249864885886	2.428882858199146
SULF2	1.152067855862779	1.430240535020193	1.3908247031955456	1.1527516582144783	1.648475972838926	1.6138795498314549	2.2763240769966147	3.3767437142812944
AJAP1	0.6637223526169378	0.8271115333908172	0.7196160203117508	0.6836645525832015	0.7430899273948399	0.2918299261399315	0.36088582949039166	0.04177116768849426
XRCC2	4.634807837395151	4.533125929090517	4.498189607416349	4.369268418940408	4.16955665907364	4.339369274497925	4.15176230685496	3.220926071076712
HDAC2	7.530132292805959	7.500289497648976	7.578902777456319	7.681351463888159	7.6972288777238935	7.221931134754099	7.027284100121212	6.518052713339641
MMP1	-1.0450419476691453	-1.752708374622348	-2.377699160881151	-1.0229325518853711	0.1617884477184955	0.013598521857205725	0.5349949840783061	1.4826232999747448
RIMBP3	2.5215702156915043	2.3697118841263554	1.9756170681787366	0.9022625516487064	-0.30198425378890464	1.0365985817636	1.2423055655280812	0.7937678257139431
TCF4	4.933898768676121	4.908210860984835	4.935525620092656	4.962179472030419	4.94603508107374	6.625442373222682	7.042841509584651	6.599378511168982
ACN9	2.22609434754904	2.179399807145644	2.2370826337645457	2.151868680440471	2.020765262680839	1.5361501404335947	1.1834811810347365	-0.026556504215096893
HRH1	2.8520814557383556	2.7468399790372935	3.439774079470192	4.7452608737627	5.591486997180054	5.469315528439873	4.546728759383324	5.285661628819033
TLR7	3.3758903810508767	3.6451467421158394	4.254355186034893	4.645613899652372	5.0253316147686675	5.56639328899818	5.521359836981155	5.488093838278344
ZFP62	3.9376193654878007	3.657777726270382	3.331345098580722	3.1339063717708613	2.9114403495729726	3.3524647794959077	3.3707194382831807	3.071709072320101
HSH2D	1.7436464634905073	1.9897905914766412	1.7672832523205122	1.6973474052998048	1.692506871793328	3.175021940939108	3.7173791367453926	3.496148124224308
ZNF33B	3.2704630792535903	3.1917378765711084	3.188851088085313	2.859287275425995	2.6119026099428178	2.051926943256391	2.514896378125159	2.348279261772591
FAM150A	0.02197450954971654	0.3794844849810053	0.4177840292301206	0.4303470866231344	0.9882777632610644	1.8113481935356472	1.8945148202775806	0.7514734464749013
NF1	7.29409221441217	7.267102665368855	7.313437861445273	7.313087733022556	7.363420527177706	7.441116431620436	7.571945707256903	8.269894532532359
DAPK1	5.446495890782261	5.475678785597022	5.456087786880248	5.425069840610545	5.072304683355337	4.4274251703484	4.8263189097852806	7.482199088041851
HLA-DQA1	-0.2470020112224135	-0.285444755339878	-0.26158775581413907	-0.5604101462390306	0.03255645360530835	2.0745355221418755	4.277178595583299	6.258366783026718
COL27A1	3.5284901266095483	3.577014556680945	3.6754314387308344	3.8152905575367018	4.1266838581059755	4.181109217494048	4.11261226196692	5.123882986776017
GM2A	6.578104321495874	6.696123046531192	6.594681983700236	6.58882028551079	6.548912931844438	6.824118303258306	7.011301001020962	8.471701738625878
HIST1H2AI	6.149841100332825	6.208941056450334	6.071387627990761	5.940195625767844	6.172972332763475	6.303670359649981	6.317320871593968	2.4993569243939278
ANKRD20A1	0.8561398769449297	0.5573853946253045	1.1221777238517507	0.692263286836484	0.669476716575838	0.6835035890487244	0.9409999743470112	-0.5855958380588506
CD47	6.358174470279803	6.290662435465506	6.326817158856351	6.299177236746196	6.373629904632939	7.00903537510184	7.4913392294256695	7.801676589723709
MAML3	3.4525651358263127	3.426549306658623	3.3445669909655056	3.2265243843157685	3.064667980211173	1.8909210271200627	1.3789233529216514	0.9914670735597211
HIST1H2AG	6.400717035738223	6.518173337503037	6.43939985926913	6.343939806012895	6.572622450539381	6.756535716392377	6.811315128874618	3.7875425619923906
ZNF239	1.9989090016102087	1.7817451639302035	1.8634838993021818	1.4534612614080855	1.474153156551846	1.082543376668022	1.2806610214865461	0.31451750069564577
CHRNG	1.3305582518483683	0.5284399630405632	9.503975929837094e-4	-0.3245777012288086	0.360497336580879	0.09260762658705636	0.3274670096479406	0.3387896199102499
C6orf106	7.383287802965322	7.399509025430726	7.363410837960098	7.338047862130536	7.3057049549111515	7.05402740429996	7.29981792479821	8.426345599827275
ZNF709	1.5295002451591317	1.1405402290946611	1.0702468597024204	1.3288050780040437	0.7790807130209976	1.515262359554816	1.4062875932343948	1.599191504689387
ADA	3.022567529250166	3.0817038040982956	3.1474011421213746	3.6087473903796417	4.022994912331345	4.746368775568767	5.045295722459282	5.415267531024778
ARID5A	4.087509245650761	4.762875873520947	5.54055220738523	6.0999112188347215	6.339132365252137	6.213802684885071	6.346051434565037	6.46383162352077
HIST1H2AD	4.806153074169391	4.884671642563961	4.715182222897244	4.671893137358861	4.875684800426745	5.157077797066929	5.451718377523838	2.634406815941922
KIAA1211L	1.38877903500113	1.5782396576189899	1.4135432541245523	0.9336778295666108	0.33164903632375675	0.9391006600769829	1.1054676577317535	0.13272840329072644
HIST3H2BB	5.133602353938077	5.1816640949206665	5.114051361172205	5.012045703897443	5.147682848883909	5.160431103980709	5.184696436913763	3.3661481887212337
KPNA5	2.614586935130097	2.611869779733384	2.826445067248984	2.7279250248078517	2.378357036508877	3.7622385670046343	3.842470928641069	4.17113079330768
RIMBP3B	-0.10762578534687826	0.013879319095656567	-0.6691008013639382	-1.7437390164319058	-2.3104147102454573	-1.8590751102602197	-0.9645861884957624	-1.3691790868089955
SLC39A10	5.821091092654902	5.7177873413721665	5.714982355853179	5.707839843386578	5.609385747561536	4.854462023170608	4.379942765231281	3.949545187033701
CASP4	5.164049850729098	5.257578095858068	5.301357516210233	5.599224356123424	5.903429833875088	7.23332803370191	7.6938643947379575	8.09542089930449
PCDHB16	2.3471765949169408	2.4461361322926356	2.3593893959127317	2.2944410028669564	2.512374099840887	3.81293474322752	4.106999262816862	3.761541006767727
AL360004.1	0.35740684421131397	0.15032857618541745	0.2779375188177205	0.25720402843449086	0.41887443067780294	0.984791358781874	0.8248074333272563	1.4140412086898273
WDR45	3.522838512859612	3.600849573668812	3.6755255709159136	3.6209761709094117	3.7426834445183674	4.305192803845148	4.562521402341233	4.709667739585091
SERTAD1	2.418095689504005	2.5174520704224514	3.448342463587966	3.9608662494956404	4.058816713685031	4.485306352560132	4.010572476002237	4.670377340520644
ZNF398	4.969906887684916	5.0555935944568	4.666992701765403	3.9826973198007085	3.685932626436415	3.9090836657539327	3.765580643499543	3.9796647255163107
SIGLEC15	0.5595826525510124	0.9122245409251721	0.9014850342288331	0.32696072675188337	0.059748450107070444	-1.0484937016972196	-1.1790621118550364	-0.7726226592796527
ZNF420	2.856512784471917	2.6845424086016747	2.3798995262662377	1.6888582389417883	1.1510968625392426	2.17621456907169	1.972397662330642	1.9378693533612061
HIST1H4C	6.494502732502447	6.484737544008569	6.453511451844708	6.562069175499216	6.584452771944136	6.888308408164443	6.794213684084406	3.330651921656235
IGF2R	8.97530900115629	8.97704261374449	9.006449828108435	9.05822061463936	9.28543454243107	9.529544053670563	9.744512873746917	10.266947383363982
SLC25A29	3.7743931848946426	3.9439606464479677	3.963178072737978	3.818486473855634	3.7399940834653327	3.0336177479758826	2.5053429069631763	2.778465133202441
PGAP1	3.6428606392853093	3.4934064128522104	3.7207828475470284	3.5207051127639413	3.6364015820103903	5.399519275333681	5.49925686261399	4.6939190250084195
SRC	1.910703855992232	2.1852548771563116	2.4582407820293355	3.654485614570449	5.511191499405287	7.4007899551557985	7.632164479301581	8.428641310138218
ACSL5	5.597883272189023	5.550407924832223	5.634238338152801	5.852513195586842	6.038239741069655	6.320593840454418	6.433333654873168	6.6113791264523805
HIST1H3J	5.295370388737295	5.430952377281319	5.0426139753551595	4.924608736209101	4.998392980093275	5.269608623117949	5.599297660916822	2.438268262114348
SLC22A4	3.620852367617273	3.5797854479010054	3.731705255972428	3.757759832513268	3.9324577404541263	4.071485438761544	3.6862808944600607	1.543649121173121
HIST1H4J	7.643783662438752	7.705322182309147	7.571004883058009	7.47442856959516	7.696676448828979	8.074796865085764	8.229119066006486	5.852315894509614
SERPINA1	3.332291677269649	3.363099176304485	3.360265160061528	3.4983131351890555	3.7020242072545972	4.085665446760139	4.201570397701	5.081483669671931
KANK2	6.042796976467454	6.077583710400969	6.017470389850972	5.912372626589128	5.737257180108719	5.023147399994794	5.081035046303253	4.344160127761478
CCL4L2	-2.9234699167725795	3.4997397415384017	6.1621065037266955	7.455845501566349	8.327851223386984	8.301617175117768	7.318837499977705	5.528640861076483
GTF2E2	4.3379019291020375	4.258894384498975	4.238029206905013	4.295512655536179	4.097322088005415	5.1765079271950665	5.591773122911205	5.7279718650747515
IL27	-1.9194387648195148	-1.4727942460250565	-2.2151854585011517	-0.009663643959702761	1.9399072967543942	4.686308825552242	4.688309136985614	2.45933079301464
RAD54B	4.759004615009545	4.64349388159938	4.658905240688678	4.594416150173534	4.238000731207375	4.349787507972046	4.42383829190962	2.617196936527062
BLM	6.105245965230356	6.045759451473218	6.1693480642078224	6.2125153167108875	5.8601497225077885	5.523462595276726	5.492052909101953	3.6007026371019095
SVIL	3.7777974972203836	3.7887388540669384	3.876229764751499	4.05303701009351	4.039898359177386	4.329363195288466	3.777107028029759	2.583181843921242
LRP10	6.778105393508815	6.858624666652446	6.829576405771684	6.7685595606321485	6.852161429318757	7.0732830417620765	7.447293215859114	8.939103552399441
PELI1	3.3154632229936425	3.6741027392942627	4.574030150820524	5.791374999694444	6.579091624362082	7.503040732747758	6.73907790041876	7.00404135848944
ZNF655	5.299435577482143	5.324867454288809	5.302410755135967	5.292586799893921	5.279934790197736	5.668456301017246	5.7667441582926	6.527290708885068
UAP1L1	6.390542022876911	6.321017510147541	6.263276172451617	5.9819592160514325	5.733711356614336	5.3489780582480435	5.897034151505323	7.13073551126929
ZNF98	3.5050848516298805	3.6575951006841407	3.7880266098519324	3.5014823760492106	3.24402064198446	3.104039333908475	2.8080172046342486	1.845735225480974
ZNF786	2.648840109958784	2.4720270810035805	2.116626276470372	1.6965472020214356	1.4746993028983568	2.0305129663193564	2.159964037731363	2.457143489017926
SLC22A5	2.9947315637712038	2.911603334097101	2.942096229185732	2.6753586167177503	2.399980230980746	1.2098479347817814	1.426637155334912	1.3131021215002323
C5AR1	4.33740927167416	4.455266679375169	4.080192401292737	3.887649777890956	3.655171124597593	3.1380862894350563	4.092483530994528	7.346870315873874
HIST1H3D	6.430462990774904	6.435608945586054	6.276717821374197	6.177238300197269	6.264099332824022	6.565456936836075	6.671486529344188	3.9212358856540313
DCHS2	-0.10094059508320541	-0.31017485408492185	0.06058648299921268	-0.5091088370293116	0.1369013499077569	0.7139856862099201	1.0648988887869377	0.6904700157800816
VEPH1	-1.535711842736798	-1.884345107705006	-1.5124744859487096	-1.892178629760695	-1.3468725832824662	0.6644492950380232	0.28894970165071576	-0.5874882148457131
GSTK1	6.085356436481111	6.14026003441114	6.124987937222797	6.243849563596422	6.434452290989073	6.903667262727046	7.01973525762007	7.169988999954282
HNRNPAB	7.875623020264529	7.881466066793922	7.964205396121484	8.114394884659122	8.192582051655414	7.780375556509659	7.525041264914185	6.645393822187691
HIST1H2BH	6.374020779829752	6.345832002038551	6.132204317889766	6.146492852823297	6.174127076844296	6.545055899960847	6.713615403135336	3.4603882593307635
PDGFA	4.670555308566749	4.498267600923869	4.583076774210387	5.218943159515524	6.07827533545275	6.169021590381702	5.327775972081801	7.285457513191792
ZNF695	4.5249234065603225	4.520158671423011	4.935018526375687	5.089963687593308	4.907855672690288	4.624579326951633	4.18398630849048	2.8156804914150464
PCDHB11	-0.6041328806196942	-1.0224305446414454	-0.9271793760268334	-1.0280100585655305	-0.24076753931387027	0.9040787440136343	0.6092922002682994	0.5996327171744978
ZNF628	3.233212738753723	3.548588753892128	3.438746931821613	2.5808812264089855	2.2086003832059973	2.9662407467865	2.753454229075523	2.7790068668236736
SLC2A10	2.4670851602262083	2.5222077207053912	2.4271081548953317	2.280567069240584	1.9777380981331478	1.3436940359660572	1.1289115718163152	0.991467073559721
C5orf56	1.804610890422437	1.7576321352790099	1.9048032678343203	1.814450222048693	2.2900356373025175	3.8204377073338667	4.201389527007372	4.316056369255273
ATG7	5.724518890165157	5.769819162465504	5.812810733783054	5.843932475685231	5.878076277172937	6.016542638040663	5.900849762299424	6.878398995933452
SIPA1L1	3.8039538950969676	3.8195689294278514	3.718284303180214	3.6543376436915693	3.690918945908882	6.21377153994932	6.531474445784797	6.244723863718373
RAB40C	4.195760513461935	4.316164783441893	4.2556709174064515	3.874337724143139	3.455683949477999	2.935787603195518	3.0497528235280145	4.0523419314960005
HOXA4	-0.05156861290450583	-0.3624809656172281	-0.5015158571282616	-0.70353056943541	-0.997252078772428	-2.5375147411465244	-2.2412431277914484	-2.8616546954713487
MPEG1	4.844932427471014	5.089054003735525	5.003426120698512	4.991776111281903	4.899958201449104	6.141645983993663	7.5213724345485	6.617590161728682
SERPINB2	5.506287932378902	5.420524159121695	5.308317490397375	4.723577801441822	3.4182243395936958	1.8303571676416115	0.750741972703625	-2.9888422004626323
DPP4	-1.3524652415299703	-1.29706894241776	-0.8529130050021599	-1.0927078885152657	-0.7911789724828462	0.282033545252408	0.3563642696788944	0.3093780053495392
PDCD1LG2	0.5077860599334268	0.32373744264198645	0.33313637755563774	0.7728199851918636	1.8600401892100369	4.209609726855803	4.598797001959876	5.573741925622477
HIST1H2BE	6.394751996873288	6.342117797698121	6.216459883208799	6.20961730376467	6.3117656030939475	6.458941843770616	6.701612972472072	4.15250355026061
CR1L	-3.6437446337605643	-3.4414564561599406	-3.5276579399225945	-3.1640708306912195	-2.184962943599575	-0.5803895130724255	0.016710739919774092	1.5602057829456453
PSAP	9.66799539353383	9.687455473022968	9.611576882070189	9.628979385505454	9.67751121789684	9.919717841931806	10.007434056526048	11.177120889928249
S100A10	4.770467468106936	4.964100810358128	5.641648140069549	6.358834256075916	6.766700456853469	7.30301605571968	7.483977494565005	6.960097106176397
TXNRD3	2.6519609739785235	2.5610039879474362	2.6381962814612008	2.543266374664526	2.430029057027721	1.9560350383063754	1.6710388146339046	0.7006986747835151
MAP1LC3C	-0.10762578534687826	-0.10821668188114672	-0.42108395550904604	-0.3068775477322349	-0.07407698674868521	0.10374242340967378	-0.08275079519104273	1.8693022799895913
DHRS4-AS1	2.6010715683957892	2.3881968941237686	2.4742570055522526	2.3484802980618134	1.9780090674717052	1.6280430711460094	1.7120885474772813	1.2075685761405337
TAF13	4.823964292774239	4.706226544057319	4.825450595753612	4.9011845193592345	4.975401968852202	5.297627738368595	5.367591214074784	5.898658840980829
ATAD3A	5.769205563870579	5.840129207721276	5.92418790072441	5.95134657938141	6.003579218430998	5.379442989998548	4.8900567739689205	4.206510513709151
CCDC180	2.401249030520912	2.423866559687669	2.314922292647429	2.311200273208814	1.8904955205008682	1.4777239244150255	1.6442898752840787	1.2540310083082704
SLC9A8	4.303811893278459	4.5363161529231615	4.650309291782383	5.025506036043399	5.5700376551301165	6.085599710854115	6.072475248985167	5.456250090494038
HIST4H4	3.6894286089664696	3.620474291309995	3.4464723027685715	3.220008256978592	3.292880419181991	3.170281091599904	3.558424856529722	2.7796986691045937
HIST1H2BF	5.531781783214663	5.495650776004987	5.225242238681254	5.269605436577158	5.31768534567777	5.494777186675719	5.720481239081536	2.335503503264118
FAM212B	3.1607138963453787	2.963233463567594	2.558089251022976	2.2903913102541757	1.9094231044655072	2.859805634589484	2.6787937432642233	2.9649743325622957
GPAA1	7.4692934108557525	7.659169634189365	7.749872722335462	7.602458683177385	7.764429909701273	7.862009519582214	7.687505284924267	6.357217859228378
SGTB	5.965071643832081	5.9545215172027754	5.922594900894689	5.970748673543746	6.1284765924497915	6.955304737946577	7.80537904325497	8.51959361918373
ZNF790	3.1356274784824856	2.9462850580323288	2.73121209620561	2.300303739331345	2.1332781785970196	2.565524610874708	2.6920791654833405	2.8383408730270947
FAM49A	1.9309688661275444	2.013032838731851	1.984899207565908	2.0799235906888915	2.75901285345466	4.489959393125271	5.000272057097343	4.9478826254732695
NRAP	-3.117584264525857	-3.2846493474574348	-3.086036938042547	-2.8328016493715307	-2.0327115187810056	-0.8362977403267198	0.5596716849930122	-1.6744247402030201
HIST1H2BK	6.953795262407706	7.034360059088499	7.00206048848327	7.01810144623948	7.158454426544081	7.337844304758162	7.370756357094892	5.761045368750578
TEAD4	1.7988239516087452	1.903174862188226	1.913839899876441	2.0353069381787705	1.9862216143596367	1.7210484398019628	1.191844073387395	0.5446608618650597
HIST1H4K	4.379258322523548	4.517918351834882	4.222311564509246	3.8678222126147954	4.176601712347479	4.520243838526511	4.84903281630826	2.54573538479879
HES5	-4.551196259797653	-3.7860893895559986	-1.8983654953671598	-1.6950681070902203	-1.0297394420291313	-0.7804294454901738	-1.9131752676659957	-1.8281534793170067
F8A1	5.964234687676971	6.31856049603544	6.950450588426252	7.3732293349464735	7.769991777322385	7.213590034404388	6.819851850675603	5.651755755289598
ZNF823	2.8551747940593826	2.5348031205073798	1.9467701930100225	1.439388504280958	1.3806635083489378	2.3563393688124856	2.4232877514660203	1.9406483700361885
FCHSD1	4.093515631018323	4.025045950381524	3.8182895037973923	3.76045600623538	3.665226316913266	3.8981040484240763	4.152776760509298	4.995736812008159
ZNF71	3.0472733799049028	3.0207990868068784	2.778673481661698	2.2826484305725394	1.8968412082715513	2.731748844937306	2.690331997456118	2.8398894591371198
DNM3	2.4473815010030107	2.450678041457719	2.5631776546425433	2.516550139001302	2.5068160790626735	2.171322292348474	1.7323356311832163	1.0643394830980775
ZNF121	5.272068122001669	5.1085958390098085	5.059305383863965	5.099718210707228	4.89923495917647	4.2320152567879985	4.185597551935654	4.094399350500259
MPZL1	3.3247656727617967	3.307069559032329	3.051311382075503	2.9549607907926614	2.726582856939734	2.855713085558418	3.412265538552342	5.714524578136427
ELOVL2	0.5718458640306658	0.6144226957632452	0.6383649559750522	0.6513791747762234	0.45755844223672215	0.6238814470754237	0.4313392586936674	-2.227696059281865
C1orf122	3.8008129058708997	4.010716064485938	4.206001555744816	4.224503404201637	4.4912210135922574	4.656573875741304	4.753771104722016	5.629517807975996
PCDH20	2.113613178202246	2.042640032577027	2.0693524299133728	1.7542629673888037	1.4562676257837026	2.471095015569993	2.8663861222866567	3.379837779214587
FCGR1B	4.691875593823608	5.654079995578414	6.612688441520194	7.221311819863718	7.701003512211322	8.109364074151163	7.988319662488159	7.256117414436876
SIRPA	6.939827747960154	7.01199466726462	6.958806629588203	7.106707482922457	7.37864186715766	7.868937917143981	7.958192073748544	8.897725317484841
GRK6	6.069261886874853	6.127683827780486	6.115082209502224	5.992564768818418	5.784226274696007	4.788350259972943	4.6662443420486754	4.6278879241816195
PRIM1	5.161673501140457	5.194179222324461	5.165912782206755	5.1191923126882415	4.8109443112388455	4.04460318586421	4.456027625898743	3.192937314705065
H2AFB1	-3.6680568570699004	-3.053214129169792	-0.6878891589438099	-0.4690559092115135	-0.0356071751099127	-0.24203215991752441	-0.17068601989064916	-1.009963672970542
TMPRSS11F	-4.551196259797653	-4.071629040213432	-3.8238569624685823	-2.642101039955416	-2.0552360244570806	-1.9479800245804033	-1.8165038278477623	-2.169467147931779
CHSY3	2.0338797839092697	2.142844460416433	2.3643162220173806	2.4103277341197273	2.179784121127219	2.9477744952969687	3.733167759013696	2.8529612506049187
ZNF544	4.626467757554245	4.573301951797665	4.5791877996907235	4.360481774155934	4.129770026350535	3.9468690158812105	3.882258126337337	3.319442081369593
TMEM229B	4.45944740671626	4.589233875507588	4.342379341207293	4.091755398962867	3.8571746283779587	5.728703495790038	6.632431549723426	6.683984481570545
TFDP1	7.602994272746399	7.587227807502115	7.66105623171979	7.684152027507309	7.7039819917226655	7.41804674756354	7.1877757126674044	6.554581456897908
SULT1C2	-1.1914537450059264	-1.4294563114577181	-1.7720487271979517	-1.4812142320056934	-1.5304648193516364	-0.9693266413921986	-0.8053986861749509	1.254107433795071
ZXDA	2.710487980371238	3.1386822047096143	3.581249823014467	3.704824606697737	3.843002093987352	3.6179838161577322	3.426398903176093	3.3631491523939143
SLC29A3	3.1118269646337255	3.137303615271263	2.811429843203554	2.207231544642603	1.7955035385206695	3.005317102416534	4.275172076389635	2.8895463029429105
OR5B21	-4.026994895130545	-4.076763669173083	-3.4664501529642724	-2.9730420582250545	-2.3575310903504394	-1.5613946766973428	-1.3619177901075825	-0.4915272957201561
H2AFB2	-2.540920386690356	-2.172243584270661	-1.6924093921459256	-1.14396879811089	-0.43774313256823433	-1.3328168775432427	-1.8162620434165149	-3.3702574340144196
FAM109A	2.8358840116139596	2.7616097874103716	2.4073480048121993	1.854243211332449	1.2844623600913692	1.942713418111816	2.7823330847248013	4.180105570538119
HIST1H4F	6.229112317443059	6.1684178360455855	6.042679699767124	5.992260507976798	6.0133880042587204	6.298383207486964	6.311110556296542	2.759278913063046
HYLS1	4.742571295397727	4.710762918529102	4.787628691507199	4.775307264855442	4.332486387097271	4.004727271454917	4.256827896774912	3.3794639787613603
HIST1H4I	5.339625411261365	5.286801760735621	4.978665619967554	4.838956222765894	5.005874982181636	5.320651068409435	5.582239502620178	2.7626515731458916
PIM3	5.23956117726922	6.003058433633047	7.324240125991982	7.817080209878421	8.174074706738267	7.815049015816243	7.748645048401986	7.680886373849747
HIST1H3A	4.415421040944839	4.625313792020279	4.366399703628945	4.1580815497794195	4.4384986514577385	4.735820739064494	4.638745399034739	1.4724870506302583
SPRED2	5.596177499196582	5.705369323577363	6.283707252297887	7.104797638988014	7.64299945414182	6.94892804099814	6.629909433418843	6.469382366560464
HIST1H2AL	5.047193226972093	5.158481684494829	4.911589104494492	4.829016828882288	4.99532293856492	5.192568371992788	5.602613058289304	2.9226829285414078
NTRK1	-1.9795950446887494	-1.7812576228715837	-1.4519713907406757	-0.5433953991519092	-0.004818833420594748	1.3833573456819657	1.286077935938274	3.5052674239174744
ZNF69	1.9423774299731726	1.8311295464604835	1.6386586326399581	1.4141388064148592	1.1033938091345887	0.7952418363125483	0.7106687195812077	0.32419250154498314
NRARP	2.7072572896799754	2.718259581884647	3.1219364844156443	3.3588889185728066	3.3255101139230865	2.1531574654341328	2.15243278613365	1.369811526405436
F8A2	2.2835475051272116	2.5395735805084616	3.3581543780485035	3.7687688683265836	4.110380704383431	3.707213803854743	3.2070201809140184	2.2579874741820642
TPM2	6.415614066576651	6.32343621383089	6.1938946056497874	6.370302764710036	6.28335911978594	6.027052565566573	6.066670476993432	5.360155026899813
ZNF280B	2.914146536220808	2.8224314023601593	2.458092109039452	1.8285924303570735	1.6045914058267496	2.503456225656514	2.458826367441885	2.453911699356754
ANKRD35	3.301863005054189	3.3985032120038747	3.285075854858542	3.2645204947537736	3.0727181905263774	1.4636282969215983	1.140825715242889	1.0134291092651293
HLA-DRB5	2.7868521466270098	2.8374385775110538	2.805501391121547	2.890016457074118	2.9632969304252565	3.820976625745279	5.241824650583927	7.253746130235326
HIST1H4E	6.990442128787247	7.089417310117048	6.964747595748822	7.083068847201879	7.107400281131568	7.185763439121392	7.279706346157278	4.213462909271828
C1orf228	4.090935804447294	4.4039481801555365	4.698225698571866	4.742872977125075	5.170127655997013	5.705800555670925	5.346273846205991	3.117434762883089
ZNF627	4.213260932220232	4.060051229297949	3.6286738348087013	3.236160915722773	3.1220525787067572	3.7704156329699416	3.4515487351410106	3.974999882029807
WDHD1	5.781292364076857	5.645507332301344	5.693830705342908	5.676723499201687	5.5069370173475916	5.049221762446009	4.9510146148805125	3.546362582180955
HIST1H4L	5.264064204994945	5.253127599323236	5.145721212934761	5.063762614252786	5.167811114057281	5.361757089116844	4.799226965523497	2.2139830065457424
CTNND1	6.512334984080007	6.4543253596642	6.435362715851997	6.565890614495408	6.841585041705484	7.799706537328831	8.076921511950877	7.588670630318871
SLC34A3	1.6801060278086077	1.4157112003851173	1.4721157071360365	0.9430839496465953	0.9883992894111469	1.1289203830569798	0.9939191199396401	0.3212721398756467
ARC	-1.0287948394885003	-1.134857201260331	-0.1708864486055511	1.42386397353241	1.8866306598542584	-0.06881536379375014	-1.1813089625705093	-1.822634769261942
ZNF536	2.010951274966243	1.5962401715089793	1.166950923085739	0.614670737143749	0.2835445379099184	-0.006902442573763656	-0.8296055416033192	-0.27044502260514436
BAZ1A	8.35207110566505	8.360766166565927	8.516406786790688	8.79585265091013	8.874822625698723	9.525270154133597	9.64077143468218	9.674451316412746
STK39	5.167053439679312	5.12805198527559	5.184804807049787	5.364501941228882	5.337421224321206	4.97584992238344	4.613244079059019	3.5100245051114003
CALM1	7.989395963559531	7.920012125577392	7.9215215276161235	7.979886584330661	8.026743992347999	8.25906950230279	8.330853728590231	9.262526322383177
FAM19A2	-1.0063256476743785	-0.7346454870169031	-0.9732582499146547	-0.9827463720781253	-0.3289983294480566	-0.020016277042971306	0.11856154566533217	-0.1290573814732596
EIF1AY	4.452856231222002	4.493355370186798	4.50192113178648	4.630660388591533	4.737755805337287	5.314081581141005	5.6309660662015775	5.76782027552912
C1orf85	5.330148020647961	5.377975450626662	5.30095340816958	5.291834828604126	5.281943590316171	5.15538387061441	5.104303883333122	6.3517177508139655
ANKRD13B	2.324158092763	2.536269039689111	2.235755534653761	2.3927738964357044	2.331722024181664	1.0788394254636888	0.42639277953723764	0.07468773861683624
PPP1R14C	1.4580579465401962	1.576680166242535	1.596344444821269	1.4968272437110193	1.4534815202164169	0.4341867261654714	0.16389025399923185	-0.6471559756436953
F5	-3.3413776250592093	-2.8100198711593394	-2.4341044163824694	-2.34582426664163	-1.2123292840975406	-0.22094025277124416	0.14850248687145157	-1.0923090781466698
MSRB1	5.174255737867478	5.517115439176845	5.859474826376757	5.972962634721206	6.182781869346157	6.790515537430764	6.968645202824028	6.615743232815941
ZNF652	5.714408802770242	5.706613280057809	5.602355033564519	5.301550628807892	4.8333176395524635	4.366542286618435	4.571633847808036	4.7370432376230305
GPATCH3	3.2489818957098517	3.234566620468299	2.928665791432674	2.9904276470643048	2.811970637655136	3.4694364212833166	3.482431545891643	4.352665120461221
GATSL2	1.4110789980035672	1.8331271119062276	1.7733086282372146	1.2199486084367186	1.1124960569695677	0.06093997565513022	-0.02914170046201281	0.3401483935578564
OXCT2	4.441646232707219	4.31968003045151	3.8631548784910796	3.1981679916091243	2.7117941205629585	0.6176296366912413	0.7871456669519947	1.4480723673900844
COLGALT2	1.4073699897035592	1.5668735059201564	1.521665694775126	1.4967066008828844	1.4984469556255637	2.4773613947204236	3.0444031270921643	4.105121900955328
EPS8L3	-0.8753854626870966	-0.6701315860646806	-0.4378072968223262	-0.6566878674017012	-0.6844981860177036	-2.7515674309075147	-2.0884273686444947	-3.1243381347705217
SYCP1	-4.551196259797653	-4.275658866023473	-2.9835193034252536	-1.842451811360251	-2.354015493683441	0.11752304024259932	1.0204220543396751	1.583748265375501
FAM169A	1.8419389917108129	1.8431861382200136	1.9332217174449884	1.8254008856658233	1.7125687457461647	2.100609598258816	2.606344999051011	2.580411355089482
GRIN3A	1.719078794046496	1.81055813533033	1.5319859453483138	1.1819106613444266	1.7335470503746042	5.760072364103028	6.637368227926247	7.284211336060217
SCAMP5	5.853739136669425	6.00461895331183	5.818628119786438	5.633013945320121	5.294636339201823	4.2403156371173	5.142103205360966	6.462788812563501
ZNF521	6.682761225256167	6.776186493538988	6.778749634987847	6.72099245489165	6.440381333689114	5.691356591916788	5.863166181011369	4.789731832436887
ALPK2	-4.551196259797653	-0.8679184606072288	-0.5837187293480836	0.012664535413035874	0.5658112237951847	1.1937651190280285	0.8943309284949426	0.19970429091715358
GK	4.470500199071225	4.597941169418471	5.128938454300597	5.822402141008997	6.545962698990247	7.33818888386387	7.212897682455427	7.539375789900704
CHAMP1	6.164004840610465	6.105398225131637	5.9146239473542845	5.432673717477474	5.099602823397115	5.916049996662426	5.875738389049403	5.239612805299785
ARHGAP11A	8.16759898396095	8.175009014396988	8.108255212547519	7.811401112976294	7.142486159174231	7.854974034634365	8.089930934199078	6.220841932444786
SUCNR1	2.922826940181799	2.9496775534742086	2.8382731049651273	2.5442211600902196	2.364868934308613	3.81034104217431	4.053625664263794	4.409247789742652
HMGN2	9.852622842558235	9.880564673135948	9.96324241514156	10.073174563661524	10.15939006109899	10.338590077354088	10.230056706449771	8.661312477400973
RYR3	-0.44595277342358497	-0.3759209002752901	-0.21910456338287265	-0.36079527584741045	-0.41265794980889475	0.3870887523188521	0.7058883499344941	0.36485053143777746
DUSP27	2.9921529719023523	2.9777889944361755	2.6497323721216475	2.17469376852688	0.961618904164411	0.9337937770471683	1.3721259106922394	-0.9898464528021094
CES1	6.842593608929127	6.912491025219046	6.930638444419521	7.063680674995899	7.198360527063759	7.448380959225001	7.612660483318638	8.076149723236789
RUSC2	4.78593901671454	4.917867126994883	5.015194900294766	4.642757132368134	3.724458759333909	3.515232657149758	3.831626274839455	4.90749007306882
GRK5	1.4171586346600753	1.471063001365698	1.255265083364044	1.3773830141305625	0.9376412274958181	0.08394775006858961	0.36756400455563576	-0.28155026699697727
DCAF12L1	3.4860492531680625	3.428703894546504	3.5186807687688555	3.398045581541215	3.1639510057226747	3.8393265111469255	3.5802394178435026	1.9253239733036145
PRMT6	5.258656086724828	5.161038809598059	5.221642027725187	4.9866570283671905	4.707891244024534	4.754789042327887	4.7357401827472	3.975493929051093
TOP1	7.420717328102372	7.401304100950162	7.583285482464882	7.971646280465443	8.184493211288657	8.854859771603607	8.817575295943286	8.594707509473558
PRC1	7.255648254371425	7.295409130249639	7.335776805419641	7.443267547375205	7.307685136301078	6.987766911606441	7.24843651278396	4.767849720385171
L1CAM	-0.33385939503985385	-0.14038408385081672	-0.24293269633572143	-0.44136390623007216	-0.07407698674868522	-0.18693645574596096	0.19919060082480947	1.1164025574916097
DZIP3	2.9519002674390835	2.9250263878137064	3.014214500151027	3.1930956296041195	3.340692238772669	3.7166862921223487	3.7079483418550705	4.010673351432837
DCLRE1A	4.7723618768620515	4.704827056513357	4.633421717297803	4.3499645775025595	3.7941177972356996	3.91554955694827	4.351908542415805	3.4824573325917165
ATG9A	5.651973828412833	5.774725727440709	5.660839841543554	5.542338437982449	5.400238255619481	4.688027146134509	4.597923415910845	5.232878988568172
NOS1AP	2.132243616513777	2.1716803575325634	2.230995294383554	2.0289600360389946	1.9253921200960296	1.3159292184732596	0.9770243792718196	1.778347695859026
CSAG1	-4.308332239710236	-4.55119625979765	-4.55119625979765	-3.812630774750078	-3.7105664223967576	-1.3750996242042208	-0.25545183216811446	2.2143308273727964
TBKBP1	3.6229879352454413	3.5992536515180076	3.7306337286712554	4.000125354541476	4.7361615171479166	5.456459513819277	4.727440869525153	5.685757896762697
DMD	0.18355728416876627	0.24918363078694022	0.04759027800124052	0.09464072535363899	-0.07795372145358372	1.3598580256206234	2.2275338748272295	1.3431866019201093
TGM2	1.808290414780877	2.0003754647949172	2.01762418689398	1.8699558141299804	2.111534389588602	4.196579898875662	5.168879769309096	6.838239366696714
RORB	1.1088379628616623	1.1007623672172313	0.9199128263014319	0.8993372552333909	1.0376906603886917	4.104120335860172	4.977677099640706	4.197239565309994
SGMS1	2.655435637519323	2.6905001598616485	2.7602845881242133	3.061412840097687	3.4834734391050097	3.826580842037859	3.6433354146925634	3.5847988166911358
GP1BB	1.0447873629033562	1.2276766943486712	1.5496901413618325	0.8221459721522884	1.3908196102372494	0.13470353697875476	-0.709098001186539	-0.9217673035032652
EFCAB2	4.368495409952179	4.42418992765473	4.47099674039729	4.6146925307814275	4.651822030066066	4.515676218971429	4.234161636725802	3.485611308185325
CHML	6.049949835885846	5.904329800220323	5.940977590292124	5.9465222273616725	5.872247498552223	5.184935216637465	4.663805343496745	4.520222870219078
C1orf95	1.9591059869927399	2.1784081856582613	1.703392425031309	2.565946650776169	2.009855293736044	0.44784716924017187	1.0771983275453518	4.331368262489183
AC092811.1	0.7949745759379339	-0.1191513693006973	-0.3288779884425063	-1.3718564852126027	-1.3724268266613082	0.15855437924628274	0.36564645939307105	-0.3242715970636723
CR1	3.7644095832131717	3.728505810282137	3.7186134057216496	3.616394563902574	3.631728510775857	3.653452797999946	3.421428988794625	1.2581123589743455
SAMD5	1.2722601734496917	1.1561579280989542	1.4587757849736802	1.6171074227466042	2.4882401149704423	2.6762133718941756	1.6825424991639877	1.267165956988225
FCGR3A	1.5509658072711272	1.502245242997597	0.993483072441564	0.588526781719396	0.5127780350611545	0.6746757524302116	0.6664210226933658	3.2086066084502383
CENPW	4.43994578151305	4.42813907611044	4.586694836708498	4.645645239723473	4.655626092737961	4.59379703170246	4.53583926915492	2.462299602464004
FAM229B	-0.0032258289203339757	-0.07088606665763009	0.3108071517689703	0.30971690945029245	0.299701153576571	0.3478635905425074	0.6546375176348471	-0.5196503072012504
DDO	-1.0321369854840636	-0.7652373552272866	-1.132322116673897	-0.9291044831899087	-1.0423202823145479	0.7939283687610665	1.9299610973314345	2.275328406882873
ADAMTSL4-AS1	-2.7455814737650406	-0.8836508232028977	-0.5295734785491191	-0.405418798434482	-0.008556335637878117	0.14138753467103043	0.20634666162410836	-0.13912871761937118
HIST2H3C	8.393079578064228	8.631417392478046	8.665736733249895	8.449300143634364	8.709465625635723	9.00434655290292	9.129046212781105	5.84844412594313
HIST1H3H	6.075626839615479	6.237526939178434	6.048502344567091	5.831012531184135	6.006635705188026	6.290535507526988	6.479147970575125	3.664318306722369
HIST2H2BF	8.628388230621102	8.739565071778223	8.647592946626704	8.671279355907549	8.884970320643632	9.160212765290874	9.23831742216218	7.0210732570217065
FAM72C	3.7592427150744587	3.7685822218592904	3.9264217529730976	3.5410195285725328	3.185150139873336	3.067553319761541	3.3822903303670158	1.3845292776618074
HIST2H3PS2	4.826280022301413	4.833633831303321	4.769990307545395	4.462008853451357	4.665140357962281	4.871848709410804	4.954660937449658	3.6871212125461588
NBPF16	-2.3596074700546166	-0.801527249183007	-1.3989813662094792	0.3295907096641447	0.32368406810662154	-0.45633353026202267	-0.4636926855706578	0.14603366860180003
HIST2H3A	8.393079578064228	8.631417392478046	8.665736733249895	8.449300143634364	8.709465625635723	9.00434655290292	9.129046212781105	5.84844412594313
HSD3B2	-3.333652578032777	-3.405403400254219	-2.6609356276294602	-0.9843461102608071	-0.5542989370625008	-1.0566158027500905	-2.510804536175436	-2.6198313882066904
GDI1	5.50465963748408	5.593909689442089	5.491714069340779	5.705569292883352	5.816904849989514	6.145833221336857	6.309817034373797	6.924068561178421
PCMTD2	4.311135908655491	4.315405421568139	4.272182655815753	4.098400752162322	3.853074608195974	3.3707998446891057	3.506692450089644	3.31362874555996
SOX18	-0.9848964356495855	-1.0628505841374143	-1.267801174397747	-2.327849385969314	-2.3116994035270277	-2.30555076798069	-3.0191666626732427	-2.6198313882066904
EFCAB7	1.1945162548785944	1.339778745249141	0.9959137657954414	1.2118609182384352	0.9113941881441907	0.9964426509950468	1.6191551124168229	-0.12543696297612938
ZYG11A	2.8026612136756563	2.674694226125845	2.8341027069324483	2.6089487236556943	2.157138139131879	1.7794557666249755	1.7656697604609344	1.3951861937525654
IFIT1B	-3.4989380941360495	-3.0279034426944293	-3.4664501529642724	-2.928970488517248	-3.076402572588926	-1.7713021779977856	-1.5039790673716662	-1.1121311131308103
AL359195.1	1.76411188293012	2.2258166519962472	2.2973634711000734	2.3444439597266356	2.0085984703043738	0.9239577328804227	0.18486472293813633	-1.0748234278588615
FOXO6	0.8125694048917795	0.8775652459118836	0.9787517496258908	0.6754714539340466	0.17154183406055462	0.26290981388956125	0.12954873394187996	-1.006001943326539
NEU4	-4.551196259797653	-3.3065292576616656	-1.2891644699458729	-0.37713366421007166	1.1795047067017959	2.06967193106177	1.1658253834598955	-1.0764431129170426
MAFB	6.2873677338449	6.363692821376696	6.8162200333503895	7.300996222386232	7.739677710453307	9.162920878303442	9.337834102862143	10.244336933990859
NHSL2	2.7790190180861667	3.2944004698394798	3.2016667744830976	3.036628908614594	2.4293573005214393	1.313725434808972	1.4683532558592245	0.5109513319947666
PHACTR4	5.854860977194308	5.866926179623377	5.911774082656733	6.120366184341006	6.184695751711633	7.676205830033889	7.910215916821109	7.69845073255928
BMPR2	6.35963350316536	6.342895128588378	6.300244499838986	6.237653823796603	6.237670537213683	7.481185025707139	8.07822645287852	7.930431631061849
TCEA3	-0.2861338543726484	-0.21555461691137276	-0.5891329149155835	-0.3820286413746071	-0.4128759568262702	-1.2893426437141027	-1.6476935334470277	-2.473765599845759
HSD17B8	0.8147919227394473	0.5626524979127818	0.7176651498418661	0.9152544475322739	0.873503783288945	1.214477575776253	0.6327841420177782	-0.2653409820593091
HLA-DOA	0.8168461250412533	0.7970217465993272	0.6074214424712994	0.771904402528715	0.799050465960173	1.4029766747699863	1.9436833787783117	1.4172589400389333
BRD2	8.056593573734563	8.118193369585825	8.175816623038912	8.399017889655862	8.5494310358289	8.937559527195425	8.843090348806578	9.137929467188988
HLA-DMA	2.6503124620004543	2.891871594286763	2.797432190059841	2.7891519966370795	2.619649227949808	3.519926741768988	4.77593733345226	5.7626157981346875
COL5A2	-0.32962373442629245	4.2555194999863155e-4	-0.10868772812834791	-0.002320449576593303	0.032081240201829765	1.6232684090192933	2.113507666542515	1.0690328927924209
PSMB8	7.0861439835362114	7.205083223854288	7.321917456451537	7.451540687913339	7.698980891496035	8.506930906723337	8.879954799672557	8.685702694715882
TAP2	7.262855937315285	7.306428449885093	7.405607155285526	7.563257658667677	7.966728456708042	9.105891468067906	9.585778171161357	9.809959059442754
SPIN3	1.1280198174855962	0.9342207639081237	0.7291541501799141	0.3750126412091168	-0.33993415497886637	0.34202748849535414	0.23646084931082673	0.37681136129658277
HLA-DRA	2.1765728008887955	2.4387215023753583	2.54345088742307	2.8494658241067983	3.1826740831997653	6.5016376854874744	8.451691132837372	10.150849807042711
COL15A1	1.8422084990734675	1.9510189425082363	1.9296847619982778	2.1341654515271506	2.253335209750119	3.4112449009766257	3.5775787929763605	1.8744410293921487
FKBPL	2.0764713220679436	1.8837440454628638	1.3891970502258442	0.9314059728270243	0.35873586566151094	1.9193598089025303	1.874762821297216	1.5153529623518707
ZBTB12	2.554589574227254	2.358767363670904	2.1214879724150855	1.9835774369053714	1.6302491544699051	1.501576676132597	1.5824410644486298	1.4366328899633567
EHMT2	6.364804762827901	6.428398420557547	6.408817889454265	6.389719146274713	6.272263251449596	5.213321109701141	4.925956698239197	5.38260507144094
XAGE1E	3.732701843624403	3.917485746714159	3.9540319249101845	4.47686721429962	4.592903999775816	4.387848023208736	4.670842470151064	4.870715848547636
XAGE1D	3.4836307516231306	3.669779198820697	3.7422197523055294	4.295152473404162	4.401468128676145	4.253455182652102	4.49286478073556	4.979352229469697
XAGE1A	3.732701843624403	3.917485746714159	3.9540319249101845	4.47686721429962	4.592903999775816	4.387848023208736	4.670842470151064	4.870715848547636
XAGE1B	4.623256331370742	4.667477598894484	4.880481341613134	5.365733611954589	5.579081530654443	5.8913543931045265	6.082678466976052	5.850155302852283
NEU1	6.207103572055094	6.270449795665876	6.231653310639044	6.250574652811311	6.252856278745627	6.1122546566597284	6.1932919097865335	8.150016469474387
HSPA1B	5.242337515000541	4.9209238235193	5.388653227363905	5.700707889528275	6.0503749782287	6.454582942103311	6.364933713798235	6.824953619664568
HSPA1L	1.1345418467617856	1.4009635230787252	1.166574328392291	1.5205968513804171	1.8040475554313704	2.476315211733426	2.136617127848719	1.697439240785074
CARD16	3.371458068730682	3.291968252067731	3.133318764688159	3.4477565769251006	3.536734563589947	4.655762365466637	5.272444971714609	6.450790721887524
MBD5	3.8515345727000643	4.020245151182732	3.911480706361863	3.9074850313869267	3.7837462451265704	3.18429938745967	4.362613136159119	5.5761316677181485
MSH5	5.2125377690457455	5.331466240456237	5.352656707358149	5.359308305305399	5.343968081161048	5.227032212985243	4.958574746079133	3.3115517656046327
C6orf25	-0.09336843104735683	0.2761117098137709	0.45784099337335543	0.6328208705430278	1.0652431509500988	0.9354982769984053	0.5965372638220167	0.6342182264354412
XXbac-BPG32J3.20	-1.3856556749684195	-1.7536175987972675	-1.259187132949429	-1.3770233767110902	-0.5424053017101258	-0.071300331714365	-0.310422388558277	-0.7028196283546315
ABHD16A	5.649012124559718	5.761401090886864	5.774296331551971	5.754456967810723	6.018814519195606	6.602306472731518	6.779235806859198	6.889337152941364
C6orf47	4.354810116677463	4.28936369186839	3.955851096172905	3.790988528399343	3.5586298464557347	4.0744078072132295	4.561384037702835	5.426354918439948
C1orf195	-1.6756670395470397	-2.394673287898123	-2.088805256769379	-1.3665146502246248	-0.5259692547675057	-1.6025703086849021	-0.9909230873862123	-0.44602925017239836
AIF1	5.964802640796272	6.037630990049939	5.857900472888342	6.044662790620366	5.998969984096497	6.112839127657204	6.209293005362335	6.975012163522319
NCR3	-0.3768300301000092	-0.42642996824101154	0.18217952298752	0.45651731970858833	0.8419393446037564	1.1916847582215064	1.0801773067393459	1.2672025428949278
LST1	5.621502006741705	5.74706314768018	5.7943516625140825	5.951466112137486	6.126179292430695	6.513817559142849	6.6572416292896595	7.116315221784737
MICB	3.503034758117005	3.5267538649334034	3.5659254738898825	3.436243093630418	3.5265772712610106	5.244642932231722	5.514725331191654	5.416000292809074
ZNF551	4.925731463029827	4.934322919816317	4.826966757028279	4.651359734505944	4.412311096757758	4.224631311465729	3.873633499738858	3.1923422432622397
MICA	1.9359201949928155	1.9372394475282078	1.9562335827080464	1.6896924031100617	2.0198070449238013	3.0030894890731448	3.03362215062477	2.9079613961379263
HLA-C	7.433343197933782	7.54542762160481	7.614884418690281	7.661200496658233	7.841600399114155	8.304432107410523	8.50838546627425	9.354455047912571
LILRB3	1.2712725344681246	1.2498135683278886	1.5501860086364618	1.6675690182817404	2.0320372162797815	3.7257295273027715	4.689177147163184	6.315471502055322
HLA-E	7.343966543863424	7.47783142015865	7.519520558051939	7.6780934526608595	7.946838045622805	8.714136375742346	8.984236892221315	9.486176698727395
TRIM31	-3.306470863699658	-3.4013514307999246	-2.8997306172152797	-2.447830815860375	-1.4217497537652026	1.6300525055620954	2.5358698052487183	2.239618797238729
HLA-G	-0.38516944443070583	-0.08899641981353638	-0.19602564152077132	0.05081554422650074	0.4361211309631018	0.3846266340880064	0.8106287565279489	1.6211276957560754
HLA-F	4.118974232684102	4.194233198517809	4.1701967218405445	4.385728909996425	4.770591429398202	5.535078194803151	5.9941003535965915	7.115675895671927
AKT1S1	5.0067102243287565	5.129981025163632	5.169645961435952	5.239789403641238	5.446533593251626	6.137062849488256	6.260988479800116	7.6293519028653005
CASC10	3.6150887251815824	3.7138968717787595	3.6822973017016265	3.7485683906007163	3.5580532777198774	2.6533566381555795	2.2418055535415378	0.8699663518598311
TRIM27	5.514399061108206	5.420435879230693	5.381948439511483	5.100153935522602	4.765024993690341	4.389990568142021	4.605036777761027	4.943938481199382
RANBP17	3.1911404202291545	3.1599392738544103	3.2317309924081092	3.276502421546513	3.3331362963805993	3.2766314199501867	3.0001062488393777	2.257874020261924
FOXD4L2	1.186475444344011	1.1324315577426312	1.2846688033305196	1.4828875359916167	1.8037801144006775	2.4554950298639042	2.361963255554625	1.937869353361206
MROH6	4.417366997589439	4.389587012257041	4.3331484247640635	4.155903010862137	4.254625296329835	3.965557441976186	3.3302329431945275	3.7297572182057124
FAM216A	4.37184590314553	4.405436412185701	4.42944935279599	4.41905673471732	4.261369415778889	2.848765144090314	2.086500601415551	2.347343444668879
C11orf83	3.4093999408399522	3.3465446289664276	3.3688701569726485	3.225595145268766	3.0692231858631587	2.5990400948530974	2.4461072830072874	2.2319471421162715
FBXO48	2.507911602271599	2.4915742487418493	2.6574731608431725	3.0211532118365945	3.0931977521230305	3.601812170195286	3.6570151267363045	2.8436664617423664
FBXO47	-3.486184164683724	-3.63928453773675	-4.55119625979765	-3.7954236472702583	-3.554868685452691	-2.114052810241644	-1.3874904292736026	-3.689269690674904
RP11-830F9.6	0.5220936129073047	0.10477435604445479	-0.3835750657295382	-0.5791416836371781	-0.6078041112578942	-1.175918940453947	-0.8996221352578518	-0.6782309412415544
CCL4L1	-3.7583636431660405	4.494319497509453	6.70980243270186	7.782850206307881	8.687886287667364	8.407331141776288	7.683207389548919	6.5175780327308255
CCL3L1	-1.640040272681527	4.099500359695359	5.612670122142542	6.666412761864283	7.194008332761669	6.571164810202783	5.874308226284874	4.840568556936732
SLFN12L	2.402363479281778	2.389717810854809	2.120049853624505	2.183754844769992	2.1845589887097354	3.046601954071002	3.367585374581769	4.173192783580925
FLJ00104	3.3584378359446565	3.2370230747400752	3.2196129950512864	2.9216780621322016	3.040463949580113	2.696607352136863	2.3546302378238266	2.131941149056937
TMEM231	2.583113864316964	2.7223321430961622	2.716622152583539	2.7554425906244644	2.6245913299200643	1.8816509979956604	1.4047143881464832	0.7289002132924651
SDHAF1	2.6266820931873114	2.5277561644631152	2.369833558322695	1.7481591863708215	1.4142765489086089	1.615726942273902	1.8060745667428733	1.7409343486886786
REXO1L1	5.312565573294403	5.4304937620076394	5.2473669947375825	5.183577898378545	5.302836314386103	4.838294667479081	3.9499796306283708	2.0254663375543327
ZBTB10	5.423983563196146	5.5566920276968474	7.051890613318647	8.086564721093332	8.515699313307058	6.865637119370292	5.737075454523103	5.438418876271031
C4orf46	5.139195916410003	5.246159837359297	5.387684082805755	5.464481711029036	5.493605384256552	5.349611515690337	5.251900031067368	3.2842525995532235
LGR4	5.631155971685419	5.680564906523211	5.995338090370531	6.540162563138906	7.114730000313573	6.712175247917843	4.824246094089443	4.5047140137614115
PSMB10	6.141056682348475	6.337865172790721	6.37046756605171	6.395294879229224	6.625596848955766	7.274555642591728	7.693593468044253	7.794243790518605
VIT	3.82579811725265	4.0144847301491	4.117469647974699	4.305340970011378	4.425113553477108	3.9202976859742145	3.2782688655046592	-1.0430869700536944
PDE7A	6.788735475125744	6.801356028663694	6.968722159321079	6.783465041643132	6.26338408017141	7.1369311791893875	7.9475372945560565	6.825416708501827
MUC12	-3.4989380941360495	-3.3109715272985354	-2.2901073954964697	-1.2669014284241968	-0.6624037777208047	-1.1776257346149768	-0.6413103397861464	-2.3346767852981913
NT5M	0.9255148210493964	1.1493080799745563	0.9029825773874798	0.7398558096072048	0.5792520357915063	-0.16537168968496102	-0.6787666315417848	-2.011296308942192
TECPR1	4.187190395231504	4.255183030708917	4.085094667645107	4.033177051737125	3.8486018062583707	3.959870152417344	4.319523209342321	5.2497766949668865
MT1M	-2.874820669727632	-2.16783050810798	-1.377175500415142	-1.7000392675766487	-0.7833444662859355	1.0203709801723275	1.8391226358487462	3.2051505758344887
SAMD9	6.337993395257508	6.3756990594400635	6.2205891109435445	6.2839118259959506	6.65508258731174	8.826076075642014	9.522935283863166	10.233180176491707
EXOC3L4	-2.2599404767086986	-1.320209199791338	-0.7788597420429737	-0.3733185877913379	0.7216371491902429	1.7995777243542714	2.554451415132161	3.0954823832219094
CCDC85C	4.127823663104021	4.2044512047625915	4.378885325558197	4.166573715816625	3.9591958099910114	2.7546949098083315	2.605431515040266	2.2190466532139075
RGL3	-0.5056322279003527	0.11969013209914266	-0.09353879640760161	-0.6475858869634753	-0.5393807824000586	-0.8501702426954822	-1.4558967268078638	-2.4675002380512057
NAP1L4	6.923244875601178	6.908639584067184	6.903482979928079	6.945778385795148	6.858162831739066	6.547355024348917	6.540066658442698	5.847578926708736
TMSB4X	10.534400757636746	10.475401241154897	10.484835964463908	10.55361121484691	10.585910505811746	10.864789372283528	10.969442403599341	11.528712643555416
CPT1B	3.7269888712705646	3.638637239476197	3.6453041506472617	3.7266936380350906	3.8206718206896433	4.405497979214991	4.368260088059468	5.396985032169902
MUC19	1.2419251166538994	1.179902215592005	1.3423061995267878	1.3637939446139007	1.3613141507964612	1.1773361116791754	0.5923915584372399	-3.2962147165837132
DPF3	1.5111533589874842	1.278664581637027	0.979485146880624	0.7630784082944193	0.05046243792720585	-0.6324106091826791	-0.3937784059663668	-0.4439872721156728
ITSN1	5.013150108466911	4.971560731638556	4.764811867699898	4.73252774996992	4.474302622483545	3.7072781496216627	3.7941007224525296	4.866191258737347
ITPRIPL2	5.492090711999705	5.548346130639818	5.6717694740758695	5.754406585209635	6.013146734151294	7.66758114542923	7.948756019775103	7.592519493036626
CRLF2	-1.8426859472833883	-1.5892785852550344	-1.3354747671084573	-0.938717836949777	-0.29612182144571725	0.8239996392461756	1.2737239845432842	2.2802645089867175
C5orf51	5.72461540233672	5.65355691255586	5.662942249888202	5.562198055395257	5.1589033966426525	5.293389053149741	5.796168564026266	6.845361160306851
CLEC6A	-3.2208367253587875	-3.6768888245741014	-2.110394053276215	-1.3327591213160042	0.10456940762972924	0.9634949562053576	1.4187202539337407	1.933976724409192
C22orf42	-2.8980382824671254	-2.7274285679732078	-2.5771469414194863	-3.392667698093091	-2.437666242672057	-1.2116318396445607	-0.5972298150311404	-2.061085934107515
KRTAP5-1	-4.551196259797653	-4.55119625979765	-3.8131699644537393	-3.4558354513706906	-2.035484355903598	-2.374901355450974	-3.9007439160563253	-3.6808355938479043
DAZ4	-4.551196259797653	-4.275658866023473	-4.2723250389197736	-4.55119625979765	-4.27579220203401	-3.2958943996733723	-2.441970218192533	-1.6955433282674233
OLIG2	2.93289152115877	3.0286490005805637	3.002786965726997	3.061661508607926	2.9646943010763476	2.6498591492731283	3.467570865862938	4.891663079389896
DAZ2	-4.551196259797653	-4.275658866023473	-4.55119625979765	-4.55119625979765	-3.762190244445361	-3.1068154789129885	-1.6245506077219598	-1.6281314632703878
NYNRIN	2.5435666468300635	2.5540358199734152	2.6878960685075866	2.7317817776690467	2.658491462748964	1.8670117830019084	1.9418876351670853	1.1829536177370983
GOLGA8O	4.682597560319238	4.850931464768356	4.76128871987733	4.93006055395441	4.71115276174161	3.851034017444558	3.1481316236894514	2.571619961069128
TCEB3B	-2.3912797863044233	-1.9685641766994748	0.7801403511002623	2.3734103968223117	2.959000128790704	2.024922614259386	0.9130244608286966	-1.2015607672676738
ATP10A	4.529800915989104	4.602262162416721	4.607827208118871	4.61970370396738	4.807414872542767	6.410295653152163	6.891180519973425	6.42576722914621
RAB12	4.550632509426597	4.50937884759481	4.661727796655162	4.716006938931959	4.7452109123548905	5.55857560637571	5.683875698329192	6.237336108675583
HLA-A	8.190470400999839	8.304592330462672	8.359875283404179	8.497828922412756	8.673601367454149	9.161038023100136	9.398875847002035	10.559554283237919
PTPLB	5.815781530622905	5.8361597760823765	5.752433098882722	5.725824913810618	5.700438517326666	5.4645270407534206	5.067887298246396	4.033034676604295
WDR52	2.635201915032224	2.6247935394137256	2.557442175000162	2.5919651338224234	2.569399845054387	2.27291518502195	2.1092709148783175	0.7295677544633783
LNP1	-0.3082652489299898	-0.04272264858957491	-0.36185145609557845	-0.10961551838125652	-0.08850424393046796	-0.15266326860458107	-0.7563382506445833	-1.8272114156940353
ANKRD28	5.632378877212164	5.6639325515551135	6.085739393330648	6.739402729501522	7.232372932251015	6.085662131948938	4.62004171946948	4.644115063156443
GPX3	-0.2628824081162179	0.23368043875541322	1.1235757535480708	2.341601056741132	3.301074226455453	3.989340951208457	3.6095481321858993	1.4546697379466038
STK38L	5.21408435297079	5.113507594299168	5.291450995083149	5.491307156019904	5.773902718067143	6.085723485859272	6.392067693032083	6.095719801447433
IGKC	-4.551196259797653	-4.55119625979765	-4.102728183346459	-2.1909131640603503	-2.433412911142703	-1.6782105148738369	-2.215557313985631	-4.551196259797647
TRGJP2	-0.9563614157565783	-0.8914798965052806	-0.6090582611726423	-0.704917541349994	-0.10751663629823208	-0.8284271198976697	-1.3960769122965062	-3.522296093322468
TRGC1	2.43410717324215	2.901162045522312	3.323984467657054	3.571157328789515	3.8501350448159717	3.530169759409321	2.654082378325068	-1.4132159341248336
TRGJP1	-1.4487683533763283	-1.1345082165422404	-0.667887484725241	-0.4841569928071075	-0.4300340904752105	-0.9225347358645137	-1.3874904292736026	-3.2539729851543258
TRGV8	-0.34505742894981034	-0.19822133246414692	-0.26628447802930433	-0.17200527063005025	-0.2441427501527895	-1.0697877618165885	-0.5269897001195506	0.9149651638015658
TRGV5	-0.5056322279003527	-0.6629167367381297	-0.5746415443014335	-0.3282427715704105	-0.05853802641395578	0.2629098138895613	0.5971432277440363	1.2198357928280448
TRGV3	-0.3593570986811987	-0.020335708407607442	-0.14759091628567053	-0.10504242311585439	0.06553881078644384	0.199807138713611	0.5647575683185	1.2642363146529747
IGHE	-3.212138429096618	-2.715197698021081	-2.6695181009901177	-1.2565795832257631	-0.01493512815175528	0.24000617639005967	0.24400083933041963	-0.24733532388207224
PRR22	1.335268309822644	1.5452056453300895	1.7735600401415017	1.9363015555053507	2.1474637680526882	1.7953718142406534	1.4970004927828995	-0.3518085246870387
ZRSR1	0.6171735882303926	-0.40178701656887417	0.22933365119349267	0.6228949279364642	1.2665480414706942	2.258522078350002	1.832608205846885	1.5187392913946098
AL136115.1	0.05406002545744923	0.1240558587688671	0.2705005167523904	-0.061801850841340836	-0.05630724817621323	0.4068910099510378	0.9051329411582395	1.443061096316241
FAM127C	2.964040198147031	3.1855460303404626	3.031594442119136	2.9940106098795756	2.830206115608286	2.1793600518972456	1.7584457133231468	1.8591051862279033
RNF208	0.5634837938194334	1.032119523564708	0.8901006324806345	0.9418864874551606	0.7820315856153425	-0.39377135405676256	-0.8697461922353904	-0.18187935083464826
MAP10	4.641024020208946	4.595023591455213	4.3054547464452355	3.839135405667983	3.4053272727167387	3.9139149030826323	3.9146323623386428	3.892740735747011
DENND1B	6.480055260661006	6.414438043475652	6.623602358602944	6.650637254065928	6.551388446913739	6.599703767206604	8.082589528400302	7.9300127562585985
C1orf220	-0.1857103453454588	0.014841419390945187	-0.3869040539964418	0.04593135367449614	1.4699681122907202	1.2926908187974575	1.3055608784008723	0.4260336540034233
SFT2D2	8.329671823771847	8.34238864203402	8.339491562708735	8.242916512087383	8.385803007208269	9.63805300301143	9.79720960799367	8.79827558446417
CCDC19	-1.5691190760062816	-0.6500563374552233	-0.1284427333435233	0.1508752586070175	0.018079415319998876	0.018068559598578338	-0.2676762305245324	-1.031756294975774
TCTEX1D2	2.362222594793	2.1745582720852035	2.2553149356905147	2.3082291648087656	2.2414090964577364	2.2018772124755066	2.023533086553697	0.7605352106181218
CRIP1	5.898796313434282	5.975675821299804	6.098129067093893	6.16410744463954	6.2441481217014445	6.198539950870733	6.222094516169822	4.338640665468333
KLHL23	3.6364647628256077	3.4909640023941133	3.5570578666800983	3.6299110400053016	3.530822951345235	2.5067658134765827	2.335969274811611	1.4007842206299779
FAM24B	1.1449795767144297	1.008327675312054	0.9220748516636852	1.0102287041413969	0.7759693984162956	0.47648205162714063	0.5917889451905972	-0.2468326622783713
TRIM59	6.447867115856374	6.205335410938188	5.971409602405791	5.60971399102608	5.17661000260472	5.692201978696518	5.931293851403993	4.76426548239147
MLLT11	2.622663807899504	2.3514729320947687	2.706936272565164	3.0297174159266005	3.169986616100618	3.544335578177365	3.7321910056156633	3.783429212215318
GIMAP1	2.392872871100803	2.292683339896077	1.8194070277088474	1.396145497962476	0.9758427643236116	2.4538149437733257	2.6650810271204355	3.863010475105618
C6orf165	-0.9555650501173624	-1.2781763158295534	-1.392483129337314	-0.7982315810103158	-1.0969059532246543	-0.12404377579800799	0.4217738266424923	-0.22204087939836314
NOTCH2NL	5.496857571856092	5.511821845694051	5.896439677411863	6.393691933947887	6.883074054861891	6.238468059330666	6.089742929951728	5.531866342117951
LTC4S	2.687396634629584	2.7623637742915843	2.675336122210198	2.5409604701341175	2.660336067892687	2.4018779887717603	2.314337492621135	-0.0028964844317945215
QTRT1	3.38692051631066	3.559494291025735	3.5085470705721633	3.5667606465646537	3.7295839945289626	3.4209016408632698	3.2688600613840433	2.2564005264263125
MXD3	3.8998528885875894	3.9110342437350036	3.7701676215456423	3.374751319980892	2.9354719325307865	2.6906504224577104	3.196339799660601	2.1987644596336224
ARHGAP19	6.214755743122691	6.102162064556362	6.275278694724147	6.216513202177325	5.987330245303263	5.54061909574323	5.70007246739877	4.510787524133543
HAUS7	3.6585099605533626	3.6902473959066047	3.6393156332100265	3.6888694534412334	3.6201750571550777	3.0500099820699846	2.6275661143743676	2.4629693583173733
GPC2	-0.3778900031767023	-0.6179208837166938	-0.4775541981285516	-0.7740445611944397	-1.2453133384212989	-1.7665745060805995	-2.27882487076322	-1.9576483746785809
GBP7	-4.308332239710236	-4.55119625979765	-3.2285361522482017	-3.0517637894967753	-2.3575310903504394	0.05613066222506599	0.6066061019440288	1.9794041802548232
RBMXL1	4.724749375747182	4.873968025273794	5.524828526862043	6.017019612440853	6.059240532480802	5.821137979188689	5.665876718972241	5.659877009414174
TMEM110	5.152409918565624	5.14365931699103	5.159883096516059	5.058165011893876	5.045834829914391	5.928699158891311	6.849404055028362	6.707416055111986
DNAJC9	5.815879941654995	5.745239643884803	5.8134533765959056	5.892909706162783	5.731443429629348	5.825645237967377	5.881674288421278	4.111246097935689
C8orf82	4.791828487202096	4.861551102241311	4.86120696727038	4.614651916685537	4.628671744495854	3.9418247433011206	3.705985596864166	4.689003594562067
ZBTB9	3.6579444505778866	3.5317748898560004	3.159463085026836	2.8385318998039586	2.6080498913287107	3.3631658376530407	3.053453651836902	2.989066419340711
LBH	3.2791590375652735	3.1231299120571325	2.785489895145506	2.697588103448382	3.040650055822672	4.500998246016762	4.812337135195161	4.911665920625595
NCKIPSD	5.059126985734611	5.140179818091829	5.029743055826252	4.881601275391683	4.656276453289904	3.987772022409023	4.088220541510167	4.656754622282229
TREX1	3.5266107667493714	3.68621102439702	3.4230865307016836	3.157558516115622	3.2390223075671187	3.794708002515266	4.279771343365528	4.994872252774526
S1PR3	3.5243577306812077	3.3841507715850856	3.77815218382533	3.9967587051905724	4.551911947149196	5.069931098883331	4.285432686558224	3.8004867783450207
SLC35F6	5.125777569294551	5.193244383318684	5.0445161709290085	5.028353035414847	5.0120123100502	5.3143964815448665	5.697509547348567	6.971792010340174
CLIC1	8.728873938699913	8.795686533371704	8.858334217591487	9.054386268007407	9.226920010625879	9.620885194648837	9.760341160988897	9.423231633117746
DDAH2	3.2440407580495325	3.405268336264674	3.893697983855449	3.9523308642219908	4.393971479946062	4.6938685221823695	3.8812314853225063	3.1272196084841664
KLRK1	0.2766047681020405	-0.19798868331583513	-0.4387539410308278	-2.3421610783777798	-1.4826831703291141	-1.3010064731506914	-2.078618224858199	-2.637679122167551
UBD	-4.551196259797653	-4.272272353668981	-0.8888949951596605	1.6492857406811963	3.2483468115851357	4.8420612374697045	4.9627273479340595	4.973417289256601
SLC23A3	0.6053522074774795	0.20147556826974258	-0.3188301240687198	0.002668539091869593	-0.11063571557852062	0.4883626006848183	0.6948154721531314	0.3641741925869768
LTB4R	4.433856924434599	4.35083910954066	4.276794348876152	4.095994697113167	4.1906758944648725	4.036258126790934	3.5585008929027175	2.415571265183555
LTB4R2	-0.003994812868020281	0.9620134010253283	0.9307886237467304	0.7823434464407668	1.2170734227845657	1.2991656036226624	0.989865899103078	-0.6674011751757174
IRF9	4.531307405808363	4.834304235372375	5.01288408185129	5.426213041820757	5.869615635370838	6.919327952046502	6.950699870071327	6.788265924795633
ITGA1	2.744938148767331	2.522924461729758	2.5101074056703663	2.8639034106334527	3.2327714960119915	4.867405174290168	5.440600635667822	5.658100763901746
ZNF891	1.7596110270336114	1.6935704284446036	1.5302425615730366	1.1622173988453923	0.692211617500768	1.0453559862140689	1.0016675061144809	0.936294895526372
MAGEB1	-4.551196259797653	-4.55119625979765	-4.55119625979765	-3.7615772663817495	-2.1133790174604528	-0.5449641131880714	-0.16828122537659326	-3.2962147165837132
LYRM4	3.7765499654748917	3.7796604696662905	3.8112866822248463	3.9756637591678583	4.355956047751762	4.935710118469535	4.730275801211059	4.380293004850672
MYCBP	5.563655635862329	5.537761273648611	5.540503672084199	5.574526528406626	5.598107284709424	5.519568644375173	5.248596423154712	4.066971743643634
C19orf38	1.9035780648243303	2.2587916608619287	2.1256460977661003	1.9702345055567385	1.953963669072317	2.1326537943161314	2.5460777341793213	3.638118074684776
C17orf67	1.386355159468832	1.1643366481580213	1.2728789176243076	1.3366708476165752	1.700172856189409	2.309944043206607	2.915905557053934	3.4832182828783473
SNURF	1.2507491480997213	1.317962246236828	1.4292779799753181	1.4450526130808465	1.384783771735645	0.6495446161320835	0.255601867349892	-0.279070120932246
SOGA3	2.1095857388661843	2.4129820548066343	2.6137285479501533	2.376815799332766	2.227877797307583	2.1326537943161314	2.470639861616401	3.8415891068022714
NEURL1B	4.409494010039325	4.432659186860212	4.328207955095935	4.041729957123628	3.6547012108305217	2.321352785755862	2.69249105670153	0.39070337837189273
LCNL1	-0.12229989621902732	-0.4667370276707415	-1.381675104957003	-1.3741783448921079	-1.5419517405601395	-3.536701459909719	-3.35042141247372	-0.35714727741155955
STARD10	1.720316841004193	1.7004221602275935	1.866386878743869	2.0880047693779176	2.443882314139352	2.9767114497399128	3.1911893988956126	3.8267058560000295
ZSWIM8	5.215617477087612	5.411468701026154	5.431578954033814	5.336586724933959	5.373178951602069	5.275934819524236	5.570676608960371	6.884807245592059
ARHGEF33	-0.961623771814996	-0.8434262501931705	-1.224204160181253	-0.7416104750007555	-0.6131129554907953	-0.630873529957722	-1.029928052180478	-0.4843335266262223
IFRD2	5.60748486697318	5.678591594157819	5.747291518114673	5.798382237251263	5.829275203936227	5.239602396055048	4.80635143722094	4.216564599864498
ZBED1	4.942983775541164	5.043647748986599	5.109479877566694	5.244879641014144	5.2929244416462	6.133464985687813	6.630394250817565	7.390149604604151
OOSP1	-1.3258236675315787	-1.0588214774097264	-1.2609231182557141	-0.9974117270042543	-0.8778775087474114	0.860156278071464	0.3346993340853319	-0.06674641494345154
MTCP1	1.5515263747979975	1.269647196954554	1.3521057245775747	1.2466049452346855	0.8189746473639862	1.3770660164409871	1.0870055559765515	0.9006450860862606
SMTNL1	-2.0184417728681825	-0.3408008711737889	0.6271371551807944	1.445179673426693	2.501951651551673	3.912506528217892	3.574988129098469	3.1411538686295675
C14orf182	0.5160559223950673	0.766539943941813	0.6347736189006927	0.6221971339414899	1.2949567785877727	2.297427168707883	2.8723771516500474	2.2003619530769836
ARHGEF28	0.07986906366593896	0.35391592681152556	0.46291504102876857	0.4955533479273111	0.03208124020182977	-0.5052273045863562	-1.1118887131773618	-2.8693521078901347
C22orf29	4.943578541277223	4.777991550429483	4.441849221489539	3.9868559683627574	3.590571358594512	3.7702109437065427	3.813935678352782	3.67591549232767
C9orf38	1.6076143696879386	1.5541278031758201	1.2521087808437033	0.9326601626426778	0.6378165687624922	0.8042776488684419	0.6160551364136536	0.5041303177636546
FASTKD5	4.055995600327576	4.066181292216513	4.054837453118681	3.947182972523109	3.9690249708008682	5.064284333100048	4.926240260051409	5.027120937211665
HOMEZ	3.948385442335133	3.8419442156462273	3.62881991117715	3.467589108940701	3.287110593772929	3.963688095212981	4.455128461786881	5.1776942073291075
DDX3X	8.409518811357788	8.453321610717545	8.723413045954768	8.962397097201322	9.199639347374777	9.564405211793758	9.208449358088657	8.774384175871866
RSC1A1	2.2304476045898305	2.273936242800813	2.172448108981607	2.1671675925575453	1.5713588960561486	1.8953477342496012	3.0283585304108764	3.6793580385621643
FAM72D	5.105580489908299	5.11261993227923	5.055157705232784	5.107430811328766	4.455342474397893	4.64219282121034	5.017763323498812	3.8368197478959303
TSTD1	-1.6088164485999967	-1.6438895383584453	-2.3147871365468897	-2.3771380847256616	-1.622286332079438	0.2518426079780207	-0.18008469276233893	-1.06139749280984
CYB5RL	3.999790799496383	3.8970610139751702	3.772827595387648	3.61534375475956	3.6971123464090745	3.013555488959737	2.940199772136314	2.4821653465088174
IFI30	7.814062883651278	7.929606494000247	7.703441752081596	7.621712589454793	7.6748928672895715	8.333647501579453	8.800804692713946	11.108926767811825
AC099552.4	-4.551196259797653	-4.55119625979765	-4.071708826434121	-3.503659026590787	-2.437666242672057	-1.200197499093579	-1.6441099173017963	-2.9856365567502285
RNASEK	5.349750147108325	5.556094667679464	5.517990757485	5.5941374752938895	5.7080514921161445	5.674590595079341	5.768506990101688	6.385183127252399
PPP1R3G	3.9586135249190217	3.9910506939396773	3.8567021499813876	3.3826372623183314	2.9350634856900983	1.6026754170801198	1.6216220422883887	2.0287049878258756
LINGO3	4.218263706575577	4.271062181660227	4.242620061962501	3.6811392593071366	3.1876946667141506	2.2605668954896383	2.4373690182958616	2.6266725845537713
FANCG	5.045389281720395	5.101644893522817	5.005868342149776	4.977255934399206	4.900010932620807	4.630765378983497	4.520732195809229	2.668374044983289
C2orf16	0.9316105292397108	1.0984761005349262	1.0011512860164686	1.122341342276552	1.1823147583815503	2.0515641923751775	1.9526536469181104	1.4389466292024906
ARIH2OS	0.7170674756932958	1.078181609935004	1.109843757345684	0.9415450811200854	1.040456841832769	1.8819133585781496	1.957623277858903	1.9079951790813592
PPP2R2A	6.566727132224795	6.4108811391950855	6.345751669262844	6.407293191562513	6.423406095616329	7.455974826991007	7.7716313393526395	7.796087368551212
C12orf61	0.9830479074326492	1.9886805654600463	2.3683399170674866	2.4668949680236114	2.701317643224497	2.251148933818765	2.304675625801389	2.0328472964367434
SLC12A8	1.5667630928829097	1.8414841791420704	1.9162289608561962	2.681315088808418	3.520611119254022	4.51114967875059	4.027349940855386	3.634742615206118
APOL6	7.011825951434178	7.255307856116393	7.937622164529083	8.549751037554799	9.214447651962498	10.654652891461957	10.751350473858455	10.307637353820565
FADS3	2.2687260163855623	2.3130005633777233	2.2931167239211367	2.4164958254013276	2.626936111617076	2.9816180791815663	3.1322868164190716	4.078324637917639
TIAF1	2.954549323922131	2.9917209400267977	2.511875766490511	2.11788411940522	1.8435643368366499	1.6739588240817032	1.7028239783758112	1.8771075759439262
BTBD19	0.8797915122357448	1.853508950610356	2.926151069522839	3.38026111316628	3.8132512961004035	3.622943013972627	3.0389869719113163	2.243721327280989
FAM185A	2.222503514852336	2.1371317929638707	2.043729142122986	1.8068531736421931	1.5053723311045415	1.3892327350519358	1.7718555743619686	1.061466722647935
AC011997.1	-3.389810593362002	-1.9991334059094643	-2.2901073954964697	-2.6865276257154243	-1.2976179846236007	0.06564807816257012	1.013120025381021	1.8163772320875655
ADRA2B	-1.1729835415263132	-0.862211958663933	1.9001266715449214	1.7200909065536834	1.3507904211662574	0.17605342399602814	-1.2257002341988341	-3.2962147165837132
C10orf55	0.6735367666817148	2.122115301604187	2.8695413168124757	2.8015321479535844	2.689264581513238	1.7422353953984377	1.4469282943835904	0.6094686127672253
REXO1L11P	0.9399083981537536	0.8331723254527927	0.8090858897344825	0.3777722869852965	0.31152219512759555	-0.5607008371169375	-1.8097610067633387	-4.23802104991916
CERS1	2.3327223499375087	2.335149061111421	2.741826745439095	2.3022902177599924	2.2391815772571952	0.9864501098340384	0.588655921916062	-0.6003586668123585
HLA-DPB1	-1.530942642661402	-1.330627147682375	-1.1665933532304384	-1.018535042093078	-1.443503764737231	1.4939174532638333	3.949436545733822	5.619668693972982
GLTPD1	4.021075649099746	4.085064000710064	3.882611811687412	3.461430881233627	2.946881851351149	2.878074801558805	3.3386441611110342	3.662245494699423
C4B	0.7686145224024058	1.2272301704927004	2.104904502137745	2.613902321153121	3.3251333473788525	4.65945282843324	4.976159921492596	5.532408936232535
ADM5	0.9649622790033787	1.0648186432063698	1.8134124583178934	1.7523038006849325	1.7091231019710338	0.9591951750511818	0.8961305281771667	-0.16592309431045027
NPIPA3	0.6685682317998942	0.836497463188389	1.102196169145596	0.16118481885202854	0.37103515017722616	-0.4334161432800844	-0.34802404151380933	-0.5858254958838303
AC009892.10	-1.2403804370497729	-1.320209199791338	-1.4519713907406757	-1.164457401703794	-0.20506269911548033	1.166118905879432	1.4150424223863656	1.5570031178665762
C17orf89	4.518754227980151	4.555265370276636	4.676451945817039	4.652868143061465	4.711060540975371	4.480491609819573	4.299719884820938	3.248606134288286
PRRT4	-0.32107228379564345	0.20889424993554537	0.3108509341739173	0.38349808245576916	0.7324529315676781	0.290579799046081	-0.6851155461391656	-3.522296093322468
PLEKHM1	5.262409364389958	5.365999708972176	5.2926947168599945	5.3242569306723375	5.269712166616353	5.580074921441763	5.8312395731540825	6.686982687066248
ARHGAP23	3.843217379831028	3.9826765797658217	3.992799320121965	3.7837196201811585	3.654921341745654	4.781860336993032	4.909988898616114	5.047577512557144
CTAGE4	-3.4925091728708395	-1.063087553260738	-1.8209974944534377	-0.9606940587265507	-1.6668529548252722	-0.016532886410791668	0.14013400426168543	-1.2311949337837138
FTCDNL1	1.4067240001866779	1.3938838769605044	1.501970973263147	1.4193462111392354	1.1793775630044163	1.2101808342500044	0.7938161730594903	-0.2521075203117422
ERVMER34-1	1.9288564440300702	2.1161518217497406	2.1140347208584376	2.1846309861510287	2.126602918675146	1.5130084320625192	0.4969849740207062	-0.4179649014631527
LTA	-3.8456261987442164	-2.7413000141499086	-0.3335495272758974	1.194721316944488	2.2958925703422475	2.797493131201131	2.3939508892785377	1.7929676972819122
EPPK1	1.3756186316238028	1.4807648990081006	1.7004256230871164	1.689283614437819	1.803880319071723	1.401031451246865	1.0463431846316422	0.032555698124774185
TRGC2	2.566052226638157	2.9246826063428637	3.093952618365609	3.1573068705798306	3.4631982196285986	2.9780013075060685	2.070097788965561	-1.0430869700536944
LTB	0.3864322447056996	1.0785024240545003	1.6793021760387206	1.722145114697691	1.988152231825699	1.565766820208948	1.384734387059536	2.241744408972056
C1orf233	4.264888456340495	4.525495489160851	4.651726834368427	4.461158986420944	4.438196206402943	3.6833490473456014	3.14950344991935	2.7115179332825567
DHFR	7.8050208538627865	7.7155847828124315	7.7445410117845634	7.888055326775155	7.8830080895329715	7.835322727947268	7.5250581227510995	5.957668488746574
SAPCD1	0.2286197486197793	0.34388831746879733	0.5721281465731207	0.2106324777249562	-0.3143152153498318	-0.3092953659236102	-0.9977324081253216	-2.169467147931779
AC003101.1	-2.5117851751569056	-2.9520194517557883	-1.5462768087629974	-1.340292338717682	-0.9320160888959881	-1.4063326381217642	-1.3020688408397036	-0.6416004710507285
RP11-211G3.3	-3.6437446337605643	-1.548324558211105	-0.7468261948541681	-0.9271556105264175	-1.5031584886397398	-1.6103973589612386	-2.009263462379233	-0.7107050883371316
TRAC	1.233318952748332	0.7791192732198527	0.4643034196019571	-0.1416376540194103	-0.16202856408054667	-1.0737408715932588	-1.0295320311482752	-1.6126739349948216
PATL2	0.9856627707937784	1.0575012796176129	0.9032576557762647	1.3486767946685903	1.595099964874689	2.6704766760652587	2.7660342992002755	2.3591877904451706
NAMPTL	1.2930379119991664	1.3565963179169074	2.937629116652701	3.7860339712432953	4.470012395857177	5.338895780532109	5.415071742262953	5.423821538336433
ZNF492	3.586963527492165	3.6543749350617403	3.678764130470636	3.3317495381428945	3.0643632213097654	3.2524082937744256	2.89223152768286	1.8426992060645917
ANKRD66	-4.026994895130544	-3.796091646439256	-3.8238569624685823	-3.314063322876121	-2.801198647581411	-2.446655864268087	-1.493465418414937	-1.5815661685686866
ANKRD18B	2.4937677289441296	2.422666125832662	2.641651287018767	2.68871983045159	2.838193840873909	2.2626637149235016	1.9880392459963794	1.3513923960231107
FAM203B	3.899011439204404	3.7171561463791987	3.507565561124876	3.5196371437144283	3.420439396182039	2.5765215335534717	2.6468135419389736	2.8891115456000502
ANKRD63	-0.2491034926436694	-0.31229891930826936	-1.0745989372958735	-1.8713780191085223	-2.2588335459916395	-3.700998481603803	-3.9714981408481096	-2.9856365567502285
LINC00692	-1.25406975063771	-1.161928111365558	-1.0224826669682816	-1.2027936629409302	-0.6834044428174006	-0.5386173067638429	0.011961183663047076	1.170184086953233
SBK3	-4.551196259797653	-4.076763669173083	-4.55119625979765	-4.260144718255706	-3.1850650397549636	-1.3747610640904515	-2.055931655016451	-2.5213946733074577
AL592284.1	3.8151985478864088	3.9015473979454725	4.119887631551608	4.3550501659854906	4.7089055340301975	5.156876500266709	5.122039451973544	5.371500679586523
HLA-DPA1	-0.6069972327287144	-0.80309385143558365	-0.5479756910910508	-0.23963670856375538	-0.4782743400406611	2.5636075986077063	4.749128820395393	6.93322371052255
TAPBP	8.357011556088963	8.517360574846	8.577242477323775	8.67791216519896	8.992967758014098	9.728539058906431	9.994479534251173	10.532671432777374
FAM27D1	4.175640452917318	4.214104235125482	4.103917553845902	4.080628668801451	4.250465558872465	3.863535255716677	3.562206840730799	2.3663469711019385
HLA-DQB2	-1.1555002946968507	-1.3880934832764444	-1.6540713869159354	-1.2779327172874988	-0.8886834589575587	0.017756242632739838	0.4297158665890617	-0.48807975653620983
GOLGA8N	5.738205541657036	5.774010513190044	5.860687153155286	5.961350055906084	5.9365096373676405	5.086869640527678	4.448592088924057	3.330314252132273
RP11-126K1.2	-0.732221125539139	0.16242828645414936	0.6021102181396681	0.7960113268501802	0.741301266979279	0.125099441531694	0.05449179149697314	-0.3280304407811497
TNF	1.93433028681362	8.04719664719924	10.04685156091378	9.958043430152745	10.083285239323876	8.921790349756595	8.297162897799534	8.311219782050891
FAM27E3	1.6876799802830251	1.8467763498798577	1.4947627424757188	1.2920324592699426	1.6267571188878889	1.32243898791247	0.5207054872881041	0.02612223714692971
PET117	2.2617713923309712	2.174885853029929	2.2067198312640417	1.9204885291624465	1.3939136161035692	1.1361741311789089	1.494777362341552	1.0467960198520427
RNF224	0.2478965235626166	0.293708828536353	0.49300621751444285	-0.1882286294581511	-0.13570044827432232	0.20270534770282927	-0.47429186351221364	-1.3010926196525219
HIST1H2AM	5.964620143104493	6.0025109290727015	5.845830029670899	5.810435007144841	5.9564031725147775	6.245505584441593	6.413444738963457	3.5891057292065267
FLJ20373	-1.4640231115776718	-0.9903273876090651	-2.040940127759039	-0.8108394768093372	-1.6977099711647172	-3.1726043389329064	-3.7361086960725887	-3.853400172654969
AC011294.3	0.9933044630734076	0.9037210008518964	1.0823119840390028	1.0519359902496586	1.183871102573511	1.7853311348919494	1.8980956057458194	2.3098373138434365
AC139426.2	2.8153058007082663	2.7445736536860843	2.275586644008679	1.9773774882441215	2.1180876569359355	2.064823356256582	1.9423649495349098	1.7404042478413126
HIST1H2BN	5.625549653081936	5.635998888666114	5.445492166059875	5.4354772024247	5.504333384598478	5.560681246037618	5.705115376417304	3.1098721042603277
TRIM26	3.814231070555696	3.890187583393211	3.7969718272544055	3.6254166550795803	3.5664580463376216	5.269907221870492	5.719647529252679	5.313052801475916
C5orf58	-0.1936722880621121	0.7489772997399573	1.8278459628456571	1.692393738460877	1.6813302739308424	1.149581248458698	1.163184745203163	1.0495933298895046
HLA-B	9.034843167344928	9.19450796703473	9.215346343303288	9.334587980133861	9.537574250559523	9.9870028745481	10.206255237810797	11.095018478394483
FAM203A	4.5701831403070585	4.7495115090152	4.627923281498786	4.293828524395639	4.0983877622131715	3.391189215055978	3.469980330920375	3.3125611486774282
PPP1R3E	2.8379347436975464	2.3313761802138897	2.081712305489761	1.7910943484816144	1.6089845744690838	2.215183093370724	2.1902998091681116	2.294867879345354
RP11-383H13.1	2.0529436861162376	2.177951793496546	2.3551053560256787	2.5841321619021445	2.789051166366111	3.6969554541745655	4.04019510910694	4.175081287280946
NFAM1	5.064396793779582	5.132419816507282	5.04228886956531	5.042483495183658	5.094392961862608	5.555835758095558	5.774558712178294	6.180662525208241
KIAA0040	3.844606071917516	4.030744336034456	4.019484256523888	3.928666106162688	4.169287706535634	7.542269451760112	8.35777196843339	7.8736103268602795
B3GALT4	2.0252664595466636	2.036823923132233	1.8343082245087792	1.485928969066571	1.2338628184151488	0.6265025198561922	1.5555901372229122	3.951234655701721
AP001468.1	0.033966745452512326	0.7337419807602366	0.8806040226864513	0.8027610990782978	1.2387527752508514	0.8946103815017163	0.7639015573855599	2.5458944351142625
PNMA6C	1.9026585953957724	1.8541926635259625	1.9624107323485636	1.7389553425592332	1.5296750135128652	0.1689826828960409	-1.4762471811651399	-0.07623198449867594
AC018816.3	-1.9398751152944822	-1.8841932551667495	-2.0108374016717936	-1.6065923324636422	-1.8499613959832863	-0.4383062616790905	-0.5243238423271159	-2.168436151246731
ZBTB22	3.7931617603859484	4.0100726304248795	3.959808002318086	4.006233940530475	4.064744218579314	4.120881673522073	4.275487514231823	4.805880075899223
ARHGEF38	-2.540028015222324	-3.3134430933518635	-3.187528026755222	-2.4975216823145345	-2.349936473679505	-1.675649764250708	-1.0356826636462058	-0.7546639902203979
C5orf27	0.7747768585755899	0.562616126635997	0.9098466778935335	1.5469269283486917	2.10169404224953	2.1812862310236993	1.6967843456194764	0.8374361283228362
C8orf56	-4.026994895130544	-3.4414564561599406	-3.5494048982082695	-3.4326715932396237	-2.895615021276249	-1.8590751102602197	-1.0560865026633823	1.149618493842723
FAM27E1	-0.5427738209712228	-0.8584424651360012	-3.4078321804950935	-1.162670229390888	-1.5092543990387304	-1.871613949494574	-0.8406672553066592	-2.776380700187844
KIFC1	6.740163029740265	6.79473369325467	6.824771105350007	6.68750268022654	6.22515470881882	6.425210047586024	6.873126940101494	4.301957895680999
AL627309.1	5.663275625435304	5.958921186431111	6.117730644165354	6.157364350368473	6.499786466458644	6.7594860459312915	6.49786387947943	6.514722868744924
AMY1A	0.21789400666232908	0.1269314975936864	0.5390605785976924	0.6672665612636184	0.5942928248602815	-0.574520197533894	-1.962685042078552	-1.0921854446414132
OR2W3	1.4537026893854847	1.3602946729893133	1.1905278006188316	1.0237345324180824	0.3190654218903966	-0.1422469735956632	0.5623719196385824	-1.1084255429619396
TXNDC5	6.1816365201921615	6.265330395912713	6.238539858601127	6.277926702796423	6.352288475144467	5.93940280190291	5.497899977919724	4.982140432409137
GATSL3	0.13036815251753495	-0.10347105314090968	-0.030868908587820792	0.061924250999528696	-0.35213929924289	-1.0070481070700454	-1.4844036535230831	-0.45185937953064503
TNFSF12	-0.4585250181617604	-0.04094043912968221	-0.4069266724371836	-0.53418148798878	-0.7500214457093837	-1.1691036580258878	-1.223278251870698	1.1829536177370983
APOBEC3G	3.5998127129777853	3.7376916655525143	3.601859241805487	3.604277464654235	3.8359639614325647	6.215740943864223	6.957144778573467	7.246453577179992
C1orf226	2.581397653408633	2.8502384574525257	2.874389028181798	2.83875406665683	2.7582135358721316	1.997811010505612	1.2706674347733524	2.2936327473805536
LILRA4	-1.7116693552261621	-1.5778239374875889	-2.6738776065843632	-3.9536898241071206	-2.8236992735164437	-1.801063791451324	-1.783928432285333	-2.3534754526756507
LILRA2	5.051540715515465	5.244216924278341	5.1204791422168014	5.199833527876603	5.194237335950676	4.767393854992358	4.567817963277808	2.9824323014341467
PSMB9	5.4398708626499594	5.604237433235493	5.802840433842867	6.149457214057465	6.4695419654694035	7.478138440969579	8.019479851263348	8.230487527511752
PCDHGC3	5.863054051647935	5.873847100052529	5.793112025128231	5.763804997876883	5.702032447509151	5.119682493171476	4.698057434479427	4.239330023790982
SMKR1	-2.12837878445459	-2.1734888501102914	-1.929256928449276	-1.5379206021437213	-2.0370519969699434	-3.4739060353570035	-3.68759607137806	-2.7361158370667837
AQP1	-3.3413776250592093	-2.536738234081641	-2.859267937861504	-1.6516134311450732	-0.20004748176265846	1.2228547725158703	0.8270494753526468	-0.7546639902203979
PNMA2	0.9369446373247519	1.0177809253608974	1.0857230264566078	1.372106043071654	2.209523876822299	2.778455083407974	2.4800095271654228	3.1672869945407287
RDH14	3.1787298117223157	3.0204380288481203	2.8873023129364896	2.7546865033635926	2.864080562848798	4.43564365504394	4.48689535040036	4.2664897929359675
PLCXD2	-1.2609246966652685	-1.640836881794305	-1.7423887184252147	-2.9782922463948953	-3.0042774884422867	-0.16833429128958705	0.14414879421873988	-0.49213219148434995
NSUN6	2.2614462685605106	2.1436740454722236	2.2614106892352077	2.3234911676850434	2.485129758859987	3.200396367233611	3.280962793119969	2.6005184263658467
HLA-DOB	-2.1723874118848068	-1.8271387488622501	-1.227879278974045	-0.5492615638931231	-0.3289983294480566	1.1914606986595935	1.366898166888296	2.025232241578621
PDXP	4.208988840061361	4.502958818628301	4.639822166445428	4.229056838157893	4.017938367050849	2.1686139671941898	2.2882838214513264	1.697542261569952
CD302	5.6756646304063425	5.708488850112004	5.820877309926866	5.868490662788982	5.946450199945486	5.847487505117279	5.416284797218776	2.8991303005190328
PLEKHO2	5.916356247146461	5.805168241239784	5.287153067125473	5.098157431810002	5.343802929707089	7.388141149095535	7.73357539003192	8.978852791692645
C8orf58	1.8637847467342503	2.013793632856738	1.6953748606855568	1.1215860632470804	0.7517634862035649	1.6861560608762636	1.6635281811565994	2.6320710902934037
AKAP2	6.529518571129144	6.538349390244676	6.5737612300329396	6.498230116690774	6.893432661559657	8.408625554124331	8.738478032596404	8.204679655787194
AMACR	2.670542279244621	2.3373135147060444	2.164772211588548	1.9690047733538742	1.5489397834859608	2.2867765527457085	2.705830959727069	2.312035743243616
PCDHGC4	0.26563239761826646	0.5476081674555442	0.0783912706165497	-0.10591386514846918	0.07830185392140845	-0.36819492594685144	-0.4752711446908604	-1.1123693778095727
C15orf38	3.3302792698098393	3.1879972709072657	3.13942987543186	3.161614234009871	2.816295468895639	2.134610130479805	2.336097787986244	3.5615117413932946
SERPINB10	4.1289313022848075	4.290837672018103	4.330640856303316	4.439660923995302	4.481392891682525	4.002310654178386	3.543547541223743	1.1043496074248527
HLA-DMB	0.4932823153750007	0.5929076649534114	0.4657468644016048	0.25610437625429344	0.05928210557911712	1.2745654821689156	3.05249483282895	3.0959692467949003
GNG10	5.575491978426383	5.613663785508144	5.912940273703009	6.045672070417585	6.20618115604241	6.792358229788176	6.745877087189009	6.396212045545211
CNTF	1.0633102549986613	1.1374397532010685	1.2684610575549558	1.632200345868325	1.3916538699037468	1.566868785566292	1.2681055786320725	-0.04212372113163115
CCDC169	0.02481147898579783	-0.013603113678732695	0.0865044675123706	-0.11272238061404638	-0.19878960926149356	-0.49040678878954436	-1.3020688408397036	-2.612467177866052
RGAG4	2.7718054451182104	2.815242863118174	2.6497140912895745	2.6517401108604	2.703520900016171	3.2573043671439583	3.5935607649280916	3.9851712780047475
AP5Z1	5.083381344434002	5.250266584287603	5.355787619044907	5.297341886745443	5.518306271592236	5.424944410916812	5.545827697356026	6.32564537937836
EIF4EBP3	1.0239020567996993	1.1378479806087878	1.2505813866496793	1.3629076775225029	1.5438876923712086	1.2331788836070914	0.6546375176348471	-0.35230686886646473
PCDHAC2	3.801169432279545	3.7583747201479776	3.5465529536216023	3.4197652579721884	3.2988705503286746	4.334399226281506	4.933131418657165	4.760845875341548
EFNA4	1.1912373918876642	1.0224912832037973	0.5235372079306837	-0.0756027609756437	-0.4328992152317136	0.45621060032117755	0.6840210828919877	1.933767540814336
TICAM2	2.0024874830477577	2.203933786996827	2.0941492589825614	2.3929410988185373	3.233330731980936	5.015585332545182	5.3492446404785525	5.6100733130405995
AF165138.7	-3.1025737819835917	-3.107634060811275	-2.848122937326476	-2.123423066592005	-2.145399066622564	-1.1710323820810644	-1.3616999786142934	-0.13436079288782676
NAT6	3.60169146303828	3.699503060550591	3.6607195810778155	3.4090492166979454	3.0986190481166433	2.1746429468704647	1.7958472699982606	1.7461913659284811
CFB	1.4460297443755636	1.794453895831488	2.757502829029466	3.1526068687199107	3.8542085157757136	4.8937976482930186	5.053342694452826	5.616181514961907
WDR92	3.9204178536053904	3.8980397483024753	3.830449179310407	3.8391093623588093	3.6072841738976513	2.972671432767787	3.1080945188156806	2.865915557759438
RP5-966M1.6	1.4568308483985755	1.5550608451099923	1.1787536927785682	0.8537690475938953	1.3521587349049142	3.5482049412004066	4.231488826452785	3.3552586790524215
ZNF512	4.885941727555835	4.713390372073746	4.608553026732711	4.5663459913582916	4.200005204909603	3.8540758285538947	4.079692270914089	4.620475037934584
ACY1	4.050652896875949	4.192430920310384	4.176936735117657	4.132873927729342	4.256354160965902	3.9622927304870643	3.678037696698367	2.6609714795367356
TMEM199	4.457134537878392	4.416923247094045	4.40759128553878	4.3854263486403395	4.361051441803225	4.628767802086987	4.880924344873508	5.4581498085268105
P2RY11	3.8031204485589862	3.9470939764513684	3.682217938258513	3.6303727195190945	3.5745167049242212	3.762768910247111	4.239329857327827	5.311478093735131
IFITM10	2.6053957552312945	2.7358150357110786	2.615635794855228	2.547409054740669	2.703309298523478	2.5752607789807307	2.674257275897263	4.3482623883476705
DBNDD2	3.339265325825371	3.3657877356733312	3.143579701585675	3.1149589104479714	2.9158399022263284	1.9771266367907159	1.6255982326409644	3.6300870669897725
ETV5	6.488486760816839	6.406260443454186	6.256869172542518	5.933656336925356	5.406412400171582	4.957152589965465	5.423521134454784	7.070202374154657
LILRA6	-0.022894045664702302	0.21635863059894198	0.4585495937892393	0.7603992977812093	1.5022488953598576	3.8194213180329273	5.009445479423669	6.534615330705715
SCARF2	0.9984126026174369	1.205585105826596	1.5976739812779341	0.9926797146054174	0.9755699953188675	-0.2782291032171916	-0.5331505940054604	-0.5586895766686841
CTAGE8	0.5146805111426125	-0.16151841765080832	-0.20533565248920954	-1.0661243250049293	-0.03842973655294858	-0.8126520809053306	-0.24730291904675247	0.016054832445699493
C4A	1.3018448760712404	1.6752649956405778	2.2612261315595097	2.802930780921737	3.656000759041491	4.758936020043482	4.706022312500734	5.048430072638411
MARS2	4.012211713216001	3.8903076769883786	3.7772296030248365	3.4985910987137165	3.1289226056805797	2.7554637686378576	3.2068686887172655	3.0429344008206813
USP51	3.0717216486465637	3.0171686543415044	2.609072390683488	1.858096239046416	1.6933188828398988	2.2777359376247324	2.4505014245686683	2.3701724876423977
AC037459.4	-1.0020734027061122	-1.0975094801594019	-1.6713276901241279	-3.445293788481795	-1.7264915701588186	-2.5347059205275526	-4.0341754542800725	-1.9698819561213636
AL139147.1	2.7217033114458773	2.5245373185977558	2.6650490822850186	2.66858398721892	3.0337213378367984	3.515123924302843	3.583279522987218	3.758327981415217
ABHD14A	3.5031626352001863	3.5973367499596907	3.6600162361925133	3.624744851636719	3.7396687470840644	3.5017086971956077	3.4420444991842607	2.3821346667759546
TMEM110-MUSTN1	-0.6799430870613643	-1.4007136442717782	-0.6892304469162047	-0.5227147811593952	-0.6334629905243713	1.192853201694283	2.1143951376563814	3.2277782932762453
RBM14-RBM4	1.7689859102549792	1.7814679694037112	1.7509590099922854	1.4431384313852162	1.3498832649231693	1.3576980466387294	1.4428527634596975	0.9343650573281796
RP11-432B6.3	-0.7881107932950042	-2.9642154780738257	-1.0642166110033948	0.3446220888096535	-1.1134376276059441	-3.1187855113259575	-0.8281434560114409	-4.551196259797647
RP11-766F14.2	-3.108473248782311	-2.316040149962543	-0.8696131458974874	0.018746945525581732	0.8043394746553831	3.0699322759436996	2.8305309960358755	-0.272753120117814
FMN1	2.099010395064457	2.1275427477918836	1.9301755828236844	1.895741324030562	1.5897716642483346	1.1024838719486403	1.2451583893223814	3.4279266592282367
HAUS5	4.182138004972331	4.291110259968487	4.304432146847728	4.295460355083874	4.397219005735142	4.194745204172917	4.113335468979777	2.3556221132038986
ZNF324B	3.264408854277644	3.1656642013116687	2.932270047372011	2.8554404964794644	2.794008149446055	2.675496348515648	2.3751282876411777	1.9904624788747636
THEGL	-4.026994895130545	-3.914821931510927	-3.4730400512863673	-3.662638282565177	-3.6675737379943985	-3.3014477429176132	-2.6289114412976473	-1.2881176418362505
AC145676.2	0.21538368715418008	0.42341818812278725	-0.1891183079915883	-0.5069683289331703	-0.34415464806434554	-0.6616383911745441	-0.42350570432921686	1.4998561185147232
GOLGA8K	1.0417213691845546	0.8640409689978308	1.2956907358175709	1.231774864812387	1.092187357151061	0.8136900708000481	0.04866603120421248	-0.3318897367927356
GPR162	0.8168461250412532	1.1061073431449668	0.8033145414794446	0.5996732347389984	0.551797154671842	-0.38946910738692103	-0.03186888607879754	1.97008203724147
RP11-295K3.1	2.5601366881340404	2.6858141348132287	2.6685900324139284	2.5377430095162734	2.541889141164698	2.6660639757741036	2.517110941518946	4.26351270996186
SEPP1	2.3915855648948363	2.4543892123042945	2.2042191046556714	2.1370358576396487	1.9511907892987916	1.6616710906548373	1.495762407037585	0.09127352600975173
RP11-701P16.2	-1.9657054763911197	1.1513924427991973	1.9312213202815673	1.7847142817958643	1.9512332860059871	0.6307113430370452	0.7235295916418336	0.5082799393443069
TMED7-TICAM2	3.4312417490990725	3.1121902199259166	2.7229335825954424	2.719306503840654	2.4590749389067073	3.913434691637228	4.443959075602751	5.244165168271079
APITD1-CORT	-1.9219470051464107	-2.0488182098668433	-1.332063669105536	-1.1314025172863904	-1.6181655201014675	-1.8265439537351706	-1.5321253731008864	-4.220092180465146
PCDHGA12	2.31679220261101	2.414245222611884	2.273063521868541	2.329857083636533	2.189175396209941	2.1507180759516404	1.5665760392756274	0.8177246089982522
RP11-67H2.1	-4.551196259797653	-4.55119625979765	-4.102728183346459	-4.55119625979765	-4.27579220203401	-3.1068154789129885	-3.2938336623700506	-1.1519774063381003
RP11-122A3.2	2.936333373975395	3.0195522313173484	3.0146761733419223	2.9264677126022827	2.9766250225827457	2.740480030596887	2.4878203836231543	1.7512816775790385
CCDC71L	3.23678152362295	3.468882785351599	3.8064697205981277	4.036594734849462	4.579204605960889	5.475567674842962	5.434105332746902	4.885098674948237
TMEM200B	-2.6996765562392273	-2.4619075463895492	-1.206395485384396	-0.49236482780029633	0.10456940762972924	-1.7811231937922927	-1.8878327025525807	-2.776380700187844
PRKDC	10.248471362783981	10.206278575292735	10.302857226610435	10.280218790739834	10.475650639449196	10.24346261001814	9.832344897158748	8.28640859740734
ETV3L	-3.0682764563970943	-3.2047600867986707	-2.5264755759531003	-0.8610128419918988	0.5716934626100827	3.4843670539037253	4.135349904439236	3.6338975454294578
PCDHGA11	3.063486216505627	3.053497853685303	3.088228842463878	3.051954014547378	3.062545636201736	2.8893808845891704	2.4521619187223846	0.9927464808000211
CLDN23	3.0728782763627414	3.131627843526574	3.0327007034011926	2.757675865647024	2.832008730407119	4.497266818870099	4.539559099166599	4.3537832434322326
LYN	7.300900286117677	7.327087839985454	7.421576499246656	7.743517754909394	8.298509558621236	9.966473745398979	10.2461537211742	10.63794572231571
RP11-758M4.1	0.5519070772013783	0.9494623284029453	1.4079669581974286	1.469608256245695	1.6408328614107668	1.3230243685788219	1.235233859838649	1.1516818343100805
CHKB-CPT1B	1.936466300291609	2.1024661962612696	2.0911084878482704	2.2906320463087373	2.2489217299885524	2.5582905127240068	2.692878899264474	3.9279527282804305
SIGLEC14	3.9915553930684378	3.9701665869170464	3.9060135206852262	3.803296267259248	3.653859496530872	3.4571973481042635	4.332837367776884	5.921839487917929
AP5B1	6.002403330772854	6.314428384299522	6.465998939187802	6.28859620759633	6.329828659994404	7.0764537112433334	7.011445888066028	7.436076112121918
SIGLEC12	0.5401179231642838	1.207231679310837	1.299806204153491	1.2916652485418565	1.693290948009236	2.4232146028335855	2.4350781581127423	0.696541393808174
PABPC4L	1.4066548460511639	1.5129724090647394	1.4709430087649706	1.1366713071899273	0.6154927791020616	1.4022119772851862	1.428646478101697	-0.03141329492150019
AP000783.1	2.049488835909661	2.182653637277312	2.2210913522732785	1.9545082549426387	1.8147775443734036	3.815777767772091	4.26292781963055	3.144509828986931
MEX3A	1.06338134679842	0.9642261041823794	1.1467405840215488	0.8849519653851754	0.33862296393516544	0.15855437924628274	-0.10903863350496401	-0.6471559756436953
RP11-691N7.6	-2.1322381981475544	-2.378663674800274	-1.595864205887454	-1.4840926860276924	-1.0243217166603449	-0.10619191366401667	-0.5975090188288242	-1.514601209694038
CKLF-CMTM1	0.22939611982444055	0.08768128014123236	-0.5260156958020737	-1.0202575981803932	-0.19859960690630868	-0.6053392275661725	0.09564706582305829	0.6647168891593855
SLC22A18AS	1.292961191407898	1.3658610935831885	1.0442923870596743	0.5085399848453305	-0.08802530915990942	-1.0674987566608392	-0.2708404544474401	2.104942157333729
ANKHD1-EIF4EBP3	3.29852728044829	-0.701934868428704	1.1432215033981188	2.009140561619156	0.7567390512435765	3.436579047881824	0.4454320762245034	2.7259213626130405
KIAA0754	4.849020764418981	4.900308091919875	4.891230090739822	4.7667877743761125	4.680976882078852	3.008614286691482	2.4532529604335087	2.5337006155837756
MSH5-SAPCD1	1.5585619426864812	1.1697731915660659	0.9424369312229468	0.8759009999967982	1.4837240838096135	0.22000880951407376	0.28782690381693044	-1.708951463537868
RP11-458D21.5	3.0424136148642167	3.309193081760214	3.3444872978292852	3.8516576371534756	4.736847055027712	3.86328515896303	3.78149797639374	3.6488496825990877
CARD17	-4.126963543323908	-3.796091646439256	-3.8238569624685823	-3.171192282620618	-3.3423496403310544	-1.141891042439252	-0.3116502669713188	0.5201393009589419
AP006621.5	1.2751237686678243	1.0174631857513998	0.8300827817408976	0.39772413200714674	0.41666376625455526	0.3846266340880064	0.32250883622915205	0.17727576056623096
HCAR3	-4.126963543323908	-1.5810630850952418	0.9787167388807062	2.659492439173757	3.409953075614259	2.838511035920664	1.855353558881783	1.0758369084135833
NEDD8-MDP1	-2.8029290170721577	-2.824788563185553	-2.3476393957116857	-0.9728875111189454	-1.1665670144065539	-1.6313821225045517	-3.2938336623700506	-4.551196259797647
FDXACB1	3.200201132833248	3.0399247755165475	3.054751388652513	2.815634991360687	2.4867118403374313	1.7761556565685122	1.8702281258877815	1.9979597500374902
RAB44	5.086855500082827	5.228322581506827	5.194260739081051	5.1197388613007	5.0070100317239845	4.261808519251872	3.7278626326154227	2.210834893359244
PCDHB17	-1.593128786633879	-1.7742680372140816	-1.558507987069488	-0.9732247071883782	-0.6201470720983064	0.6476452381204321	0.3834270933436539	0.22724755117910123
RP11-212D19.4	-4.551196259797653	-2.28810725892814	-3.9149182294154636	-4.55119625979765	-1.9453213137381145	-2.1171889402244357	-3.536187468190817	-2.287659835834537
CTC-435M10.3	-4.551196259797653	-2.688678084299649	0.5037791600324976	0.20625760731193257	1.3819268632859534	-0.5070632307815265	-0.45543229593503304	-4.551196259797647
RP13-512J5.1	1.9601373398041764	1.8383468212943317	1.6541454429976024	1.272849328283166	1.0452377546083027	0.9192710310550939	0.9844649052962594	1.1684942840848807
KLRC4-KLRK1	0.9680939942216588	0.69162083624940085	0.2053465982788142	0.234305068265949	-0.15424916113590087	-3.869999378105665	-3.041917005232783	-3.2727753736390235
TIFAB	5.4905875681315806	5.5498860490947415	5.585595067199671	5.800006135565148	6.2404174381463875	7.764224705944249	8.635684199019238	8.645900872289893
LINC00346	-3.4989380941360495	-1.5892785852550344	0.6958329147924445	1.5280171701003227	1.9600621941423149	0.419964688003323	-1.1700223451114156	-0.9696574647985241
REXO1L10P	0.9399083981537536	0.8331723254527927	0.8090858897344825	0.3777722869852965	0.31152219512759555	-0.5607008371169375	-1.8097610067633387	-4.23802104991916
HIST1H3G	5.226295997346041	5.2921056397225	5.035965342245994	4.766601679502783	4.849758596888353	5.491936166743038	5.700593440589211	2.12115504269701
CTSO	4.2932634246874795	4.332023911413904	4.178852882141102	4.242662305707485	4.342323229114523	5.31172158472061	5.86060673179589	6.612463835736432
SMIM3	0.130186505396714	0.8668689155378596	0.6932328248100554	0.9271251185259994	1.3973925160225513	1.6516366696912859	1.3712711946565088	2.20300026553373
HMBS	4.940618530131539	5.05245706555451	5.0199580945589215	5.05449169840805	4.915653074094939	3.821732726661586	3.7084059724754157	3.444520384894475
HIST1H3F	6.237408637762611	6.388430806899001	6.246017105298215	6.019808271732477	6.135364667996724	6.361464541010548	6.457729655569315	2.8305111559692087
CCL3L3	-0.9390785405480133	4.516603710175207	7.130557624222141	8.272955407638731	8.774632110477228	8.136938838621447	7.4143589522861415	6.351689117286437
POLG2	3.1422341246365164	3.004511064075602	2.8225058294434264	2.5346795853583317	2.190060442271831	1.9543983841132744	2.129972814831402	2.6329102306977763
AC019294.1	1.696204809710736	1.7752229603734877	1.6409952573234678	1.5544113090699496	1.7637986114421897	1.6769029574490735	1.3930069147610784	0.3783510269285715
CLEC12B	-0.667022163009489	-0.9080764324573003	-1.0501120460918467	-1.2083071731062303	-1.3286088265606741	-2.149948183839926	-2.0454633058819587	-2.3346767852981913
ZNF253	5.051694631307991	5.02952919814059	4.727313235466738	4.333025925097019	3.9793963946577273	4.460852431768409	4.4715989052047815	4.310657769365933
CAPNS2	-1.63466199458492	-1.077979126080508	-0.5478254805894298	-1.1951420642842816	-0.2604480197998418	0.23845246357118505	0.1354954561120886	0.46993563700313434
HP	3.7762193059262996	3.9182253270158744	3.791696505583657	3.9517849664863043	4.1228103550617865	4.101650120509855	4.006826476137956	2.444491329464662
C12orf79	-3.4989380941360495	-2.7413000141499086	-2.911791607300435	-3.445293788481795	-2.573285663767546	-1.9035344455284888	-1.1204056170817642	1.2837323497044548
MGAM	0.9145958159592845	0.7619474278413862	0.6350427526139553	0.9648059975306099	1.4939835454046568	2.954073456630921	3.1415296660705962	2.3804137374531966
RP11-603J24.9	3.5107351658110604	3.2525741415975373	3.5501585882011906	3.5889066966772827	3.484454424128696	3.037682247534411	2.5947706433660978	2.2068944072880763
RPL36A-HNRNPH2	-2.055592422061724	-1.3022784737364566	-1.327551545739602	-1.0927078885152655	-2.6230881033321203	-0.3766333845123653	-1.0640759492197298	-4.551196259797647
GALNT4	4.015907954139604	3.9829543911150767	3.936227940388152	3.8946774586046145	3.7316418088770265	4.608562065254907	5.145525986888062	5.704338700787584
RP11-1220K2.2	0.47793574287930907	0.2883869910701194	0.476491723126653	0.674111653320302	0.9392454273189617	2.878031088299537	5.1061653762279615	6.67172466794811
RP11-219B4.6	-4.308332239710236	-1.9335579479029472	-1.4883923458003476	-2.4478308158603745	-1.6554099134583091	-4.034296399799748	-3.156410577123051	-4.220092180465146
CLEC5A	2.656711431950945	2.5763993620208465	2.2261737972963918	2.2115243970268454	2.3479523240034137	3.3960864259535066	3.565552200813225	4.736988980864348
C17orf49	3.412157900127185	3.530195279661325	3.640561140773494	3.9085661914162433	4.099152705863201	4.494337923138335	4.770950543987067	4.568238870845754
PDF	3.4189473524405516	3.436818860159277	3.6258228868584146	3.3386106239852698	3.114671984013981	2.3770747289803476	2.73155281996009	2.46957864506699
SPECC1L-ADORA2A	0.35043421213019005	0.29915726202725323	1.3076845252862719	3.045755763724225	3.1379106802052084	3.745166007174766	3.2836032053732778	3.669607899615282
TRIM34	2.671893156863497	2.7156424790972706	2.416903943533895	2.2784439512953494	2.019996502019776	3.547373873142946	4.433247159242196	5.120942257751112
CTD-2547L24.3	-0.3256662165722368	0.08223981022841692	0.9689940695807213	2.148610744479945	3.1681619404506147	4.694989790912272	4.428083282017203	4.300083735512212
UBE2F-SCLY	0.09336520009414226	-0.015038102333803281	0.20083780325013106	0.48479734574928135	1.578739611153643	1.4088501047007962	1.3569542369601402	1.7286920691821228
RP11-131H24.4	-3.3783971944356272	-2.5349124917063666	-2.848122937326476	-3.2585666206912616	-3.0655180717181283	-0.5921820680884481	-0.362445998874233	-2.8693521078901347
RP11-47I22.4	-0.6595839483524109	-1.01934388893644	0.2367756492387006	0.3245188699228221	0.38846471494423357	-0.2943603619130556	0.26405082620110637	-1.9561116100379867
POC1B-GALNT4	1.7238105168747566	1.8858528350120523	1.9543880826634639	2.2150588441336856	2.611615302516997	3.111203260281994	2.588910626577867	1.5384878032689608
CTD-2116N17.1	1.1561204222482158	0.9657066119181668	0.757363965304895	1.0242808850891065	0.9454125072957096	1.6456503059800884	1.4331024515815551	-0.2619511250187929
CTD-2054N24.2	1.3907616518728234	1.2696518666164172	1.28377904701347	1.0703818426013805	1.2999918527160435	0.9848456096529155	0.29358962432918745	0.10366902506428832
THTPA	3.720718173825495	3.596354055108381	3.4603898008779765	3.457609405043106	3.6007917378133074	4.59105955720174	4.872271442586418	5.196862226940475
RP11-324D17.1	3.9925871238392414	4.036734464987252	4.109731986481702	4.0952794473629615	4.000056313812539	3.4698242467782787	3.0854621228882277	1.8301016329010449
RP11-468E2.4	3.115284776793121	3.685124915169809	3.7536351802939993	3.9319123864979346	4.125701033435762	4.555607593020217	4.40896671213488	4.08522732771743
TGFBR3L	0.8530711832864578	0.9559581347287464	1.1603407048867793	0.8673588261883244	0.8294606670615395	0.26053742158802745	-0.18706305109563864	-0.3937281151827361
RP11-96O20.4	-2.0126990429554286	-4.55119625979765	-1.9326989153151488	-0.9054759769797043	-0.5776895864574871	0.5084272714458684	-0.13336383799975704	0.7481441803651594
RP11-20I23.1	-1.4820159506175556	-2.64623434112205	-0.5987894759703227	-0.320881485829628	-3.1519900410226	-2.374901355450974	-4.551196259797647	-1.6619128452655463
C16orf95	0.6339088883228643	0.9025492680016526	0.9199128263014318	0.6940909902298942	0.5239470708363709	0.7429224026227254	0.2808694827054774	-1.1519774063381003
RP4-576H24.4	0.39939762286137614	0.5847688181977102	0.6310855272415578	-0.028878275636264494	0.5647699130707808	0.654865775607882	1.282833078743733	1.9073162717830126
XKR7	-2.8177896336765746	-2.8238807045742735	-2.2787089175549604	-2.7269439737222534	-1.8374273377881762	-1.2946840166508562	-1.4008944473282026	-0.7107050883371316
RP11-1021N1.1	-0.83847651387818245	-0.3220624858211	0.07131227276278179	-0.7813207591927176	0.30205511720350486	0.2785136724743668	0.4383344630188688	1.2995053412723083
GOLGA8T	2.2263543138265853	2.5781280480528688	2.4962443253972446	2.5040824678074523	2.558344310886369	1.5507188612379657	1.191844073387395	0.2837662068670296
GAN	5.2383818320460085	5.185090264790784	5.14056870382413	5.069185165700776	5.223997197126776	4.877994958696631	4.143970634165727	3.778028013873084
C15orf65	-0.6459640600714623	-0.3359937074733901	-0.8068160912540827	-0.8802579512724746	-1.1377841859263926	-2.0763512498694676	-2.5307024023470333	-1.1246048407558868
GOLGA8S	-0.40915937262517943	-0.4169762616366949	-0.3346065982774075	-0.0799395745016464	-0.23701791391946153	-0.6616383911745441	-1.344176201987134	-1.7641438689477877
CTC-479C5.12	0.016420789749799894	0.026666895165587845	-0.4906804560890026	0.34488741298498016	1.112048377157635	2.124562376206555	2.070746967631091	2.2289087146321958
RP11-676J12.7	1.6539770326398209	1.6426426907605833	1.8148568097791158	1.7759558498168064	1.8793102136428614	1.4748381223491416	0.7615717199018345	-0.36959813044418643
CTC-786C10.1	-1.4765791071481895	-1.2312939938506453	-1.0224826669682816	-1.0997961969131502	-1.2313708435897355	-1.9894256192075779	-3.5232755319803335	-2.633740872102666
MRPL12	5.686244607645865	5.714535476930212	5.784500485073701	5.657432389885499	5.601730266180191	4.608704935143318	4.214966156863231	4.507511576712605
RP11-1055B8.6	3.0514461220123907	3.1860369473637213	3.2929415948528034	2.865442639095143	2.8502707079666525	1.8488004012932606	1.9857704637809546	1.9812788458467536
CTB-133G6.1	2.310486309177595	2.405856925299271	2.4377902562895137	2.2544078287362797	1.8653031864369167	-0.3889161873645723	-1.1621926690537396	-2.8483117021886843
RP11-45M22.4	-1.6111804155849707	-0.729268903904851	-0.39990629547453493	-1.0711420252882649	-1.7264915701588186	-1.429726022664323	-0.30370621626220007	0.17570731187221814
RP11-159D12.5	1.3543533704177557	1.621813555140614	1.3574658732543154	1.4669222007947362	1.6443643642212098	1.0693741544262902	0.6268513176419799	-0.6650597809214842
TBC1D29	1.2836323456022276	0.952475939884718	0.4637949510347935	0.4975705832768216	0.3168937083761385	0.1692097183071215	0.47398828040442215	0.4576234911481496
ZNF850	6.300531279982428	6.391642226251108	6.214889682875298	5.712530906715681	5.473148250486756	5.050273474339795	4.050236537951368	3.5241507645784695
AD000671.6	0.9922693262348805	1.1900182908249197	1.540646442188573	1.2315309466800044	1.3770781836545865	1.9543661456380037	1.674878160184229	3.44901643159146
AC010642.1	4.997511137673312	4.8569294659586815	4.817976353572384	4.872859183588316	4.978156979155726	5.743850987142524	6.0134208349080644	5.812117312674996
AC139100.2	1.1697079280864289	1.1074865599712547	1.0786061902967854	0.9588185110534916	0.823477977543311	0.1655965988542862	-0.18625517444898193	0.5973942360422317
CTB-50L17.14	-0.12791861913533806	-0.02638984557972815	-0.014132000703500514	-0.19022707055309185	9.144806931459248e-4	0.8432677217427917	1.0578168482076329	0.5992297101241447
ZNF285	1.834049023117482	1.3704721411427354	1.2174791204387123	0.9148248188146745	0.8938923409008378	0.9423606817972596	1.1732649314084171	0.6527374259141387
S1PR2	1.5413772277278741	1.485731278556057	0.9959137657954416	0.8848812541330828	1.0933209195711493	2.210998713637172	2.3918941251471635	4.31037072635876
RP5-1052I5.2	1.3032769452570923	1.5147009266286826	1.4014343113224221	1.4766834870703187	1.494901127824127	0.7938035828443333	0.05239178928450153	-1.0300534513825927
CCL15	-1.7406340885106708	-1.9685641766994748	-1.9753144608235707	-1.7000392675766487	-1.0569611830026608	0.11427352514189427	0.7466266570764889	-0.09808454128026955
LIN37	1.3815351235589368	1.421347085118939	1.2275449804054674	1.279910319490268	1.0726302133326864	1.3989577523219976	1.6072926466358353	2.7816295836341993
AL031666.2	-0.16438179326540245	0.33668481372889414	1.2212076948413961	1.4663900940301537	1.2111683157795299	0.29516901941221607	-0.05638933975875096	0.4267762189002322
AP001055.1	-2.886936442321512	-3.597196449588865	-2.1509281064838968	-1.892178629760695	-1.5419517405601395	-0.8537353673435475	-1.1071903895740782	-2.7338561735822458
CATX-2	-4.269858915217961	-4.071629040213432	-4.272325038919773	-4.0022264784647446	-3.076402572588926	-3.13715072122353	-1.9423833260198937	-1.003662757649448
AL161450.1	-3.8251133301468925	-4.55119625979765	-2.600356278928336	-3.6058279435555916	-2.433412911142703	-1.3706197389311505	-1.9051970896151231	-2.3534754526756507
AL590452.1	0.575859662185795	0.6585905048508398	1.2484684451426002	1.4621099752929048	1.8535066136117893	1.37156824262683	1.1658457420050863	1.6156433920893734
AL590714.1	-2.132298169231805	-2.378663674800274	-3.096818005345635	-2.642101039955416	-2.4530009924679175	-1.4063326381217642	-1.0072207584664838	-0.22270791866753006
DKFZP547L112	-1.8679279950457781	-1.7282649073167846	-2.407158296117521	-2.558822144358071	-2.4530009924679175	-4.55119625979765	-2.980511579195167	-1.3887187014344073
AC027228.1	-3.861616103998971	-3.9148219315109274	-2.9835193034252536	-2.552839001173891	-1.8459357464549333	-0.9140641263513041	-1.5753079420764844	-1.3738729749201166
CTD-2207O23.3	3.4343968616913116	3.4142404139757048	3.4299988996112063	3.2970161853438364	2.9604657548065187	1.209969827338588	0.600212973113482	-0.13475034777758266
AL050303.1	-1.4906077881730653	-0.7093645530410284	-1.0977117624437551	-1.159093914085673	-1.5165910664665283	-2.8974666881215283	-2.510804536175436	-0.16055440184102326
AP001362.1	-0.9023465175148775	-1.1345082165422402	-1.3366849796360611	-1.4105618249112233	-1.3500881877615378	-0.8110062326299223	-0.22616067469119316	0.3701249081447275
Z98049.1	0.007468410634498539	-0.05650018175799036	0.03157425856767677	0.07425275935396912	0.4525120405743805	0.9391420573114709	1.1765977919726298	3.087593687847132
AP003733.1	-0.23966985805249158	0.7743558816196596	1.0577402296052751	0.8931773031597886	1.2613069267049852	0.8083721882248689	0.8944681350586595	1.2008414107834797
AC187652.1	0.12962178618082673	0.26784319969024983	-0.5317094441477446	-0.006866670010526779	-0.3678359092250591	-2.0838146461879927	-2.009263462379233	0.47629835288341815
SPIB	2.51272581271075	2.4469821297657837	2.7136536994543734	2.546112754413942	2.523973797431914	2.5475372367502134	2.5877567529221306	4.311748377806836
LRRC3DN	1.730264638035485	1.9518778081743964	1.5976739812779341	1.6371402050379076	1.9321570878739553	3.0327945526044093	3.5594570339175626	2.1587668675031972
AC104057.1	2.374535366639945	2.526546776182621	2.4237819268406513	2.3331235815269453	2.424689983357692	1.913794372142421	1.7703719017546078	1.0013149759728532
AC010441.1	5.109686603154724	5.297384969825751	5.437940841242009	5.360233798055766	5.157474272017934	5.5275086473626445	5.666918223744592	6.245387048956869
CTD-2192J16.20	3.2286429316900493	3.1946730914921577	2.9719172862810694	2.166837468000617	2.0587014650302633	2.958079987330345	3.091608179706472	3.1984359282524704
CTD-3214H19.16	1.0675936255483314	1.1318038471192375	0.7641938392351236	0.7078991007859725	0.519025417980262	0.49017203662478315	-0.14997604054432262	-0.6534430834024321
AC010327.2	1.8849741243320888	1.8189147110478314	1.5581383522704315	0.8789903028195658	1.2540213277584105	1.519408462751815	1.1366747889215918	0.7319014503492273
BIVM-ERCC5	3.9287004555899223	3.8993382155146303	3.9192860762908266	3.874817639688807	3.6535436184245857	2.733488124022891	3.002741977945692	2.38027797933007
MTRNR2L2	0.9607485416338302	0.5166344554936503	0.09979917217742582	1.159482187071876	0.590194219228558	-0.4372969882604325	0.450273377117952	3.1887467319387386
SRXN1	4.1681546816664605	4.1601118186798445	4.134170324986542	4.108986668219526	4.618944505954118	5.910220783574687	5.528507361674949	5.293350175500991
MROH7-TTC4	0.8387724856863212	0.715072481558952	0.6589878402110394	0.7638952182219807	0.7844542493598772	0.9162451558612882	0.21749578565708017	-0.9303896229160694
NUDT3	7.985506680485435	7.965940375921111	7.980073268326251	7.907778951159267	7.946947251416699	7.6937287830241985	7.368213266604179	6.253528841107276
RP11-438J1.1	2.516636096235452	2.7269633201578833	2.7770318259438214	2.6208337384054508	2.7522135346440253	2.4471929328015696	2.407441155185661	3.699858360615424
C6ORF165	-2.6595671704144497	-2.24722612450101	-1.8755260878275617	-1.8695307783175554	-1.9583729002619856	0.8673154456641032	0.032281904616225154	-0.6845469074128623
MUSTN1	-1.1729835415263132	-1.684646407888529	-1.764347215888739	-2.712134391284617	-1.2818300750925582	0.0560778340602735	0.556428289133043	-2.2240043102096205
CTC-487M23.8	-0.9041072160382277	-0.31344728135010863	-0.1409058160506182	0.002376780773904269	0.2942261320785925	0.9524643400557102	1.0023061109595985	0.5900917047861456
RP11-574K11.31	2.2153876217558564	2.4231202809737242	3.1704471525662887	3.2605426242304802	3.396666131384934	3.107173162149131	2.6574586740427	2.966441926915885
RP11-500M8.7	1.3215616521817175	1.4963623414731133	1.1150821143610594	1.5690794660616008	1.7062340809296965	2.225585433290222	2.676543864569644	2.557485352055557
RP11-201K10.3	4.269060977788	4.282616575647236	4.244439201834096	4.39435081836898	4.340947176687786	4.739990812453823	5.127841888082793	6.0986494819936405
